id,fee_id,enrollment_id,amount,payment_date,payment_method,receipt_number,notes,created_at,group_size,rn
1638,1345,1345,25000,2025-09-23 12:44:42.367,CCA,,First Installment - Imported from Excel,2025-09-23 12:44:42.368,5,2
3144,1345,1345,25000,2025-09-23 13:31:12.585,CCA,,First Installment - Imported from Excel,2025-09-23 13:31:12.585,5,3
4650,1345,1345,25000,2025-09-23 14:40:57.33,CCA,,First Installment - Imported from Excel,2025-09-23 14:40:57.331,5,4
6156,1345,1345,25000,2025-09-23 14:54:52.992,CCA,,First Installment - Imported from Excel,2025-09-23 14:54:52.992,5,5
1639,1346,1346,105000,2025-09-23 12:44:42.374,CCA,,First Installment - Imported from Excel,2025-09-23 12:44:42.374,5,2
3145,1346,1346,105000,2025-09-23 13:31:12.59,CCA,,First Installment - Imported from Excel,2025-09-23 13:31:12.59,5,3
4651,1346,1346,105000,2025-09-23 14:40:57.336,CCA,,First Installment - Imported from Excel,2025-09-23 14:40:57.337,5,4
6157,1346,1346,105000,2025-09-23 14:54:52.999,CCA,,First Installment - Imported from Excel,2025-09-23 14:54:53,5,5
3146,1347,1347,25000,2025-09-23 13:31:12.595,CCA,,First Installment - Imported from Excel,2025-09-23 13:31:12.595,4,2
4652,1347,1347,25000,2025-09-23 14:40:57.342,CCA,,First Installment - Imported from Excel,2025-09-23 14:40:57.343,4,3
6158,1347,1347,25000,2025-09-23 14:54:53.012,CCA,,First Installment - Imported from Excel,2025-09-23 14:54:53.013,4,4
3147,1347,1347,80000,2025-09-23 13:31:12.596,CCA,,Second Installment - Imported from Excel,2025-09-23 13:31:12.597,4,2
4653,1347,1347,80000,2025-09-23 14:40:57.343,CCA,,Second Installment - Imported from Excel,2025-09-23 14:40:57.346,4,3
6159,1347,1347,80000,2025-09-23 14:54:53.015,CCA,,Second Installment - Imported from Excel,2025-09-23 14:54:53.015,4,4
3148,1348,1348,25000,2025-09-23 13:31:12.605,CCA,,First Installment - Imported from Excel,2025-09-23 13:31:12.606,4,2
4654,1348,1348,25000,2025-09-23 14:40:57.352,CCA,,First Installment - Imported from Excel,2025-09-23 14:40:57.353,4,3
6160,1348,1348,25000,2025-09-23 14:54:53.024,CCA,,First Installment - Imported from Excel,2025-09-23 14:54:53.025,4,4
3149,1348,1348,80000,2025-09-23 13:31:12.606,CCA,,Second Installment - Imported from Excel,2025-09-23 13:31:12.607,4,2
4655,1348,1348,80000,2025-09-23 14:40:57.354,CCA,,Second Installment - Imported from Excel,2025-09-23 14:40:57.355,4,3
6161,1348,1348,80000,2025-09-23 14:54:53.026,CCA,,Second Installment - Imported from Excel,2025-09-23 14:54:53.027,4,4
1644,1349,1349,25000,2025-09-23 12:44:42.399,CCA,,First Installment - Imported from Excel,2025-09-23 12:44:42.4,5,2
3150,1349,1349,25000,2025-09-23 13:31:12.612,CCA,,First Installment - Imported from Excel,2025-09-23 13:31:12.613,5,3
4656,1349,1349,25000,2025-09-23 14:40:57.361,CCA,,First Installment - Imported from Excel,2025-09-23 14:40:57.362,5,4
6162,1349,1349,25000,2025-09-23 14:54:53.033,CCA,,First Installment - Imported from Excel,2025-09-23 14:54:53.034,5,5
1645,1350,1350,175000,2025-09-23 12:44:42.407,CCA,,First Installment - Imported from Excel,2025-09-23 12:44:42.407,5,2
3151,1350,1350,175000,2025-09-23 13:31:12.618,CCA,,First Installment - Imported from Excel,2025-09-23 13:31:12.618,5,3
4657,1350,1350,175000,2025-09-23 14:40:57.367,CCA,,First Installment - Imported from Excel,2025-09-23 14:40:57.368,5,4
6163,1350,1350,175000,2025-09-23 14:54:53.043,CCA,,First Installment - Imported from Excel,2025-09-23 14:54:53.044,5,5
1646,1351,1351,25000,2025-09-23 12:44:42.413,CCA,,First Installment - Imported from Excel,2025-09-23 12:44:42.414,5,2
3152,1351,1351,25000,2025-09-23 13:31:12.623,CCA,,First Installment - Imported from Excel,2025-09-23 13:31:12.623,5,3
4658,1351,1351,25000,2025-09-23 14:40:57.374,CCA,,First Installment - Imported from Excel,2025-09-23 14:40:57.374,5,4
6164,1351,1351,25000,2025-09-23 14:54:53.054,CCA,,First Installment - Imported from Excel,2025-09-23 14:54:53.055,5,5
3153,1352,1352,25000,2025-09-23 13:31:12.627,CCA,,First Installment - Imported from Excel,2025-09-23 13:31:12.628,4,2
4659,1352,1352,25000,2025-09-23 14:40:57.38,CCA,,First Installment - Imported from Excel,2025-09-23 14:40:57.381,4,3
6165,1352,1352,25000,2025-09-23 14:54:53.061,CCA,,First Installment - Imported from Excel,2025-09-23 14:54:53.062,4,4
3154,1352,1352,150000,2025-09-23 13:31:12.628,CCA,,Second Installment - Imported from Excel,2025-09-23 13:31:12.629,4,2
4660,1352,1352,150000,2025-09-23 14:40:57.381,CCA,,Second Installment - Imported from Excel,2025-09-23 14:40:57.382,4,3
6166,1352,1352,150000,2025-09-23 14:54:53.063,CCA,,Second Installment - Imported from Excel,2025-09-23 14:54:53.063,4,4
3155,1354,1354,25000,2025-09-23 13:31:12.633,CCA,,First Installment - Imported from Excel,2025-09-23 13:31:12.633,4,2
4661,1354,1354,25000,2025-09-23 14:40:57.388,CCA,,First Installment - Imported from Excel,2025-09-23 14:40:57.388,4,3
6167,1354,1354,25000,2025-09-23 14:54:53.07,CCA,,First Installment - Imported from Excel,2025-09-23 14:54:53.071,4,4
3156,1354,1354,100000,2025-09-23 13:31:12.634,CCA,,Second Installment - Imported from Excel,2025-09-23 13:31:12.634,4,2
4662,1354,1354,100000,2025-09-23 14:40:57.389,CCA,,Second Installment - Imported from Excel,2025-09-23 14:40:57.39,4,3
6168,1354,1354,100000,2025-09-23 14:54:53.072,CCA,,Second Installment - Imported from Excel,2025-09-23 14:54:53.073,4,4
3159,1355,1355,20000,2025-09-23 13:31:12.64,CCA,,Third Installment - Imported from Excel,2025-09-23 13:31:12.641,4,2
4665,1355,1355,20000,2025-09-23 14:40:57.403,CCA,,Third Installment - Imported from Excel,2025-09-23 14:40:57.404,4,3
6171,1355,1355,20000,2025-09-23 14:54:53.084,CCA,,Third Installment - Imported from Excel,2025-09-23 14:54:53.085,4,4
3157,1355,1355,25000,2025-09-23 13:31:12.638,CCA,,First Installment - Imported from Excel,2025-09-23 13:31:12.639,4,2
4663,1355,1355,25000,2025-09-23 14:40:57.4,CCA,,First Installment - Imported from Excel,2025-09-23 14:40:57.401,4,3
6169,1355,1355,25000,2025-09-23 14:54:53.081,CCA,,First Installment - Imported from Excel,2025-09-23 14:54:53.081,4,4
3158,1355,1355,60000,2025-09-23 13:31:12.639,CCA,,Second Installment - Imported from Excel,2025-09-23 13:31:12.64,4,2
4664,1355,1355,60000,2025-09-23 14:40:57.402,CCA,,Second Installment - Imported from Excel,2025-09-23 14:40:57.402,4,3
6170,1355,1355,60000,2025-09-23 14:54:53.083,CCA,,Second Installment - Imported from Excel,2025-09-23 14:54:53.083,4,4
3160,1356,1356,25000,2025-09-23 13:31:12.645,CCA,,First Installment - Imported from Excel,2025-09-23 13:31:12.646,4,2
4666,1356,1356,25000,2025-09-23 14:40:57.418,CCA,,First Installment - Imported from Excel,2025-09-23 14:40:57.419,4,3
6172,1356,1356,25000,2025-09-23 14:54:53.093,CCA,,First Installment - Imported from Excel,2025-09-23 14:54:53.094,4,4
3161,1356,1356,100000,2025-09-23 13:31:12.646,CCA,,Second Installment - Imported from Excel,2025-09-23 13:31:12.647,4,2
4667,1356,1356,100000,2025-09-23 14:40:57.42,CCA,,Second Installment - Imported from Excel,2025-09-23 14:40:57.421,4,3
6173,1356,1356,100000,2025-09-23 14:54:53.095,CCA,,Second Installment - Imported from Excel,2025-09-23 14:54:53.096,4,4
1656,1357,1357,25000,2025-09-23 12:44:42.453,CCA,,First Installment - Imported from Excel,2025-09-23 12:44:42.453,5,2
3162,1357,1357,25000,2025-09-23 13:31:12.653,CCA,,First Installment - Imported from Excel,2025-09-23 13:31:12.654,5,3
4668,1357,1357,25000,2025-09-23 14:40:57.43,CCA,,First Installment - Imported from Excel,2025-09-23 14:40:57.431,5,4
6174,1357,1357,25000,2025-09-23 14:54:53.105,CCA,,First Installment - Imported from Excel,2025-09-23 14:54:53.106,5,5
3163,1357,1357,80000,2025-09-23 13:31:12.655,CCA,,Second Installment - Imported from Excel,2025-09-23 13:31:12.655,4,2
4669,1357,1357,80000,2025-09-23 14:40:57.433,CCA,,Second Installment - Imported from Excel,2025-09-23 14:40:57.434,4,3
6175,1357,1357,80000,2025-09-23 14:54:53.107,CCA,,Second Installment - Imported from Excel,2025-09-23 14:54:53.108,4,4
1658,1358,1358,175000,2025-09-23 12:44:42.46,CCA,,First Installment - Imported from Excel,2025-09-23 12:44:42.461,5,2
3164,1358,1358,175000,2025-09-23 13:31:12.662,CCA,,First Installment - Imported from Excel,2025-09-23 13:31:12.663,5,3
4670,1358,1358,175000,2025-09-23 14:40:57.439,CCA,,First Installment - Imported from Excel,2025-09-23 14:40:57.44,5,4
6176,1358,1358,175000,2025-09-23 14:54:53.117,CCA,,First Installment - Imported from Excel,2025-09-23 14:54:53.118,5,5
1659,1359,1359,25000,2025-09-23 12:44:42.467,CCA,,First Installment - Imported from Excel,2025-09-23 12:44:42.467,5,2
3165,1359,1359,25000,2025-09-23 13:31:12.669,CCA,,First Installment - Imported from Excel,2025-09-23 13:31:12.669,5,3
4671,1359,1359,25000,2025-09-23 14:40:57.451,CCA,,First Installment - Imported from Excel,2025-09-23 14:40:57.452,5,4
6177,1359,1359,25000,2025-09-23 14:54:53.126,CCA,,First Installment - Imported from Excel,2025-09-23 14:54:53.127,5,5
1660,1360,1360,25000,2025-09-23 12:44:42.474,CCA,,First Installment - Imported from Excel,2025-09-23 12:44:42.475,5,2
3166,1360,1360,25000,2025-09-23 13:31:12.675,CCA,,First Installment - Imported from Excel,2025-09-23 13:31:12.676,5,3
4672,1360,1360,25000,2025-09-23 14:40:57.458,CCA,,First Installment - Imported from Excel,2025-09-23 14:40:57.459,5,4
6178,1360,1360,25000,2025-09-23 14:54:53.134,CCA,,First Installment - Imported from Excel,2025-09-23 14:54:53.134,5,5
3167,1361,1361,25000,2025-09-23 13:31:12.68,CCA,,First Installment - Imported from Excel,2025-09-23 13:31:12.681,4,2
4673,1361,1361,25000,2025-09-23 14:40:57.47,CCA,,First Installment - Imported from Excel,2025-09-23 14:40:57.471,4,3
6179,1361,1361,25000,2025-09-23 14:54:53.142,CCA,,First Installment - Imported from Excel,2025-09-23 14:54:53.143,4,4
3168,1361,1361,80000,2025-09-23 13:31:12.681,CCA,,Second Installment - Imported from Excel,2025-09-23 13:31:12.682,4,2
4674,1361,1361,80000,2025-09-23 14:40:57.473,CCA,,Second Installment - Imported from Excel,2025-09-23 14:40:57.474,4,3
6180,1361,1361,80000,2025-09-23 14:54:53.144,CCA,,Second Installment - Imported from Excel,2025-09-23 14:54:53.145,4,4
1663,1362,1362,125000,2025-09-23 12:44:42.485,CCA,,First Installment - Imported from Excel,2025-09-23 12:44:42.486,5,2
3169,1362,1362,125000,2025-09-23 13:31:12.686,CCA,,First Installment - Imported from Excel,2025-09-23 13:31:12.687,5,3
4675,1362,1362,125000,2025-09-23 14:40:57.485,CCA,,First Installment - Imported from Excel,2025-09-23 14:40:57.485,5,4
6181,1362,1362,125000,2025-09-23 14:54:53.154,CCA,,First Installment - Imported from Excel,2025-09-23 14:54:53.155,5,5
3170,1363,1363,25000,2025-09-23 13:31:12.692,CCA,,First Installment - Imported from Excel,2025-09-23 13:31:12.693,4,2
4676,1363,1363,25000,2025-09-23 14:40:57.492,CCA,,First Installment - Imported from Excel,2025-09-23 14:40:57.492,4,3
6182,1363,1363,25000,2025-09-23 14:54:53.164,CCA,,First Installment - Imported from Excel,2025-09-23 14:54:53.164,4,4
3171,1363,1363,80000,2025-09-23 13:31:12.693,CCA,,Second Installment - Imported from Excel,2025-09-23 13:31:12.694,4,2
4677,1363,1363,80000,2025-09-23 14:40:57.493,CCA,,Second Installment - Imported from Excel,2025-09-23 14:40:57.494,4,3
6183,1363,1363,80000,2025-09-23 14:54:53.165,CCA,,Second Installment - Imported from Excel,2025-09-23 14:54:53.166,4,4
3172,1364,1364,25000,2025-09-23 13:31:12.699,CCA,,First Installment - Imported from Excel,2025-09-23 13:31:12.7,4,2
4678,1364,1364,25000,2025-09-23 14:40:57.499,CCA,,First Installment - Imported from Excel,2025-09-23 14:40:57.5,4,3
6184,1364,1364,25000,2025-09-23 14:54:53.171,CCA,,First Installment - Imported from Excel,2025-09-23 14:54:53.172,4,4
3173,1364,1364,80000,2025-09-23 13:31:12.701,CCA,,Second Installment - Imported from Excel,2025-09-23 13:31:12.701,4,2
4679,1364,1364,80000,2025-09-23 14:40:57.5,CCA,,Second Installment - Imported from Excel,2025-09-23 14:40:57.501,4,3
6185,1364,1364,80000,2025-09-23 14:54:53.172,CCA,,Second Installment - Imported from Excel,2025-09-23 14:54:53.173,4,4
3174,1365,1365,25000,2025-09-23 13:31:12.707,CCA,,First Installment - Imported from Excel,2025-09-23 13:31:12.708,4,2
4680,1365,1365,25000,2025-09-23 14:40:57.508,CCA,,First Installment - Imported from Excel,2025-09-23 14:40:57.509,4,3
6186,1365,1365,25000,2025-09-23 14:54:53.177,CCA,,First Installment - Imported from Excel,2025-09-23 14:54:53.178,4,4
3176,1365,1365,30000,2025-09-23 13:31:12.71,CCA,,Third Installment - Imported from Excel,2025-09-23 13:31:12.71,4,2
4682,1365,1365,30000,2025-09-23 14:40:57.512,CCA,,Third Installment - Imported from Excel,2025-09-23 14:40:57.513,4,3
6188,1365,1365,30000,2025-09-23 14:54:53.181,CCA,,Third Installment - Imported from Excel,2025-09-23 14:54:53.182,4,4
3175,1365,1365,50000,2025-09-23 13:31:12.709,CCA,,Second Installment - Imported from Excel,2025-09-23 13:31:12.709,4,2
4681,1365,1365,50000,2025-09-23 14:40:57.51,CCA,,Second Installment - Imported from Excel,2025-09-23 14:40:57.511,4,3
6187,1365,1365,50000,2025-09-23 14:54:53.179,CCA,,Second Installment - Imported from Excel,2025-09-23 14:54:53.179,4,4
1671,1366,1366,25000,2025-09-23 12:44:42.515,CCA,,First Installment - Imported from Excel,2025-09-23 12:44:42.515,5,2
3177,1366,1366,25000,2025-09-23 13:31:12.717,CCA,,First Installment - Imported from Excel,2025-09-23 13:31:12.718,5,3
4683,1366,1366,25000,2025-09-23 14:40:57.52,CCA,,First Installment - Imported from Excel,2025-09-23 14:40:57.521,5,4
6189,1366,1366,25000,2025-09-23 14:54:53.188,CCA,,First Installment - Imported from Excel,2025-09-23 14:54:53.189,5,5
3178,1367,1367,25000,2025-09-23 13:31:12.723,CCA,,First Installment - Imported from Excel,2025-09-23 13:31:12.724,4,2
4684,1367,1367,25000,2025-09-23 14:40:57.526,CCA,,First Installment - Imported from Excel,2025-09-23 14:40:57.527,4,3
6190,1367,1367,25000,2025-09-23 14:54:53.198,CCA,,First Installment - Imported from Excel,2025-09-23 14:54:53.198,4,4
3179,1367,1367,100000,2025-09-23 13:31:12.725,CCA,,Second Installment - Imported from Excel,2025-09-23 13:31:12.725,4,2
4685,1367,1367,100000,2025-09-23 14:40:57.527,CCA,,Second Installment - Imported from Excel,2025-09-23 14:40:57.528,4,3
6191,1367,1367,100000,2025-09-23 14:54:53.199,CCA,,Second Installment - Imported from Excel,2025-09-23 14:54:53.2,4,4
1674,1368,1368,175000,2025-09-23 12:44:42.526,CCA,,First Installment - Imported from Excel,2025-09-23 12:44:42.527,5,2
3180,1368,1368,175000,2025-09-23 13:31:12.73,CCA,,First Installment - Imported from Excel,2025-09-23 13:31:12.73,5,3
4686,1368,1368,175000,2025-09-23 14:40:57.533,CCA,,First Installment - Imported from Excel,2025-09-23 14:40:57.534,5,4
6192,1368,1368,175000,2025-09-23 14:54:53.206,CCA,,First Installment - Imported from Excel,2025-09-23 14:54:53.206,5,5
1675,1369,1369,175000,2025-09-23 12:44:42.531,CCA,,First Installment - Imported from Excel,2025-09-23 12:44:42.532,5,2
3181,1369,1369,175000,2025-09-23 13:31:12.735,CCA,,First Installment - Imported from Excel,2025-09-23 13:31:12.735,5,3
4687,1369,1369,175000,2025-09-23 14:40:57.539,CCA,,First Installment - Imported from Excel,2025-09-23 14:40:57.539,5,4
6193,1369,1369,175000,2025-09-23 14:54:53.215,CCA,,First Installment - Imported from Excel,2025-09-23 14:54:53.216,5,5
3182,1370,1370,25000,2025-09-23 13:31:12.739,CCA,,First Installment - Imported from Excel,2025-09-23 13:31:12.74,4,2
4688,1370,1370,25000,2025-09-23 14:40:57.545,CCA,,First Installment - Imported from Excel,2025-09-23 14:40:57.546,4,3
6194,1370,1370,25000,2025-09-23 14:54:53.223,CCA,,First Installment - Imported from Excel,2025-09-23 14:54:53.224,4,4
3183,1370,1370,80000,2025-09-23 13:31:12.741,CCA,,Second Installment - Imported from Excel,2025-09-23 13:31:12.741,4,2
4689,1370,1370,80000,2025-09-23 14:40:57.547,CCA,,Second Installment - Imported from Excel,2025-09-23 14:40:57.548,4,3
6195,1370,1370,80000,2025-09-23 14:54:53.225,CCA,,Second Installment - Imported from Excel,2025-09-23 14:54:53.225,4,4
1678,1371,1371,25000,2025-09-23 12:44:42.543,CCA,,First Installment - Imported from Excel,2025-09-23 12:44:42.543,5,2
3184,1371,1371,25000,2025-09-23 13:31:12.747,CCA,,First Installment - Imported from Excel,2025-09-23 13:31:12.747,5,3
4690,1371,1371,25000,2025-09-23 14:40:57.554,CCA,,First Installment - Imported from Excel,2025-09-23 14:40:57.555,5,4
6196,1371,1371,25000,2025-09-23 14:54:53.231,CCA,,First Installment - Imported from Excel,2025-09-23 14:54:53.232,5,5
3185,1372,1372,25000,2025-09-23 13:31:12.754,CCA,,First Installment - Imported from Excel,2025-09-23 13:31:12.755,4,2
4691,1372,1372,25000,2025-09-23 14:40:57.56,CCA,,First Installment - Imported from Excel,2025-09-23 14:40:57.561,4,3
6197,1372,1372,25000,2025-09-23 14:54:53.237,CCA,,First Installment - Imported from Excel,2025-09-23 14:54:53.238,4,4
3186,1372,1372,80000,2025-09-23 13:31:12.755,CCA,,Second Installment - Imported from Excel,2025-09-23 13:31:12.756,4,2
4692,1372,1372,80000,2025-09-23 14:40:57.562,CCA,,Second Installment - Imported from Excel,2025-09-23 14:40:57.563,4,3
6198,1372,1372,80000,2025-09-23 14:54:53.238,CCA,,Second Installment - Imported from Excel,2025-09-23 14:54:53.239,4,4
1681,1373,1373,25000,2025-09-23 12:44:42.552,CCA,,First Installment - Imported from Excel,2025-09-23 12:44:42.552,5,2
3187,1373,1373,25000,2025-09-23 13:31:12.761,CCA,,First Installment - Imported from Excel,2025-09-23 13:31:12.762,5,3
4693,1373,1373,25000,2025-09-23 14:40:57.571,CCA,,First Installment - Imported from Excel,2025-09-23 14:40:57.572,5,4
6199,1373,1373,25000,2025-09-23 14:54:53.245,CCA,,First Installment - Imported from Excel,2025-09-23 14:54:53.246,5,5
3188,1374,1374,25000,2025-09-23 13:31:12.766,CCA,,First Installment - Imported from Excel,2025-09-23 13:31:12.767,4,2
4694,1374,1374,25000,2025-09-23 14:40:57.579,CCA,,First Installment - Imported from Excel,2025-09-23 14:40:57.58,4,3
6200,1374,1374,25000,2025-09-23 14:54:53.254,CCA,,First Installment - Imported from Excel,2025-09-23 14:54:53.254,4,4
3189,1374,1374,80000,2025-09-23 13:31:12.767,CCA,,Second Installment - Imported from Excel,2025-09-23 13:31:12.768,4,2
4695,1374,1374,80000,2025-09-23 14:40:57.582,CCA,,Second Installment - Imported from Excel,2025-09-23 14:40:57.582,4,3
6201,1374,1374,80000,2025-09-23 14:54:53.256,CCA,,Second Installment - Imported from Excel,2025-09-23 14:54:53.257,4,4
3190,1375,1375,25000,2025-09-23 13:31:12.773,CCA,,First Installment - Imported from Excel,2025-09-23 13:31:12.773,4,2
4696,1375,1375,25000,2025-09-23 14:40:57.59,CCA,,First Installment - Imported from Excel,2025-09-23 14:40:57.591,4,3
6202,1375,1375,25000,2025-09-23 14:54:53.267,CCA,,First Installment - Imported from Excel,2025-09-23 14:54:53.268,4,4
3191,1375,1375,80000,2025-09-23 13:31:12.774,CCA,,Second Installment - Imported from Excel,2025-09-23 13:31:12.775,4,2
4697,1375,1375,80000,2025-09-23 14:40:57.592,CCA,,Second Installment - Imported from Excel,2025-09-23 14:40:57.592,4,3
6203,1375,1375,80000,2025-09-23 14:54:53.269,CCA,,Second Installment - Imported from Excel,2025-09-23 14:54:53.27,4,4
3192,1376,1376,25000,2025-09-23 13:31:12.779,CCA,,First Installment - Imported from Excel,2025-09-23 13:31:12.779,4,2
4698,1376,1376,25000,2025-09-23 14:40:57.597,CCA,,First Installment - Imported from Excel,2025-09-23 14:40:57.598,4,3
6204,1376,1376,25000,2025-09-23 14:54:53.277,CCA,,First Installment - Imported from Excel,2025-09-23 14:54:53.278,4,4
3193,1376,1376,150000,2025-09-23 13:31:12.78,CCA,,Second Installment - Imported from Excel,2025-09-23 13:31:12.78,4,2
4699,1376,1376,150000,2025-09-23 14:40:57.599,CCA,,Second Installment - Imported from Excel,2025-09-23 14:40:57.6,4,3
6205,1376,1376,150000,2025-09-23 14:54:53.279,CCA,,Second Installment - Imported from Excel,2025-09-23 14:54:53.279,4,4
1688,1377,1377,25000,2025-09-23 12:44:42.58,CCA,,First Installment - Imported from Excel,2025-09-23 12:44:42.58,5,2
3194,1377,1377,25000,2025-09-23 13:31:12.784,CCA,,First Installment - Imported from Excel,2025-09-23 13:31:12.785,5,3
4700,1377,1377,25000,2025-09-23 14:40:57.607,CCA,,First Installment - Imported from Excel,2025-09-23 14:40:57.608,5,4
6206,1377,1377,25000,2025-09-23 14:54:53.286,CCA,,First Installment - Imported from Excel,2025-09-23 14:54:53.287,5,5
1689,1378,1378,70000,2025-09-23 12:44:42.585,CCA,,First Installment - Imported from Excel,2025-09-23 12:44:42.586,5,2
3195,1378,1378,70000,2025-09-23 13:31:12.789,CCA,,First Installment - Imported from Excel,2025-09-23 13:31:12.79,5,3
4701,1378,1378,70000,2025-09-23 14:40:57.618,CCA,,First Installment - Imported from Excel,2025-09-23 14:40:57.619,5,4
6207,1378,1378,70000,2025-09-23 14:54:53.294,CCA,,First Installment - Imported from Excel,2025-09-23 14:54:53.295,5,5
1690,1379,1379,100000,2025-09-23 12:44:42.591,CCA,,First Installment - Imported from Excel,2025-09-23 12:44:42.591,5,2
3196,1379,1379,100000,2025-09-23 13:31:12.794,CCA,,First Installment - Imported from Excel,2025-09-23 13:31:12.794,5,3
4702,1379,1379,100000,2025-09-23 14:40:57.626,CCA,,First Installment - Imported from Excel,2025-09-23 14:40:57.627,5,4
6208,1379,1379,100000,2025-09-23 14:54:53.305,CCA,,First Installment - Imported from Excel,2025-09-23 14:54:53.306,5,5
3197,1380,1380,25000,2025-09-23 13:31:12.799,CCA,,First Installment - Imported from Excel,2025-09-23 13:31:12.8,4,2
4703,1380,1380,25000,2025-09-23 14:40:57.634,CCA,,First Installment - Imported from Excel,2025-09-23 14:40:57.635,4,3
6209,1380,1380,25000,2025-09-23 14:54:53.314,CCA,,First Installment - Imported from Excel,2025-09-23 14:54:53.315,4,4
3198,1380,1380,80000,2025-09-23 13:31:12.8,CCA,,Second Installment - Imported from Excel,2025-09-23 13:31:12.801,4,2
4704,1380,1380,80000,2025-09-23 14:40:57.636,CCA,,Second Installment - Imported from Excel,2025-09-23 14:40:57.637,4,3
6210,1380,1380,80000,2025-09-23 14:54:53.316,CCA,,Second Installment - Imported from Excel,2025-09-23 14:54:53.317,4,4
1693,1381,1381,25000,2025-09-23 12:44:42.605,CCA,,First Installment - Imported from Excel,2025-09-23 12:44:42.606,5,2
3199,1381,1381,25000,2025-09-23 13:31:12.805,CCA,,First Installment - Imported from Excel,2025-09-23 13:31:12.806,5,3
4705,1381,1381,25000,2025-09-23 14:40:57.646,CCA,,First Installment - Imported from Excel,2025-09-23 14:40:57.646,5,4
6211,1381,1381,25000,2025-09-23 14:54:53.324,CCA,,First Installment - Imported from Excel,2025-09-23 14:54:53.324,5,5
3200,1382,1382,25000,2025-09-23 13:31:12.811,CCA,,First Installment - Imported from Excel,2025-09-23 13:31:12.811,4,2
4706,1382,1382,25000,2025-09-23 14:40:57.653,CCA,,First Installment - Imported from Excel,2025-09-23 14:40:57.654,4,3
6212,1382,1382,25000,2025-09-23 14:54:53.331,CCA,,First Installment - Imported from Excel,2025-09-23 14:54:53.332,4,4
3201,1382,1382,125000,2025-09-23 13:31:12.812,CCA,,Second Installment - Imported from Excel,2025-09-23 13:31:12.813,4,2
4707,1382,1382,125000,2025-09-23 14:40:57.656,CCA,,Second Installment - Imported from Excel,2025-09-23 14:40:57.657,4,3
6213,1382,1382,125000,2025-09-23 14:54:53.332,CCA,,Second Installment - Imported from Excel,2025-09-23 14:54:53.333,4,4
1696,1383,1383,175000,2025-09-23 12:44:42.617,CCA,,First Installment - Imported from Excel,2025-09-23 12:44:42.617,5,2
3202,1383,1383,175000,2025-09-23 13:31:12.818,CCA,,First Installment - Imported from Excel,2025-09-23 13:31:12.819,5,3
4708,1383,1383,175000,2025-09-23 14:40:57.665,CCA,,First Installment - Imported from Excel,2025-09-23 14:40:57.666,5,4
6214,1383,1383,175000,2025-09-23 14:54:53.338,CCA,,First Installment - Imported from Excel,2025-09-23 14:54:53.339,5,5
1697,1384,1384,25000,2025-09-23 12:44:42.622,CCA,,First Installment - Imported from Excel,2025-09-23 12:44:42.622,5,2
3203,1384,1384,25000,2025-09-23 13:31:12.826,CCA,,First Installment - Imported from Excel,2025-09-23 13:31:12.826,5,3
4709,1384,1384,25000,2025-09-23 14:40:57.673,CCA,,First Installment - Imported from Excel,2025-09-23 14:40:57.674,5,4
6215,1384,1384,25000,2025-09-23 14:54:53.346,CCA,,First Installment - Imported from Excel,2025-09-23 14:54:53.347,5,5
1698,1385,1385,105000,2025-09-23 12:44:42.627,CCA,,First Installment - Imported from Excel,2025-09-23 12:44:42.627,5,2
3204,1385,1385,105000,2025-09-23 13:31:12.832,CCA,,First Installment - Imported from Excel,2025-09-23 13:31:12.833,5,3
4710,1385,1385,105000,2025-09-23 14:40:57.682,CCA,,First Installment - Imported from Excel,2025-09-23 14:40:57.682,5,4
6216,1385,1385,105000,2025-09-23 14:54:53.353,CCA,,First Installment - Imported from Excel,2025-09-23 14:54:53.353,5,5
1699,1386,1386,175000,2025-09-23 12:44:42.632,CCA,,First Installment - Imported from Excel,2025-09-23 12:44:42.633,5,2
3205,1386,1386,175000,2025-09-23 13:31:12.839,CCA,,First Installment - Imported from Excel,2025-09-23 13:31:12.84,5,3
4711,1386,1386,175000,2025-09-23 14:40:57.688,CCA,,First Installment - Imported from Excel,2025-09-23 14:40:57.689,5,4
6217,1386,1386,175000,2025-09-23 14:54:53.359,CCA,,First Installment - Imported from Excel,2025-09-23 14:54:53.36,5,5
1700,1387,1387,175000,2025-09-23 12:44:42.637,CCA,,First Installment - Imported from Excel,2025-09-23 12:44:42.638,5,2
3206,1387,1387,175000,2025-09-23 13:31:12.846,CCA,,First Installment - Imported from Excel,2025-09-23 13:31:12.846,5,3
4712,1387,1387,175000,2025-09-23 14:40:57.694,CCA,,First Installment - Imported from Excel,2025-09-23 14:40:57.694,5,4
6218,1387,1387,175000,2025-09-23 14:54:53.367,CCA,,First Installment - Imported from Excel,2025-09-23 14:54:53.367,5,5
3207,1388,1388,25000,2025-09-23 13:31:12.852,CCA,,First Installment - Imported from Excel,2025-09-23 13:31:12.853,4,2
4713,1388,1388,25000,2025-09-23 14:40:57.699,CCA,,First Installment - Imported from Excel,2025-09-23 14:40:57.7,4,3
6219,1388,1388,25000,2025-09-23 14:54:53.374,CCA,,First Installment - Imported from Excel,2025-09-23 14:54:53.374,4,4
3208,1388,1388,80000,2025-09-23 13:31:12.855,CCA,,Second Installment - Imported from Excel,2025-09-23 13:31:12.855,4,2
4714,1388,1388,80000,2025-09-23 14:40:57.7,CCA,,Second Installment - Imported from Excel,2025-09-23 14:40:57.701,4,3
6220,1388,1388,80000,2025-09-23 14:54:53.375,CCA,,Second Installment - Imported from Excel,2025-09-23 14:54:53.376,4,4
1703,1389,1389,175000,2025-09-23 12:44:42.648,CCA,,First Installment - Imported from Excel,2025-09-23 12:44:42.648,5,2
3209,1389,1389,175000,2025-09-23 13:31:12.861,CCA,,First Installment - Imported from Excel,2025-09-23 13:31:12.862,5,3
4715,1389,1389,175000,2025-09-23 14:40:57.706,CCA,,First Installment - Imported from Excel,2025-09-23 14:40:57.707,5,4
6221,1389,1389,175000,2025-09-23 14:54:53.381,CCA,,First Installment - Imported from Excel,2025-09-23 14:54:53.382,5,5
3210,1390,1390,25000,2025-09-23 13:31:12.867,CCA,,First Installment - Imported from Excel,2025-09-23 13:31:12.868,4,2
4716,1390,1390,25000,2025-09-23 14:40:57.712,CCA,,First Installment - Imported from Excel,2025-09-23 14:40:57.712,4,3
6222,1390,1390,25000,2025-09-23 14:54:53.391,CCA,,First Installment - Imported from Excel,2025-09-23 14:54:53.391,4,4
3211,1390,1390,150000,2025-09-23 13:31:12.868,CCA,,Second Installment - Imported from Excel,2025-09-23 13:31:12.869,4,2
4717,1390,1390,150000,2025-09-23 14:40:57.713,CCA,,Second Installment - Imported from Excel,2025-09-23 14:40:57.714,4,3
6223,1390,1390,150000,2025-09-23 14:54:53.392,CCA,,Second Installment - Imported from Excel,2025-09-23 14:54:53.393,4,4
1706,1391,1391,75000,2025-09-23 12:44:42.659,CCA,,First Installment - Imported from Excel,2025-09-23 12:44:42.659,5,2
3212,1391,1391,75000,2025-09-23 13:31:12.874,CCA,,First Installment - Imported from Excel,2025-09-23 13:31:12.875,5,3
4718,1391,1391,75000,2025-09-23 14:40:57.718,CCA,,First Installment - Imported from Excel,2025-09-23 14:40:57.719,5,4
6224,1391,1391,75000,2025-09-23 14:54:53.4,CCA,,First Installment - Imported from Excel,2025-09-23 14:54:53.401,5,5
1707,1392,1392,100000,2025-09-23 12:44:42.664,CCA,,First Installment - Imported from Excel,2025-09-23 12:44:42.665,5,2
3213,1392,1392,100000,2025-09-23 13:31:12.88,CCA,,First Installment - Imported from Excel,2025-09-23 13:31:12.881,5,3
4719,1392,1392,100000,2025-09-23 14:40:57.725,CCA,,First Installment - Imported from Excel,2025-09-23 14:40:57.725,5,4
6225,1392,1392,100000,2025-09-23 14:54:53.409,CCA,,First Installment - Imported from Excel,2025-09-23 14:54:53.41,5,5
1708,1393,1393,100000,2025-09-23 12:44:42.669,CCA,,First Installment - Imported from Excel,2025-09-23 12:44:42.67,5,2
3214,1393,1393,100000,2025-09-23 13:31:12.886,CCA,,First Installment - Imported from Excel,2025-09-23 13:31:12.886,5,3
4720,1393,1393,100000,2025-09-23 14:40:57.731,CCA,,First Installment - Imported from Excel,2025-09-23 14:40:57.732,5,4
6226,1393,1393,100000,2025-09-23 14:54:53.422,CCA,,First Installment - Imported from Excel,2025-09-23 14:54:53.423,5,5
3215,1394,1394,50000,2025-09-23 13:31:12.89,CCA,,First Installment - Imported from Excel,2025-09-23 13:31:12.891,4,2
4721,1394,1394,50000,2025-09-23 14:40:57.737,CCA,,First Installment - Imported from Excel,2025-09-23 14:40:57.738,4,3
6227,1394,1394,50000,2025-09-23 14:54:53.43,CCA,,First Installment - Imported from Excel,2025-09-23 14:54:53.431,4,4
3216,1394,1394,55000,2025-09-23 13:31:12.893,CCA,,Second Installment - Imported from Excel,2025-09-23 13:31:12.894,4,2
4722,1394,1394,55000,2025-09-23 14:40:57.739,CCA,,Second Installment - Imported from Excel,2025-09-23 14:40:57.74,4,3
6228,1394,1394,55000,2025-09-23 14:54:53.432,CCA,,Second Installment - Imported from Excel,2025-09-23 14:54:53.432,4,4
1711,1395,1395,25000,2025-09-23 12:44:42.68,CCA,,First Installment - Imported from Excel,2025-09-23 12:44:42.681,5,2
3217,1395,1395,25000,2025-09-23 13:31:12.898,CCA,,First Installment - Imported from Excel,2025-09-23 13:31:12.899,5,3
4723,1395,1395,25000,2025-09-23 14:40:57.75,CCA,,First Installment - Imported from Excel,2025-09-23 14:40:57.751,5,4
6229,1395,1395,25000,2025-09-23 14:54:53.437,CCA,,First Installment - Imported from Excel,2025-09-23 14:54:53.438,5,5
1712,1396,1396,185000,2025-09-23 12:44:42.686,CCA,,First Installment - Imported from Excel,2025-09-23 12:44:42.686,5,2
3218,1396,1396,185000,2025-09-23 13:31:12.904,CCA,,First Installment - Imported from Excel,2025-09-23 13:31:12.905,5,3
4724,1396,1396,185000,2025-09-23 14:40:57.757,CCA,,First Installment - Imported from Excel,2025-09-23 14:40:57.758,5,4
6230,1396,1396,185000,2025-09-23 14:54:53.443,CCA,,First Installment - Imported from Excel,2025-09-23 14:54:53.444,5,5
1713,1397,1397,25000,2025-09-23 12:44:42.691,CCA,,First Installment - Imported from Excel,2025-09-23 12:44:42.692,5,2
3219,1397,1397,25000,2025-09-23 13:31:12.913,CCA,,First Installment - Imported from Excel,2025-09-23 13:31:12.913,5,3
4725,1397,1397,25000,2025-09-23 14:40:57.766,CCA,,First Installment - Imported from Excel,2025-09-23 14:40:57.767,5,4
6231,1397,1397,25000,2025-09-23 14:54:53.449,CCA,,First Installment - Imported from Excel,2025-09-23 14:54:53.45,5,5
3137,1397,1397,80000,2025-09-23 13:31:12.393,CCA,,First Installment - Imported from Excel,2025-09-23 13:31:12.394,4,2
4643,1397,1397,80000,2025-09-23 14:40:57.144,CCA,,First Installment - Imported from Excel,2025-09-23 14:40:57.145,4,3
6149,1397,1397,80000,2025-09-23 14:54:52.751,CCA,,First Installment - Imported from Excel,2025-09-23 14:54:52.752,4,4
3220,1398,1398,25000,2025-09-23 13:31:12.918,CCA,,First Installment - Imported from Excel,2025-09-23 13:31:12.919,4,2
4726,1398,1398,25000,2025-09-23 14:40:57.774,CCA,,First Installment - Imported from Excel,2025-09-23 14:40:57.775,4,3
6232,1398,1398,25000,2025-09-23 14:54:53.457,CCA,,First Installment - Imported from Excel,2025-09-23 14:54:53.458,4,4
3221,1398,1398,80000,2025-09-23 13:31:12.92,CCA,,Second Installment - Imported from Excel,2025-09-23 13:31:12.92,4,2
4727,1398,1398,80000,2025-09-23 14:40:57.776,CCA,,Second Installment - Imported from Excel,2025-09-23 14:40:57.776,4,3
6233,1398,1398,80000,2025-09-23 14:54:53.459,CCA,,Second Installment - Imported from Excel,2025-09-23 14:54:53.46,4,4
3223,1399,1399,25000,2025-09-23 13:31:12.927,CCA,,Second Installment - Imported from Excel,2025-09-23 13:31:12.927,4,2
4729,1399,1399,25000,2025-09-23 14:40:57.785,CCA,,Second Installment - Imported from Excel,2025-09-23 14:40:57.786,4,3
6235,1399,1399,25000,2025-09-23 14:54:53.468,CCA,,Second Installment - Imported from Excel,2025-09-23 14:54:53.468,4,4
3222,1399,1399,175000,2025-09-23 13:31:12.925,CCA,,First Installment - Imported from Excel,2025-09-23 13:31:12.926,4,2
4728,1399,1399,175000,2025-09-23 14:40:57.784,CCA,,First Installment - Imported from Excel,2025-09-23 14:40:57.785,4,3
6234,1399,1399,175000,2025-09-23 14:54:53.466,CCA,,First Installment - Imported from Excel,2025-09-23 14:54:53.467,4,4
1718,1400,1400,25000,2025-09-23 12:44:42.708,CCA,,First Installment - Imported from Excel,2025-09-23 12:44:42.709,5,2
3224,1400,1400,25000,2025-09-23 13:31:12.932,CCA,,First Installment - Imported from Excel,2025-09-23 13:31:12.933,5,3
4730,1400,1400,25000,2025-09-23 14:40:57.793,CCA,,First Installment - Imported from Excel,2025-09-23 14:40:57.794,5,4
6236,1400,1400,25000,2025-09-23 14:54:53.474,CCA,,First Installment - Imported from Excel,2025-09-23 14:54:53.475,5,5
1719,1401,1401,100000,2025-09-23 12:44:42.713,CCA,,First Installment - Imported from Excel,2025-09-23 12:44:42.714,5,2
3225,1401,1401,100000,2025-09-23 13:31:12.938,CCA,,First Installment - Imported from Excel,2025-09-23 13:31:12.939,5,3
4731,1401,1401,100000,2025-09-23 14:40:57.799,CCA,,First Installment - Imported from Excel,2025-09-23 14:40:57.8,5,4
6237,1401,1401,100000,2025-09-23 14:54:53.48,CCA,,First Installment - Imported from Excel,2025-09-23 14:54:53.481,5,5
3227,1402,1402,25300,2025-09-23 13:31:12.947,CCA,,Second Installment - Imported from Excel,2025-09-23 13:31:12.948,4,2
4733,1402,1402,25300,2025-09-23 14:40:57.807,CCA,,Second Installment - Imported from Excel,2025-09-23 14:40:57.807,4,3
6239,1402,1402,25300,2025-09-23 14:54:53.492,CCA,,Second Installment - Imported from Excel,2025-09-23 14:54:53.493,4,4
3226,1402,1402,150000,2025-09-23 13:31:12.946,CCA,,First Installment - Imported from Excel,2025-09-23 13:31:12.946,4,2
4732,1402,1402,150000,2025-09-23 14:40:57.805,CCA,,First Installment - Imported from Excel,2025-09-23 14:40:57.806,4,3
6238,1402,1402,150000,2025-09-23 14:54:53.49,CCA,,First Installment - Imported from Excel,2025-09-23 14:54:53.491,4,4
1722,1403,1403,25000,2025-09-23 12:44:42.727,CCA,,First Installment - Imported from Excel,2025-09-23 12:44:42.728,3,2
3228,1403,1403,25000,2025-09-23 13:31:12.954,CCA,,First Installment - Imported from Excel,2025-09-23 13:31:12.955,3,3
3304,1403,1403,100000,2025-09-23 13:31:13.261,CCA,,First Installment - Imported from Excel,2025-09-23 13:31:13.263,2,2
1723,1404,1404,25000,2025-09-23 12:44:42.734,CCA,,First Installment - Imported from Excel,2025-09-23 12:44:42.734,5,2
3229,1404,1404,25000,2025-09-23 13:31:12.959,CCA,,First Installment - Imported from Excel,2025-09-23 13:31:12.96,5,3
4735,1404,1404,25000,2025-09-23 14:40:57.818,CCA,,First Installment - Imported from Excel,2025-09-23 14:40:57.819,5,4
6241,1404,1404,25000,2025-09-23 14:54:53.505,CCA,,First Installment - Imported from Excel,2025-09-23 14:54:53.506,5,5
1724,1405,1405,100000,2025-09-23 12:44:42.739,CCA,,First Installment - Imported from Excel,2025-09-23 12:44:42.74,5,2
3230,1405,1405,100000,2025-09-23 13:31:12.964,CCA,,First Installment - Imported from Excel,2025-09-23 13:31:12.965,5,3
4736,1405,1405,100000,2025-09-23 14:40:57.825,CCA,,First Installment - Imported from Excel,2025-09-23 14:40:57.826,5,4
6242,1405,1405,100000,2025-09-23 14:54:53.514,CCA,,First Installment - Imported from Excel,2025-09-23 14:54:53.514,5,5
3231,1406,1406,25000,2025-09-23 13:31:12.969,CCA,,First Installment - Imported from Excel,2025-09-23 13:31:12.97,4,2
4737,1406,1406,25000,2025-09-23 14:40:57.835,CCA,,First Installment - Imported from Excel,2025-09-23 14:40:57.836,4,3
6243,1406,1406,25000,2025-09-23 14:54:53.521,CCA,,First Installment - Imported from Excel,2025-09-23 14:54:53.522,4,4
3232,1406,1406,150000,2025-09-23 13:31:12.97,CCA,,Second Installment - Imported from Excel,2025-09-23 13:31:12.971,4,2
4738,1406,1406,150000,2025-09-23 14:40:57.837,CCA,,Second Installment - Imported from Excel,2025-09-23 14:40:57.838,4,3
6244,1406,1406,150000,2025-09-23 14:54:53.523,CCA,,Second Installment - Imported from Excel,2025-09-23 14:54:53.524,4,4
3233,1407,1407,25000,2025-09-23 13:31:12.976,CCA,,First Installment - Imported from Excel,2025-09-23 13:31:12.977,4,2
4739,1407,1407,25000,2025-09-23 14:40:57.844,CCA,,First Installment - Imported from Excel,2025-09-23 14:40:57.845,4,3
6245,1407,1407,25000,2025-09-23 14:54:53.529,CCA,,First Installment - Imported from Excel,2025-09-23 14:54:53.53,4,4
3234,1407,1407,150000,2025-09-23 13:31:12.978,CCA,,Second Installment - Imported from Excel,2025-09-23 13:31:12.978,4,2
4740,1407,1407,150000,2025-09-23 14:40:57.846,CCA,,Second Installment - Imported from Excel,2025-09-23 14:40:57.847,4,3
6246,1407,1407,150000,2025-09-23 14:54:53.531,CCA,,Second Installment - Imported from Excel,2025-09-23 14:54:53.532,4,4
1731,1408,1408,25000,2025-09-23 12:44:42.765,CCA,,Third Installment - Imported from Excel,2025-09-23 12:44:42.765,8,2
3235,1408,1408,25000,2025-09-23 13:31:12.983,CCA,,First Installment - Imported from Excel,2025-09-23 13:31:12.984,8,3
3237,1408,1408,25000,2025-09-23 13:31:12.986,CCA,,Third Installment - Imported from Excel,2025-09-23 13:31:12.986,8,4
4741,1408,1408,25000,2025-09-23 14:40:57.852,CCA,,First Installment - Imported from Excel,2025-09-23 14:40:57.853,8,5
4743,1408,1408,25000,2025-09-23 14:40:57.854,CCA,,Third Installment - Imported from Excel,2025-09-23 14:40:57.855,8,6
6247,1408,1408,25000,2025-09-23 14:54:53.54,CCA,,First Installment - Imported from Excel,2025-09-23 14:54:53.54,8,7
6249,1408,1408,25000,2025-09-23 14:54:53.543,CCA,,Third Installment - Imported from Excel,2025-09-23 14:54:53.544,8,8
3236,1408,1408,50000,2025-09-23 13:31:12.985,CCA,,Second Installment - Imported from Excel,2025-09-23 13:31:12.985,4,2
4742,1408,1408,50000,2025-09-23 14:40:57.853,CCA,,Second Installment - Imported from Excel,2025-09-23 14:40:57.854,4,3
6248,1408,1408,50000,2025-09-23 14:54:53.542,CCA,,Second Installment - Imported from Excel,2025-09-23 14:54:53.543,4,4
1732,1409,1409,34000,2025-09-23 12:44:42.772,CCA,,First Installment - Imported from Excel,2025-09-23 12:44:42.773,5,2
3238,1409,1409,34000,2025-09-23 13:31:12.992,CCA,,First Installment - Imported from Excel,2025-09-23 13:31:12.992,5,3
4744,1409,1409,34000,2025-09-23 14:40:57.861,CCA,,First Installment - Imported from Excel,2025-09-23 14:40:57.862,5,4
6250,1409,1409,34000,2025-09-23 14:54:53.549,CCA,,First Installment - Imported from Excel,2025-09-23 14:54:53.549,5,5
1733,1410,1410,100000,2025-09-23 12:44:42.778,CCA,,First Installment - Imported from Excel,2025-09-23 12:44:42.779,5,2
3239,1410,1410,100000,2025-09-23 13:31:12.997,CCA,,First Installment - Imported from Excel,2025-09-23 13:31:12.998,5,3
4745,1410,1410,100000,2025-09-23 14:40:57.869,CCA,,First Installment - Imported from Excel,2025-09-23 14:40:57.87,5,4
6251,1410,1410,100000,2025-09-23 14:54:53.556,CCA,,First Installment - Imported from Excel,2025-09-23 14:54:53.557,5,5
3241,1411,1411,85000,2025-09-23 13:31:13.005,CCA,,Second Installment - Imported from Excel,2025-09-23 13:31:13.006,4,2
4747,1411,1411,85000,2025-09-23 14:40:57.878,CCA,,Second Installment - Imported from Excel,2025-09-23 14:40:57.878,4,3
6253,1411,1411,85000,2025-09-23 14:54:53.565,CCA,,Second Installment - Imported from Excel,2025-09-23 14:54:53.565,4,4
3240,1411,1411,90000,2025-09-23 13:31:13.004,CCA,,First Installment - Imported from Excel,2025-09-23 13:31:13.004,4,2
4746,1411,1411,90000,2025-09-23 14:40:57.876,CCA,,First Installment - Imported from Excel,2025-09-23 14:40:57.877,4,3
6252,1411,1411,90000,2025-09-23 14:54:53.563,CCA,,First Installment - Imported from Excel,2025-09-23 14:54:53.564,4,4
3242,1412,1412,25000,2025-09-23 13:31:13.01,CCA,,First Installment - Imported from Excel,2025-09-23 13:31:13.01,4,2
4748,1412,1412,25000,2025-09-23 14:40:57.884,CCA,,First Installment - Imported from Excel,2025-09-23 14:40:57.885,4,3
6254,1412,1412,25000,2025-09-23 14:54:53.571,CCA,,First Installment - Imported from Excel,2025-09-23 14:54:53.572,4,4
3243,1412,1412,100000,2025-09-23 13:31:13.011,CCA,,Second Installment - Imported from Excel,2025-09-23 13:31:13.011,4,2
4749,1412,1412,100000,2025-09-23 14:40:57.886,CCA,,Second Installment - Imported from Excel,2025-09-23 14:40:57.886,4,3
6255,1412,1412,100000,2025-09-23 14:54:53.573,CCA,,Second Installment - Imported from Excel,2025-09-23 14:54:53.573,4,4
3244,1413,1413,25000,2025-09-23 13:31:13.015,CCA,,First Installment - Imported from Excel,2025-09-23 13:31:13.016,4,2
4750,1413,1413,25000,2025-09-23 14:40:57.894,CCA,,First Installment - Imported from Excel,2025-09-23 14:40:57.895,4,3
6256,1413,1413,25000,2025-09-23 14:54:53.579,CCA,,First Installment - Imported from Excel,2025-09-23 14:54:53.58,4,4
3245,1413,1413,80000,2025-09-23 13:31:13.016,CCA,,Second Installment - Imported from Excel,2025-09-23 13:31:13.017,4,2
4751,1413,1413,80000,2025-09-23 14:40:57.896,CCA,,Second Installment - Imported from Excel,2025-09-23 14:40:57.897,4,3
6257,1413,1413,80000,2025-09-23 14:54:53.58,CCA,,Second Installment - Imported from Excel,2025-09-23 14:54:53.581,4,4
1740,1414,1414,80000,2025-09-23 12:44:42.804,CCA,,First Installment - Imported from Excel,2025-09-23 12:44:42.804,5,2
3246,1414,1414,80000,2025-09-23 13:31:13.021,CCA,,First Installment - Imported from Excel,2025-09-23 13:31:13.022,5,3
4752,1414,1414,80000,2025-09-23 14:40:57.905,CCA,,First Installment - Imported from Excel,2025-09-23 14:40:57.906,5,4
6258,1414,1414,80000,2025-09-23 14:54:53.592,CCA,,First Installment - Imported from Excel,2025-09-23 14:54:53.593,5,5
1741,1415,1415,100000,2025-09-23 12:44:42.81,CCA,,First Installment - Imported from Excel,2025-09-23 12:44:42.81,5,2
3247,1415,1415,100000,2025-09-23 13:31:13.026,CCA,,First Installment - Imported from Excel,2025-09-23 13:31:13.027,5,3
4753,1415,1415,100000,2025-09-23 14:40:57.913,CCA,,First Installment - Imported from Excel,2025-09-23 14:40:57.914,5,4
6259,1415,1415,100000,2025-09-23 14:54:53.6,CCA,,First Installment - Imported from Excel,2025-09-23 14:54:53.601,5,5
1742,1416,1416,25000,2025-09-23 12:44:42.818,CCA,,First Installment - Imported from Excel,2025-09-23 12:44:42.819,5,2
3248,1416,1416,25000,2025-09-23 13:31:13.03,CCA,,First Installment - Imported from Excel,2025-09-23 13:31:13.031,5,3
4754,1416,1416,25000,2025-09-23 14:40:57.921,CCA,,First Installment - Imported from Excel,2025-09-23 14:40:57.922,5,4
6260,1416,1416,25000,2025-09-23 14:54:53.607,CCA,,First Installment - Imported from Excel,2025-09-23 14:54:53.608,5,5
3250,1417,1417,25000,2025-09-23 13:31:13.036,CCA,,Second Installment - Imported from Excel,2025-09-23 13:31:13.037,4,2
4756,1417,1417,25000,2025-09-23 14:40:57.929,CCA,,Second Installment - Imported from Excel,2025-09-23 14:40:57.93,4,3
6262,1417,1417,25000,2025-09-23 14:54:53.615,CCA,,Second Installment - Imported from Excel,2025-09-23 14:54:53.616,4,4
3249,1417,1417,133000,2025-09-23 13:31:13.035,CCA,,First Installment - Imported from Excel,2025-09-23 13:31:13.036,4,2
4755,1417,1417,133000,2025-09-23 14:40:57.928,CCA,,First Installment - Imported from Excel,2025-09-23 14:40:57.929,4,3
6261,1417,1417,133000,2025-09-23 14:54:53.614,CCA,,First Installment - Imported from Excel,2025-09-23 14:54:53.615,4,4
3251,1418,1418,25000,2025-09-23 13:31:13.041,CCA,,First Installment - Imported from Excel,2025-09-23 13:31:13.042,4,2
4757,1418,1418,25000,2025-09-23 14:40:57.935,CCA,,First Installment - Imported from Excel,2025-09-23 14:40:57.936,4,3
6263,1418,1418,25000,2025-09-23 14:54:53.622,CCA,,First Installment - Imported from Excel,2025-09-23 14:54:53.623,4,4
3252,1418,1418,80000,2025-09-23 13:31:13.043,CCA,,Second Installment - Imported from Excel,2025-09-23 13:31:13.043,4,2
4758,1418,1418,80000,2025-09-23 14:40:57.936,CCA,,Second Installment - Imported from Excel,2025-09-23 14:40:57.937,4,3
6264,1418,1418,80000,2025-09-23 14:54:53.624,CCA,,Second Installment - Imported from Excel,2025-09-23 14:54:53.625,4,4
1747,1419,1419,25000,2025-09-23 12:44:42.847,CCA,,First Installment - Imported from Excel,2025-09-23 12:44:42.848,5,2
3253,1419,1419,25000,2025-09-23 13:31:13.048,CCA,,First Installment - Imported from Excel,2025-09-23 13:31:13.049,5,3
4759,1419,1419,25000,2025-09-23 14:40:57.944,CCA,,First Installment - Imported from Excel,2025-09-23 14:40:57.944,5,4
6265,1419,1419,25000,2025-09-23 14:54:53.632,CCA,,First Installment - Imported from Excel,2025-09-23 14:54:53.632,5,5
3254,1420,1420,25000,2025-09-23 13:31:13.055,CCA,,First Installment - Imported from Excel,2025-09-23 13:31:13.056,4,2
4760,1420,1420,25000,2025-09-23 14:40:57.95,CCA,,First Installment - Imported from Excel,2025-09-23 14:40:57.951,4,3
6266,1420,1420,25000,2025-09-23 14:54:53.637,CCA,,First Installment - Imported from Excel,2025-09-23 14:54:53.639,4,4
3255,1420,1420,74000,2025-09-23 13:31:13.057,CCA,,Second Installment - Imported from Excel,2025-09-23 13:31:13.058,4,2
4761,1420,1420,74000,2025-09-23 14:40:57.952,CCA,,Second Installment - Imported from Excel,2025-09-23 14:40:57.952,4,3
6267,1420,1420,74000,2025-09-23 14:54:53.64,CCA,,Second Installment - Imported from Excel,2025-09-23 14:54:53.641,4,4
1750,1421,1421,175000,2025-09-23 12:44:42.861,CCA,,First Installment - Imported from Excel,2025-09-23 12:44:42.862,5,2
3256,1421,1421,175000,2025-09-23 13:31:13.063,CCA,,First Installment - Imported from Excel,2025-09-23 13:31:13.064,5,3
4762,1421,1421,175000,2025-09-23 14:40:57.957,CCA,,First Installment - Imported from Excel,2025-09-23 14:40:57.957,5,4
6268,1421,1421,175000,2025-09-23 14:54:53.649,CCA,,First Installment - Imported from Excel,2025-09-23 14:54:53.65,5,5
3257,1422,1422,50000,2025-09-23 13:31:13.068,CCA,,First Installment - Imported from Excel,2025-09-23 13:31:13.068,4,2
4763,1422,1422,50000,2025-09-23 14:40:57.962,CCA,,First Installment - Imported from Excel,2025-09-23 14:40:57.963,4,3
6269,1422,1422,50000,2025-09-23 14:54:53.657,CCA,,First Installment - Imported from Excel,2025-09-23 14:54:53.658,4,4
3258,1422,1422,55000,2025-09-23 13:31:13.069,CCA,,Second Installment - Imported from Excel,2025-09-23 13:31:13.07,4,2
4764,1422,1422,55000,2025-09-23 14:40:57.963,CCA,,Second Installment - Imported from Excel,2025-09-23 14:40:57.964,4,3
6270,1422,1422,55000,2025-09-23 14:54:53.659,CCA,,Second Installment - Imported from Excel,2025-09-23 14:54:53.659,4,4
3259,1423,1423,25000,2025-09-23 13:31:13.075,CCA,,First Installment - Imported from Excel,2025-09-23 13:31:13.075,4,2
4765,1423,1423,25000,2025-09-23 14:40:57.97,CCA,,First Installment - Imported from Excel,2025-09-23 14:40:57.971,4,3
6271,1423,1423,25000,2025-09-23 14:54:53.665,CCA,,First Installment - Imported from Excel,2025-09-23 14:54:53.666,4,4
3260,1423,1423,80000,2025-09-23 13:31:13.076,CCA,,Second Installment - Imported from Excel,2025-09-23 13:31:13.077,4,2
4766,1423,1423,80000,2025-09-23 14:40:57.971,CCA,,Second Installment - Imported from Excel,2025-09-23 14:40:57.972,4,3
6272,1423,1423,80000,2025-09-23 14:54:53.667,CCA,,Second Installment - Imported from Excel,2025-09-23 14:54:53.667,4,4
1755,1424,1424,25000,2025-09-23 12:44:42.88,CCA,,First Installment - Imported from Excel,2025-09-23 12:44:42.88,5,2
3261,1424,1424,25000,2025-09-23 13:31:13.081,CCA,,First Installment - Imported from Excel,2025-09-23 13:31:13.082,5,3
4767,1424,1424,25000,2025-09-23 14:40:57.976,CCA,,First Installment - Imported from Excel,2025-09-23 14:40:57.977,5,4
6273,1424,1424,25000,2025-09-23 14:54:53.674,CCA,,First Installment - Imported from Excel,2025-09-23 14:54:53.674,5,5
1756,1425,1425,25000,2025-09-23 12:44:42.885,CCA,,First Installment - Imported from Excel,2025-09-23 12:44:42.886,5,2
3262,1425,1425,25000,2025-09-23 13:31:13.086,CCA,,First Installment - Imported from Excel,2025-09-23 13:31:13.087,5,3
4768,1425,1425,25000,2025-09-23 14:40:57.984,CCA,,First Installment - Imported from Excel,2025-09-23 14:40:57.985,5,4
6274,1425,1425,25000,2025-09-23 14:54:53.683,CCA,,First Installment - Imported from Excel,2025-09-23 14:54:53.684,5,5
3263,1426,1426,25000,2025-09-23 13:31:13.092,CCA,,First Installment - Imported from Excel,2025-09-23 13:31:13.092,4,2
4769,1426,1426,25000,2025-09-23 14:40:57.991,CCA,,First Installment - Imported from Excel,2025-09-23 14:40:57.991,4,3
6275,1426,1426,25000,2025-09-23 14:54:53.692,CCA,,First Installment - Imported from Excel,2025-09-23 14:54:53.692,4,4
3264,1426,1426,80000,2025-09-23 13:31:13.093,CCA,,Second Installment - Imported from Excel,2025-09-23 13:31:13.093,4,2
4770,1426,1426,80000,2025-09-23 14:40:57.992,CCA,,Second Installment - Imported from Excel,2025-09-23 14:40:57.993,4,3
6276,1426,1426,80000,2025-09-23 14:54:53.693,CCA,,Second Installment - Imported from Excel,2025-09-23 14:54:53.694,4,4
1760,1427,1427,25000,2025-09-23 12:44:42.9,CCA,,Second Installment - Imported from Excel,2025-09-23 12:44:42.901,8,2
3265,1427,1427,25000,2025-09-23 13:31:13.098,CCA,,First Installment - Imported from Excel,2025-09-23 13:31:13.099,8,3
3266,1427,1427,25000,2025-09-23 13:31:13.099,CCA,,Second Installment - Imported from Excel,2025-09-23 13:31:13.1,8,4
4771,1427,1427,25000,2025-09-23 14:40:57.999,CCA,,First Installment - Imported from Excel,2025-09-23 14:40:58,8,5
4772,1427,1427,25000,2025-09-23 14:40:58.003,CCA,,Second Installment - Imported from Excel,2025-09-23 14:40:58.004,8,6
6277,1427,1427,25000,2025-09-23 14:54:53.703,CCA,,First Installment - Imported from Excel,2025-09-23 14:54:53.704,8,7
6278,1427,1427,25000,2025-09-23 14:54:53.705,CCA,,Second Installment - Imported from Excel,2025-09-23 14:54:53.705,8,8
1761,1428,1428,25000,2025-09-23 12:44:42.907,CCA,,First Installment - Imported from Excel,2025-09-23 12:44:42.908,5,2
3267,1428,1428,25000,2025-09-23 13:31:13.104,CCA,,First Installment - Imported from Excel,2025-09-23 13:31:13.105,5,3
4773,1428,1428,25000,2025-09-23 14:40:58.011,CCA,,First Installment - Imported from Excel,2025-09-23 14:40:58.012,5,4
6279,1428,1428,25000,2025-09-23 14:54:53.712,CCA,,First Installment - Imported from Excel,2025-09-23 14:54:53.713,5,5
1762,1429,1429,25000,2025-09-23 12:44:42.916,CCA,,First Installment - Imported from Excel,2025-09-23 12:44:42.917,5,2
3268,1429,1429,25000,2025-09-23 13:31:13.11,CCA,,First Installment - Imported from Excel,2025-09-23 13:31:13.11,5,3
4774,1429,1429,25000,2025-09-23 14:40:58.017,CCA,,First Installment - Imported from Excel,2025-09-23 14:40:58.018,5,4
6280,1429,1429,25000,2025-09-23 14:54:53.719,CCA,,First Installment - Imported from Excel,2025-09-23 14:54:53.72,5,5
3269,1430,1430,25000,2025-09-23 13:31:13.115,CCA,,First Installment - Imported from Excel,2025-09-23 13:31:13.116,4,2
4775,1430,1430,25000,2025-09-23 14:40:58.024,CCA,,First Installment - Imported from Excel,2025-09-23 14:40:58.024,4,3
6281,1430,1430,25000,2025-09-23 14:54:53.726,CCA,,First Installment - Imported from Excel,2025-09-23 14:54:53.727,4,4
3270,1430,1430,80000,2025-09-23 13:31:13.117,CCA,,Second Installment - Imported from Excel,2025-09-23 13:31:13.117,4,2
4776,1430,1430,80000,2025-09-23 14:40:58.025,CCA,,Second Installment - Imported from Excel,2025-09-23 14:40:58.026,4,3
6282,1430,1430,80000,2025-09-23 14:54:53.727,CCA,,Second Installment - Imported from Excel,2025-09-23 14:54:53.728,4,4
1765,1431,1431,25000,2025-09-23 12:44:42.93,CCA,,First Installment - Imported from Excel,2025-09-23 12:44:42.93,5,2
3271,1431,1431,25000,2025-09-23 13:31:13.122,CCA,,First Installment - Imported from Excel,2025-09-23 13:31:13.123,5,3
4777,1431,1431,25000,2025-09-23 14:40:58.032,CCA,,First Installment - Imported from Excel,2025-09-23 14:40:58.032,5,4
6283,1431,1431,25000,2025-09-23 14:54:53.733,CCA,,First Installment - Imported from Excel,2025-09-23 14:54:53.733,5,5
1766,1432,1432,25000,2025-09-23 12:44:42.936,CCA,,First Installment - Imported from Excel,2025-09-23 12:44:42.936,5,2
3272,1432,1432,25000,2025-09-23 13:31:13.128,CCA,,First Installment - Imported from Excel,2025-09-23 13:31:13.128,5,3
4778,1432,1432,25000,2025-09-23 14:40:58.039,CCA,,First Installment - Imported from Excel,2025-09-23 14:40:58.04,5,4
6284,1432,1432,25000,2025-09-23 14:54:53.738,CCA,,First Installment - Imported from Excel,2025-09-23 14:54:53.739,5,5
1767,1433,1433,175000,2025-09-23 12:44:42.941,CCA,,First Installment - Imported from Excel,2025-09-23 12:44:42.942,5,2
3273,1433,1433,175000,2025-09-23 13:31:13.132,CCA,,First Installment - Imported from Excel,2025-09-23 13:31:13.132,5,3
4779,1433,1433,175000,2025-09-23 14:40:58.046,CCA,,First Installment - Imported from Excel,2025-09-23 14:40:58.046,5,4
6285,1433,1433,175000,2025-09-23 14:54:53.745,CCA,,First Installment - Imported from Excel,2025-09-23 14:54:53.746,5,5
1768,1434,1434,105000,2025-09-23 12:44:42.947,CCA,,First Installment - Imported from Excel,2025-09-23 12:44:42.948,5,2
3274,1434,1434,105000,2025-09-23 13:31:13.136,CCA,,First Installment - Imported from Excel,2025-09-23 13:31:13.136,5,3
4780,1434,1434,105000,2025-09-23 14:40:58.052,CCA,,First Installment - Imported from Excel,2025-09-23 14:40:58.053,5,4
6286,1434,1434,105000,2025-09-23 14:54:53.752,CCA,,First Installment - Imported from Excel,2025-09-23 14:54:53.753,5,5
1769,1435,1435,25000,2025-09-23 12:44:42.953,CCA,,First Installment - Imported from Excel,2025-09-23 12:44:42.953,5,2
3275,1435,1435,25000,2025-09-23 13:31:13.14,CCA,,First Installment - Imported from Excel,2025-09-23 13:31:13.141,5,3
4781,1435,1435,25000,2025-09-23 14:40:58.059,CCA,,First Installment - Imported from Excel,2025-09-23 14:40:58.059,5,4
6287,1435,1435,25000,2025-09-23 14:54:53.76,CCA,,First Installment - Imported from Excel,2025-09-23 14:54:53.76,5,5
1770,1436,1436,50000,2025-09-23 12:44:42.958,CCA,,First Installment - Imported from Excel,2025-09-23 12:44:42.959,5,2
3276,1436,1436,50000,2025-09-23 13:31:13.144,CCA,,First Installment - Imported from Excel,2025-09-23 13:31:13.145,5,3
4782,1436,1436,50000,2025-09-23 14:40:58.064,CCA,,First Installment - Imported from Excel,2025-09-23 14:40:58.065,5,4
6288,1436,1436,50000,2025-09-23 14:54:53.766,CCA,,First Installment - Imported from Excel,2025-09-23 14:54:53.766,5,5
1771,1437,1437,25000,2025-09-23 12:44:42.964,CCA,,First Installment - Imported from Excel,2025-09-23 12:44:42.965,5,2
3277,1437,1437,25000,2025-09-23 13:31:13.149,CCA,,First Installment - Imported from Excel,2025-09-23 13:31:13.15,5,3
4783,1437,1437,25000,2025-09-23 14:40:58.072,CCA,,First Installment - Imported from Excel,2025-09-23 14:40:58.073,5,4
6289,1437,1437,25000,2025-09-23 14:54:53.771,CCA,,First Installment - Imported from Excel,2025-09-23 14:54:53.772,5,5
3278,1438,1438,25000,2025-09-23 13:31:13.154,CCA,,First Installment - Imported from Excel,2025-09-23 13:31:13.155,4,2
4784,1438,1438,25000,2025-09-23 14:40:58.081,CCA,,First Installment - Imported from Excel,2025-09-23 14:40:58.082,4,3
6290,1438,1438,25000,2025-09-23 14:54:53.779,CCA,,First Installment - Imported from Excel,2025-09-23 14:54:53.78,4,4
3279,1438,1438,80000,2025-09-23 13:31:13.155,CCA,,Second Installment - Imported from Excel,2025-09-23 13:31:13.156,4,2
4785,1438,1438,80000,2025-09-23 14:40:58.083,CCA,,Second Installment - Imported from Excel,2025-09-23 14:40:58.084,4,3
6291,1438,1438,80000,2025-09-23 14:54:53.797,CCA,,Second Installment - Imported from Excel,2025-09-23 14:54:53.798,4,4
1774,1439,1439,25000,2025-09-23 12:44:42.976,CCA,,First Installment - Imported from Excel,2025-09-23 12:44:42.977,5,2
3280,1439,1439,25000,2025-09-23 13:31:13.159,CCA,,First Installment - Imported from Excel,2025-09-23 13:31:13.16,5,3
4786,1439,1439,25000,2025-09-23 14:40:58.092,CCA,,First Installment - Imported from Excel,2025-09-23 14:40:58.093,5,4
6292,1439,1439,25000,2025-09-23 14:54:53.808,CCA,,First Installment - Imported from Excel,2025-09-23 14:54:53.809,5,5
1775,1440,1440,25000,2025-09-23 12:44:42.982,CCA,,First Installment - Imported from Excel,2025-09-23 12:44:42.983,5,2
3281,1440,1440,25000,2025-09-23 13:31:13.163,CCA,,First Installment - Imported from Excel,2025-09-23 13:31:13.164,5,3
4787,1440,1440,25000,2025-09-23 14:40:58.101,CCA,,First Installment - Imported from Excel,2025-09-23 14:40:58.102,5,4
6293,1440,1440,25000,2025-09-23 14:54:53.815,CCA,,First Installment - Imported from Excel,2025-09-23 14:54:53.815,5,5
1776,1441,1441,25000,2025-09-23 12:44:42.988,CCA,,First Installment - Imported from Excel,2025-09-23 12:44:42.989,5,2
3282,1441,1441,25000,2025-09-23 13:31:13.168,CCA,,First Installment - Imported from Excel,2025-09-23 13:31:13.169,5,3
4788,1441,1441,25000,2025-09-23 14:40:58.11,CCA,,First Installment - Imported from Excel,2025-09-23 14:40:58.111,5,4
6294,1441,1441,25000,2025-09-23 14:54:53.821,CCA,,First Installment - Imported from Excel,2025-09-23 14:54:53.822,5,5
1777,1442,1442,25000,2025-09-23 12:44:42.995,CCA,,First Installment - Imported from Excel,2025-09-23 12:44:42.995,5,2
3283,1442,1442,25000,2025-09-23 13:31:13.173,CCA,,First Installment - Imported from Excel,2025-09-23 13:31:13.173,5,3
4789,1442,1442,25000,2025-09-23 14:40:58.12,CCA,,First Installment - Imported from Excel,2025-09-23 14:40:58.12,5,4
6295,1442,1442,25000,2025-09-23 14:54:53.829,CCA,,First Installment - Imported from Excel,2025-09-23 14:54:53.83,5,5
1778,1443,1443,25000,2025-09-23 12:44:43.003,CCA,,First Installment - Imported from Excel,2025-09-23 12:44:43.004,5,2
3284,1443,1443,25000,2025-09-23 13:31:13.177,CCA,,First Installment - Imported from Excel,2025-09-23 13:31:13.177,5,3
4790,1443,1443,25000,2025-09-23 14:40:58.129,CCA,,First Installment - Imported from Excel,2025-09-23 14:40:58.129,5,4
6296,1443,1443,25000,2025-09-23 14:54:53.836,CCA,,First Installment - Imported from Excel,2025-09-23 14:54:53.836,5,5
1779,1444,1444,25000,2025-09-23 12:44:43.012,CCA,,First Installment - Imported from Excel,2025-09-23 12:44:43.013,5,2
3285,1444,1444,25000,2025-09-23 13:31:13.182,CCA,,First Installment - Imported from Excel,2025-09-23 13:31:13.183,5,3
4791,1444,1444,25000,2025-09-23 14:40:58.155,CCA,,First Installment - Imported from Excel,2025-09-23 14:40:58.155,5,4
6297,1444,1444,25000,2025-09-23 14:54:53.842,CCA,,First Installment - Imported from Excel,2025-09-23 14:54:53.843,5,5
3286,1445,1445,25000,2025-09-23 13:31:13.186,CCA,,First Installment - Imported from Excel,2025-09-23 13:31:13.187,4,2
4792,1445,1445,25000,2025-09-23 14:40:58.162,CCA,,First Installment - Imported from Excel,2025-09-23 14:40:58.162,4,3
6298,1445,1445,25000,2025-09-23 14:54:53.848,CCA,,First Installment - Imported from Excel,2025-09-23 14:54:53.849,4,4
3287,1445,1445,90000,2025-09-23 13:31:13.188,CCA,,Second Installment - Imported from Excel,2025-09-23 13:31:13.188,4,2
4793,1445,1445,90000,2025-09-23 14:40:58.165,CCA,,Second Installment - Imported from Excel,2025-09-23 14:40:58.166,4,3
6299,1445,1445,90000,2025-09-23 14:54:53.85,CCA,,Second Installment - Imported from Excel,2025-09-23 14:54:53.851,4,4
3288,1446,1446,25000,2025-09-23 13:31:13.192,CCA,,First Installment - Imported from Excel,2025-09-23 13:31:13.193,4,2
4794,1446,1446,25000,2025-09-23 14:40:58.172,CCA,,First Installment - Imported from Excel,2025-09-23 14:40:58.173,4,3
6300,1446,1446,25000,2025-09-23 14:54:53.857,CCA,,First Installment - Imported from Excel,2025-09-23 14:54:53.858,4,4
3289,1446,1446,80000,2025-09-23 13:31:13.193,CCA,,Second Installment - Imported from Excel,2025-09-23 13:31:13.194,4,2
4795,1446,1446,80000,2025-09-23 14:40:58.174,CCA,,Second Installment - Imported from Excel,2025-09-23 14:40:58.174,4,3
6301,1446,1446,80000,2025-09-23 14:54:53.858,CCA,,Second Installment - Imported from Excel,2025-09-23 14:54:53.859,4,4
3291,1447,1447,30000,2025-09-23 13:31:13.199,CCA,,Second Installment - Imported from Excel,2025-09-23 13:31:13.2,4,2
4797,1447,1447,30000,2025-09-23 14:40:58.182,CCA,,Second Installment - Imported from Excel,2025-09-23 14:40:58.183,4,3
6303,1447,1447,30000,2025-09-23 14:54:53.864,CCA,,Second Installment - Imported from Excel,2025-09-23 14:54:53.865,4,4
3290,1447,1447,75000,2025-09-23 13:31:13.198,CCA,,First Installment - Imported from Excel,2025-09-23 13:31:13.199,4,2
4796,1447,1447,75000,2025-09-23 14:40:58.181,CCA,,First Installment - Imported from Excel,2025-09-23 14:40:58.181,4,3
6302,1447,1447,75000,2025-09-23 14:54:53.863,CCA,,First Installment - Imported from Excel,2025-09-23 14:54:53.864,4,4
3292,1448,1448,25000,2025-09-23 13:31:13.205,CCA,,First Installment - Imported from Excel,2025-09-23 13:31:13.206,4,2
4798,1448,1448,25000,2025-09-23 14:40:58.19,CCA,,First Installment - Imported from Excel,2025-09-23 14:40:58.191,4,3
6304,1448,1448,25000,2025-09-23 14:54:53.871,CCA,,First Installment - Imported from Excel,2025-09-23 14:54:53.871,4,4
3293,1448,1448,100000,2025-09-23 13:31:13.206,CCA,,Second Installment - Imported from Excel,2025-09-23 13:31:13.207,4,2
4799,1448,1448,100000,2025-09-23 14:40:58.192,CCA,,Second Installment - Imported from Excel,2025-09-23 14:40:58.193,4,3
6305,1448,1448,100000,2025-09-23 14:54:53.872,CCA,,Second Installment - Imported from Excel,2025-09-23 14:54:53.873,4,4
3294,1449,1449,25000,2025-09-23 13:31:13.214,CCA,,First Installment - Imported from Excel,2025-09-23 13:31:13.215,4,2
4800,1449,1449,25000,2025-09-23 14:40:58.2,CCA,,First Installment - Imported from Excel,2025-09-23 14:40:58.201,4,3
6306,1449,1449,25000,2025-09-23 14:54:53.878,CCA,,First Installment - Imported from Excel,2025-09-23 14:54:53.879,4,4
3295,1449,1449,150000,2025-09-23 13:31:13.216,CCA,,Second Installment - Imported from Excel,2025-09-23 13:31:13.217,4,2
4801,1449,1449,150000,2025-09-23 14:40:58.202,CCA,,Second Installment - Imported from Excel,2025-09-23 14:40:58.203,4,3
6307,1449,1449,150000,2025-09-23 14:54:53.88,CCA,,Second Installment - Imported from Excel,2025-09-23 14:54:53.881,4,4
1790,1450,1450,25000,2025-09-23 12:44:43.047,CCA,,First Installment - Imported from Excel,2025-09-23 12:44:43.048,5,2
3296,1450,1450,25000,2025-09-23 13:31:13.222,CCA,,First Installment - Imported from Excel,2025-09-23 13:31:13.222,5,3
4802,1450,1450,25000,2025-09-23 14:40:58.209,CCA,,First Installment - Imported from Excel,2025-09-23 14:40:58.21,5,4
6308,1450,1450,25000,2025-09-23 14:54:53.887,CCA,,First Installment - Imported from Excel,2025-09-23 14:54:53.888,5,5
3298,1451,1451,75000,2025-09-23 13:31:13.229,CCA,,Second Installment - Imported from Excel,2025-09-23 13:31:13.23,4,2
4804,1451,1451,75000,2025-09-23 14:40:58.218,CCA,,Second Installment - Imported from Excel,2025-09-23 14:40:58.219,4,3
6310,1451,1451,75000,2025-09-23 14:54:53.898,CCA,,Second Installment - Imported from Excel,2025-09-23 14:54:53.899,4,4
3297,1451,1451,100000,2025-09-23 13:31:13.228,CCA,,First Installment - Imported from Excel,2025-09-23 13:31:13.229,4,2
4803,1451,1451,100000,2025-09-23 14:40:58.217,CCA,,First Installment - Imported from Excel,2025-09-23 14:40:58.217,4,3
6309,1451,1451,100000,2025-09-23 14:54:53.896,CCA,,First Installment - Imported from Excel,2025-09-23 14:54:53.897,4,4
1793,1452,1452,100000,2025-09-23 12:44:43.058,CCA,,First Installment - Imported from Excel,2025-09-23 12:44:43.058,5,2
3299,1452,1452,100000,2025-09-23 13:31:13.234,CCA,,First Installment - Imported from Excel,2025-09-23 13:31:13.235,5,3
4805,1452,1452,100000,2025-09-23 14:40:58.225,CCA,,First Installment - Imported from Excel,2025-09-23 14:40:58.226,5,4
6311,1452,1452,100000,2025-09-23 14:54:53.907,CCA,,First Installment - Imported from Excel,2025-09-23 14:54:53.908,5,5
1794,1453,1453,25000,2025-09-23 12:44:43.062,CCA,,First Installment - Imported from Excel,2025-09-23 12:44:43.063,5,2
3300,1453,1453,25000,2025-09-23 13:31:13.24,CCA,,First Installment - Imported from Excel,2025-09-23 13:31:13.241,5,3
4806,1453,1453,25000,2025-09-23 14:40:58.231,CCA,,First Installment - Imported from Excel,2025-09-23 14:40:58.232,5,4
6312,1453,1453,25000,2025-09-23 14:54:53.917,CCA,,First Installment - Imported from Excel,2025-09-23 14:54:53.918,5,5
1795,1454,1454,25000,2025-09-23 12:44:43.068,CCA,,First Installment - Imported from Excel,2025-09-23 12:44:43.069,5,2
3301,1454,1454,25000,2025-09-23 13:31:13.246,CCA,,First Installment - Imported from Excel,2025-09-23 13:31:13.246,5,3
4807,1454,1454,25000,2025-09-23 14:40:58.239,CCA,,First Installment - Imported from Excel,2025-09-23 14:40:58.24,5,4
6313,1454,1454,25000,2025-09-23 14:54:53.925,CCA,,First Installment - Imported from Excel,2025-09-23 14:54:53.925,5,5
3302,1455,1455,75000,2025-09-23 13:31:13.253,CCA,,First Installment - Imported from Excel,2025-09-23 13:31:13.254,4,2
4808,1455,1455,75000,2025-09-23 14:40:58.246,CCA,,First Installment - Imported from Excel,2025-09-23 14:40:58.247,4,3
6314,1455,1455,75000,2025-09-23 14:54:53.931,CCA,,First Installment - Imported from Excel,2025-09-23 14:54:53.931,4,4
3303,1455,1455,105000,2025-09-23 13:31:13.256,CCA,,Second Installment - Imported from Excel,2025-09-23 13:31:13.257,4,2
4809,1455,1455,105000,2025-09-23 14:40:58.247,CCA,,Second Installment - Imported from Excel,2025-09-23 14:40:58.248,4,3
6315,1455,1455,105000,2025-09-23 14:54:53.932,CCA,,Second Installment - Imported from Excel,2025-09-23 14:54:53.932,4,4
6240,1456,1456,25000,2025-09-23 14:54:53.499,CCA,,First Installment - Imported from Excel,2025-09-23 14:54:53.499,2,2
4810,1456,1456,100000,2025-09-23 14:40:58.253,CCA,,First Installment - Imported from Excel,2025-09-23 14:40:58.254,3,2
6316,1456,1456,100000,2025-09-23 14:54:53.937,CCA,,First Installment - Imported from Excel,2025-09-23 14:54:53.938,3,3
3305,1457,1457,25000,2025-09-23 13:31:13.268,CCA,,First Installment - Imported from Excel,2025-09-23 13:31:13.268,4,2
4811,1457,1457,25000,2025-09-23 14:40:58.259,CCA,,First Installment - Imported from Excel,2025-09-23 14:40:58.26,4,3
6317,1457,1457,25000,2025-09-23 14:54:53.943,CCA,,First Installment - Imported from Excel,2025-09-23 14:54:53.943,4,4
3306,1457,1457,80000,2025-09-23 13:31:13.269,CCA,,Second Installment - Imported from Excel,2025-09-23 13:31:13.269,4,2
4812,1457,1457,80000,2025-09-23 14:40:58.26,CCA,,Second Installment - Imported from Excel,2025-09-23 14:40:58.261,4,3
6318,1457,1457,80000,2025-09-23 14:54:53.944,CCA,,Second Installment - Imported from Excel,2025-09-23 14:54:53.944,4,4
1801,1458,1458,175000,2025-09-23 12:44:43.096,CCA,,First Installment - Imported from Excel,2025-09-23 12:44:43.097,5,2
3307,1458,1458,175000,2025-09-23 13:31:13.275,CCA,,First Installment - Imported from Excel,2025-09-23 13:31:13.275,5,3
4813,1458,1458,175000,2025-09-23 14:40:58.266,CCA,,First Installment - Imported from Excel,2025-09-23 14:40:58.266,5,4
6319,1458,1458,175000,2025-09-23 14:54:53.955,CCA,,First Installment - Imported from Excel,2025-09-23 14:54:53.956,5,5
3308,1459,1459,25000,2025-09-23 13:31:13.28,CCA,,First Installment - Imported from Excel,2025-09-23 13:31:13.28,4,2
4814,1459,1459,25000,2025-09-23 14:40:58.275,CCA,,First Installment - Imported from Excel,2025-09-23 14:40:58.275,4,3
6320,1459,1459,25000,2025-09-23 14:54:53.962,CCA,,First Installment - Imported from Excel,2025-09-23 14:54:53.962,4,4
3309,1459,1459,100000,2025-09-23 13:31:13.281,CCA,,Second Installment - Imported from Excel,2025-09-23 13:31:13.282,4,2
4815,1459,1459,100000,2025-09-23 14:40:58.276,CCA,,Second Installment - Imported from Excel,2025-09-23 14:40:58.277,4,3
6321,1459,1459,100000,2025-09-23 14:54:53.963,CCA,,Second Installment - Imported from Excel,2025-09-23 14:54:53.964,4,4
3310,1460,1460,25000,2025-09-23 13:31:13.286,CCA,,First Installment - Imported from Excel,2025-09-23 13:31:13.287,4,2
4816,1460,1460,25000,2025-09-23 14:40:58.285,CCA,,First Installment - Imported from Excel,2025-09-23 14:40:58.286,4,3
6322,1460,1460,25000,2025-09-23 14:54:53.97,CCA,,First Installment - Imported from Excel,2025-09-23 14:54:53.971,4,4
3311,1460,1460,175000,2025-09-23 13:31:13.287,CCA,,Second Installment - Imported from Excel,2025-09-23 13:31:13.288,4,2
4817,1460,1460,175000,2025-09-23 14:40:58.288,CCA,,Second Installment - Imported from Excel,2025-09-23 14:40:58.288,4,3
6323,1460,1460,175000,2025-09-23 14:54:53.972,CCA,,Second Installment - Imported from Excel,2025-09-23 14:54:53.973,4,4
1806,1461,1461,175000,2025-09-23 12:44:43.119,CCA,,First Installment - Imported from Excel,2025-09-23 12:44:43.12,5,2
3312,1461,1461,175000,2025-09-23 13:31:13.293,CCA,,First Installment - Imported from Excel,2025-09-23 13:31:13.293,5,3
4818,1461,1461,175000,2025-09-23 14:40:58.298,CCA,,First Installment - Imported from Excel,2025-09-23 14:40:58.298,5,4
6324,1461,1461,175000,2025-09-23 14:54:53.979,CCA,,First Installment - Imported from Excel,2025-09-23 14:54:53.98,5,5
1807,1462,1462,175000,2025-09-23 12:44:43.124,CCA,,First Installment - Imported from Excel,2025-09-23 12:44:43.124,5,2
3313,1462,1462,175000,2025-09-23 13:31:13.298,CCA,,First Installment - Imported from Excel,2025-09-23 13:31:13.298,5,3
4819,1462,1462,175000,2025-09-23 14:40:58.306,CCA,,First Installment - Imported from Excel,2025-09-23 14:40:58.306,5,4
6325,1462,1462,175000,2025-09-23 14:54:53.986,CCA,,First Installment - Imported from Excel,2025-09-23 14:54:53.987,5,5
3314,1463,1463,25000,2025-09-23 13:31:13.303,CCA,,First Installment - Imported from Excel,2025-09-23 13:31:13.304,4,2
4820,1463,1463,25000,2025-09-23 14:40:58.315,CCA,,First Installment - Imported from Excel,2025-09-23 14:40:58.316,4,3
6326,1463,1463,25000,2025-09-23 14:54:53.993,CCA,,First Installment - Imported from Excel,2025-09-23 14:54:53.994,4,4
3315,1463,1463,80000,2025-09-23 13:31:13.306,CCA,,Second Installment - Imported from Excel,2025-09-23 13:31:13.306,4,2
4821,1463,1463,80000,2025-09-23 14:40:58.317,CCA,,Second Installment - Imported from Excel,2025-09-23 14:40:58.317,4,3
6327,1463,1463,80000,2025-09-23 14:54:53.995,CCA,,Second Installment - Imported from Excel,2025-09-23 14:54:53.996,4,4
1810,1464,1464,25000,2025-09-23 12:44:43.136,CCA,,First Installment - Imported from Excel,2025-09-23 12:44:43.136,5,2
3316,1464,1464,25000,2025-09-23 13:31:13.314,CCA,,First Installment - Imported from Excel,2025-09-23 13:31:13.315,5,3
4822,1464,1464,25000,2025-09-23 14:40:58.324,CCA,,First Installment - Imported from Excel,2025-09-23 14:40:58.325,5,4
6328,1464,1464,25000,2025-09-23 14:54:54.005,CCA,,First Installment - Imported from Excel,2025-09-23 14:54:54.006,5,5
1811,1465,1465,25000,2025-09-23 12:44:43.141,CCA,,First Installment - Imported from Excel,2025-09-23 12:44:43.142,5,2
3317,1465,1465,25000,2025-09-23 13:31:13.32,CCA,,First Installment - Imported from Excel,2025-09-23 13:31:13.321,5,3
4823,1465,1465,25000,2025-09-23 14:40:58.331,CCA,,First Installment - Imported from Excel,2025-09-23 14:40:58.331,5,4
6329,1465,1465,25000,2025-09-23 14:54:54.014,CCA,,First Installment - Imported from Excel,2025-09-23 14:54:54.015,5,5
1812,1466,1466,100000,2025-09-23 12:44:43.147,CCA,,First Installment - Imported from Excel,2025-09-23 12:44:43.148,5,2
3318,1466,1466,100000,2025-09-23 13:31:13.327,CCA,,First Installment - Imported from Excel,2025-09-23 13:31:13.328,5,3
4824,1466,1466,100000,2025-09-23 14:40:58.338,CCA,,First Installment - Imported from Excel,2025-09-23 14:40:58.338,5,4
6330,1466,1466,100000,2025-09-23 14:54:54.021,CCA,,First Installment - Imported from Excel,2025-09-23 14:54:54.022,5,5
1813,1467,1467,175000,2025-09-23 12:44:43.153,CCA,,First Installment - Imported from Excel,2025-09-23 12:44:43.154,5,2
3319,1467,1467,175000,2025-09-23 13:31:13.333,CCA,,First Installment - Imported from Excel,2025-09-23 13:31:13.333,5,3
4825,1467,1467,175000,2025-09-23 14:40:58.344,CCA,,First Installment - Imported from Excel,2025-09-23 14:40:58.344,5,4
6331,1467,1467,175000,2025-09-23 14:54:54.03,CCA,,First Installment - Imported from Excel,2025-09-23 14:54:54.031,5,5
3321,1468,1468,25000,2025-09-23 13:31:13.341,CCA,,Second Installment - Imported from Excel,2025-09-23 13:31:13.341,4,2
4827,1468,1468,25000,2025-09-23 14:40:58.352,CCA,,Second Installment - Imported from Excel,2025-09-23 14:40:58.353,4,3
6333,1468,1468,25000,2025-09-23 14:54:54.04,CCA,,Second Installment - Imported from Excel,2025-09-23 14:54:54.041,4,4
3320,1468,1468,80000,2025-09-23 13:31:13.339,CCA,,First Installment - Imported from Excel,2025-09-23 13:31:13.34,4,2
4826,1468,1468,80000,2025-09-23 14:40:58.351,CCA,,First Installment - Imported from Excel,2025-09-23 14:40:58.351,4,3
6332,1468,1468,80000,2025-09-23 14:54:54.039,CCA,,First Installment - Imported from Excel,2025-09-23 14:54:54.039,4,4
3322,1469,1469,25000,2025-09-23 13:31:13.346,CCA,,First Installment - Imported from Excel,2025-09-23 13:31:13.347,4,2
4828,1469,1469,25000,2025-09-23 14:40:58.358,CCA,,First Installment - Imported from Excel,2025-09-23 14:40:58.358,4,3
6334,1469,1469,25000,2025-09-23 14:54:54.047,CCA,,First Installment - Imported from Excel,2025-09-23 14:54:54.047,4,4
3323,1469,1469,70000,2025-09-23 13:31:13.347,CCA,,Second Installment - Imported from Excel,2025-09-23 13:31:13.348,4,2
4829,1469,1469,70000,2025-09-23 14:40:58.359,CCA,,Second Installment - Imported from Excel,2025-09-23 14:40:58.36,4,3
6335,1469,1469,70000,2025-09-23 14:54:54.048,CCA,,Second Installment - Imported from Excel,2025-09-23 14:54:54.049,4,4
1818,1470,1470,25000,2025-09-23 12:44:43.174,CCA,,First Installment - Imported from Excel,2025-09-23 12:44:43.175,5,2
3324,1470,1470,25000,2025-09-23 13:31:13.353,CCA,,First Installment - Imported from Excel,2025-09-23 13:31:13.354,5,3
4830,1470,1470,25000,2025-09-23 14:40:58.365,CCA,,First Installment - Imported from Excel,2025-09-23 14:40:58.366,5,4
6336,1470,1470,25000,2025-09-23 14:54:54.057,CCA,,First Installment - Imported from Excel,2025-09-23 14:54:54.057,5,5
1819,1471,1471,25000,2025-09-23 12:44:43.18,CCA,,First Installment - Imported from Excel,2025-09-23 12:44:43.18,5,2
3325,1471,1471,25000,2025-09-23 13:31:13.36,CCA,,First Installment - Imported from Excel,2025-09-23 13:31:13.361,5,3
4831,1471,1471,25000,2025-09-23 14:40:58.371,CCA,,First Installment - Imported from Excel,2025-09-23 14:40:58.372,5,4
6337,1471,1471,25000,2025-09-23 14:54:54.062,CCA,,First Installment - Imported from Excel,2025-09-23 14:54:54.062,5,5
3326,1472,1472,30000,2025-09-23 13:31:13.366,CCA,,First Installment - Imported from Excel,2025-09-23 13:31:13.366,4,2
4832,1472,1472,30000,2025-09-23 14:40:58.379,CCA,,First Installment - Imported from Excel,2025-09-23 14:40:58.38,4,3
6338,1472,1472,30000,2025-09-23 14:54:54.067,CCA,,First Installment - Imported from Excel,2025-09-23 14:54:54.068,4,4
3327,1472,1472,65000,2025-09-23 13:31:13.367,CCA,,Second Installment - Imported from Excel,2025-09-23 13:31:13.368,4,2
4833,1472,1472,65000,2025-09-23 14:40:58.381,CCA,,Second Installment - Imported from Excel,2025-09-23 14:40:58.382,4,3
6339,1472,1472,65000,2025-09-23 14:54:54.069,CCA,,Second Installment - Imported from Excel,2025-09-23 14:54:54.07,4,4
1822,1473,1473,25000,2025-09-23 12:44:43.191,CCA,,First Installment - Imported from Excel,2025-09-23 12:44:43.192,5,2
3328,1473,1473,25000,2025-09-23 13:31:13.376,CCA,,First Installment - Imported from Excel,2025-09-23 13:31:13.376,5,3
4834,1473,1473,25000,2025-09-23 14:40:58.389,CCA,,First Installment - Imported from Excel,2025-09-23 14:40:58.39,5,4
6340,1473,1473,25000,2025-09-23 14:54:54.075,CCA,,First Installment - Imported from Excel,2025-09-23 14:54:54.076,5,5
1823,1474,1474,25000,2025-09-23 12:44:43.196,CCA,,First Installment - Imported from Excel,2025-09-23 12:44:43.197,5,2
3329,1474,1474,25000,2025-09-23 13:31:13.381,CCA,,First Installment - Imported from Excel,2025-09-23 13:31:13.381,5,3
4835,1474,1474,25000,2025-09-23 14:40:58.396,CCA,,First Installment - Imported from Excel,2025-09-23 14:40:58.397,5,4
6341,1474,1474,25000,2025-09-23 14:54:54.082,CCA,,First Installment - Imported from Excel,2025-09-23 14:54:54.083,5,5
3330,1475,1475,25000,2025-09-23 13:31:13.387,CCA,,First Installment - Imported from Excel,2025-09-23 13:31:13.387,4,2
4836,1475,1475,25000,2025-09-23 14:40:58.405,CCA,,First Installment - Imported from Excel,2025-09-23 14:40:58.405,4,3
6342,1475,1475,25000,2025-09-23 14:54:54.088,CCA,,First Installment - Imported from Excel,2025-09-23 14:54:54.089,4,4
3331,1475,1475,80000,2025-09-23 13:31:13.388,CCA,,Second Installment - Imported from Excel,2025-09-23 13:31:13.388,4,2
4837,1475,1475,80000,2025-09-23 14:40:58.407,CCA,,Second Installment - Imported from Excel,2025-09-23 14:40:58.407,4,3
6343,1475,1475,80000,2025-09-23 14:54:54.089,CCA,,Second Installment - Imported from Excel,2025-09-23 14:54:54.09,4,4
1826,1476,1476,100000,2025-09-23 12:44:43.212,CCA,,First Installment - Imported from Excel,2025-09-23 12:44:43.212,5,2
3332,1476,1476,100000,2025-09-23 13:31:13.393,CCA,,First Installment - Imported from Excel,2025-09-23 13:31:13.394,5,3
4838,1476,1476,100000,2025-09-23 14:40:58.417,CCA,,First Installment - Imported from Excel,2025-09-23 14:40:58.418,5,4
6344,1476,1476,100000,2025-09-23 14:54:54.094,CCA,,First Installment - Imported from Excel,2025-09-23 14:54:54.095,5,5
3333,1477,1477,25000,2025-09-23 13:31:13.399,CCA,,First Installment - Imported from Excel,2025-09-23 13:31:13.399,4,2
4839,1477,1477,25000,2025-09-23 14:40:58.426,CCA,,First Installment - Imported from Excel,2025-09-23 14:40:58.426,4,3
6345,1477,1477,25000,2025-09-23 14:54:54.099,CCA,,First Installment - Imported from Excel,2025-09-23 14:54:54.1,4,4
3334,1477,1477,80000,2025-09-23 13:31:13.4,CCA,,Second Installment - Imported from Excel,2025-09-23 13:31:13.401,4,2
4840,1477,1477,80000,2025-09-23 14:40:58.427,CCA,,Second Installment - Imported from Excel,2025-09-23 14:40:58.428,4,3
6346,1477,1477,80000,2025-09-23 14:54:54.1,CCA,,Second Installment - Imported from Excel,2025-09-23 14:54:54.101,4,4
1829,1478,1478,25000,2025-09-23 12:44:43.225,CCA,,First Installment - Imported from Excel,2025-09-23 12:44:43.226,5,2
3335,1478,1478,25000,2025-09-23 13:31:13.405,CCA,,First Installment - Imported from Excel,2025-09-23 13:31:13.406,5,3
4841,1478,1478,25000,2025-09-23 14:40:58.434,CCA,,First Installment - Imported from Excel,2025-09-23 14:40:58.435,5,4
6347,1478,1478,25000,2025-09-23 14:54:54.106,CCA,,First Installment - Imported from Excel,2025-09-23 14:54:54.108,5,5
3336,1479,1479,25000,2025-09-23 13:31:13.411,CCA,,First Installment - Imported from Excel,2025-09-23 13:31:13.412,4,2
4842,1479,1479,25000,2025-09-23 14:40:58.442,CCA,,First Installment - Imported from Excel,2025-09-23 14:40:58.442,4,3
6348,1479,1479,25000,2025-09-23 14:54:54.113,CCA,,First Installment - Imported from Excel,2025-09-23 14:54:54.114,4,4
3337,1479,1479,80000,2025-09-23 13:31:13.412,CCA,,Second Installment - Imported from Excel,2025-09-23 13:31:13.413,4,2
4843,1479,1479,80000,2025-09-23 14:40:58.444,CCA,,Second Installment - Imported from Excel,2025-09-23 14:40:58.444,4,3
6349,1479,1479,80000,2025-09-23 14:54:54.114,CCA,,Second Installment - Imported from Excel,2025-09-23 14:54:54.115,4,4
1832,1480,1480,50000,2025-09-23 12:44:43.24,CCA,,First Installment - Imported from Excel,2025-09-23 12:44:43.241,5,2
3338,1480,1480,50000,2025-09-23 13:31:13.417,CCA,,First Installment - Imported from Excel,2025-09-23 13:31:13.418,5,3
4844,1480,1480,50000,2025-09-23 14:40:58.451,CCA,,First Installment - Imported from Excel,2025-09-23 14:40:58.451,5,4
6350,1480,1480,50000,2025-09-23 14:54:54.121,CCA,,First Installment - Imported from Excel,2025-09-23 14:54:54.122,5,5
1833,1481,1481,25000,2025-09-23 12:44:43.248,CCA,,First Installment - Imported from Excel,2025-09-23 12:44:43.249,5,2
3339,1481,1481,25000,2025-09-23 13:31:13.422,CCA,,First Installment - Imported from Excel,2025-09-23 13:31:13.423,5,3
4845,1481,1481,25000,2025-09-23 14:40:58.46,CCA,,First Installment - Imported from Excel,2025-09-23 14:40:58.461,5,4
6351,1481,1481,25000,2025-09-23 14:54:54.131,CCA,,First Installment - Imported from Excel,2025-09-23 14:54:54.132,5,5
1834,1482,1482,100000,2025-09-23 12:44:43.255,CCA,,First Installment - Imported from Excel,2025-09-23 12:44:43.256,5,2
3340,1482,1482,100000,2025-09-23 13:31:13.427,CCA,,First Installment - Imported from Excel,2025-09-23 13:31:13.428,5,3
4846,1482,1482,100000,2025-09-23 14:40:58.467,CCA,,First Installment - Imported from Excel,2025-09-23 14:40:58.468,5,4
6352,1482,1482,100000,2025-09-23 14:54:54.14,CCA,,First Installment - Imported from Excel,2025-09-23 14:54:54.14,5,5
1835,1483,1483,25000,2025-09-23 12:44:43.262,CCA,,First Installment - Imported from Excel,2025-09-23 12:44:43.263,5,2
3341,1483,1483,25000,2025-09-23 13:31:13.433,CCA,,First Installment - Imported from Excel,2025-09-23 13:31:13.433,5,3
4847,1483,1483,25000,2025-09-23 14:40:58.475,CCA,,First Installment - Imported from Excel,2025-09-23 14:40:58.475,5,4
6353,1483,1483,25000,2025-09-23 14:54:54.148,CCA,,First Installment - Imported from Excel,2025-09-23 14:54:54.149,5,5
3342,1484,1484,25000,2025-09-23 13:31:13.438,CCA,,First Installment - Imported from Excel,2025-09-23 13:31:13.439,4,2
4848,1484,1484,25000,2025-09-23 14:40:58.481,CCA,,First Installment - Imported from Excel,2025-09-23 14:40:58.482,4,3
6354,1484,1484,25000,2025-09-23 14:54:54.154,CCA,,First Installment - Imported from Excel,2025-09-23 14:54:54.155,4,4
3343,1484,1484,80000,2025-09-23 13:31:13.439,CCA,,Second Installment - Imported from Excel,2025-09-23 13:31:13.44,4,2
4849,1484,1484,80000,2025-09-23 14:40:58.483,CCA,,Second Installment - Imported from Excel,2025-09-23 14:40:58.483,4,3
6355,1484,1484,80000,2025-09-23 14:54:54.156,CCA,,Second Installment - Imported from Excel,2025-09-23 14:54:54.156,4,4
1838,1485,1485,25000,2025-09-23 12:44:43.278,CCA,,First Installment - Imported from Excel,2025-09-23 12:44:43.279,5,2
3344,1485,1485,25000,2025-09-23 13:31:13.444,CCA,,First Installment - Imported from Excel,2025-09-23 13:31:13.445,5,3
4850,1485,1485,25000,2025-09-23 14:40:58.489,CCA,,First Installment - Imported from Excel,2025-09-23 14:40:58.49,5,4
6356,1485,1485,25000,2025-09-23 14:54:54.163,CCA,,First Installment - Imported from Excel,2025-09-23 14:54:54.164,5,5
3124,1485,1485,100000,2025-09-23 13:31:12.169,CCA,,First Installment - Imported from Excel,2025-09-23 13:31:12.17,4,2
4630,1485,1485,100000,2025-09-23 14:40:56.884,CCA,,First Installment - Imported from Excel,2025-09-23 14:40:56.884,4,3
6136,1485,1485,100000,2025-09-23 14:54:52.481,CCA,,First Installment - Imported from Excel,2025-09-23 14:54:52.482,4,4
3345,1486,1486,25000,2025-09-23 13:31:13.449,CCA,,First Installment - Imported from Excel,2025-09-23 13:31:13.45,4,2
4851,1486,1486,25000,2025-09-23 14:40:58.496,CCA,,First Installment - Imported from Excel,2025-09-23 14:40:58.496,4,3
6357,1486,1486,25000,2025-09-23 14:54:54.169,CCA,,First Installment - Imported from Excel,2025-09-23 14:54:54.17,4,4
3346,1486,1486,70000,2025-09-23 13:31:13.45,CCA,,Second Installment - Imported from Excel,2025-09-23 13:31:13.451,4,2
4852,1486,1486,70000,2025-09-23 14:40:58.497,CCA,,Second Installment - Imported from Excel,2025-09-23 14:40:58.498,4,3
6358,1486,1486,70000,2025-09-23 14:54:54.172,CCA,,Second Installment - Imported from Excel,2025-09-23 14:54:54.173,4,4
1842,1487,1487,25000,2025-09-23 12:44:43.292,CCA,,Second Installment - Imported from Excel,2025-09-23 12:44:43.293,8,2
3347,1487,1487,25000,2025-09-23 13:31:13.455,CCA,,First Installment - Imported from Excel,2025-09-23 13:31:13.456,8,3
3348,1487,1487,25000,2025-09-23 13:31:13.456,CCA,,Second Installment - Imported from Excel,2025-09-23 13:31:13.457,8,4
4853,1487,1487,25000,2025-09-23 14:40:58.503,CCA,,First Installment - Imported from Excel,2025-09-23 14:40:58.504,8,5
4854,1487,1487,25000,2025-09-23 14:40:58.505,CCA,,Second Installment - Imported from Excel,2025-09-23 14:40:58.505,8,6
6359,1487,1487,25000,2025-09-23 14:54:54.18,CCA,,First Installment - Imported from Excel,2025-09-23 14:54:54.181,8,7
6360,1487,1487,25000,2025-09-23 14:54:54.182,CCA,,Second Installment - Imported from Excel,2025-09-23 14:54:54.183,8,8
3349,1488,1488,25000,2025-09-23 13:31:13.462,CCA,,First Installment - Imported from Excel,2025-09-23 13:31:13.463,4,2
4855,1488,1488,25000,2025-09-23 14:40:58.511,CCA,,First Installment - Imported from Excel,2025-09-23 14:40:58.512,4,3
6361,1488,1488,25000,2025-09-23 14:54:54.191,CCA,,First Installment - Imported from Excel,2025-09-23 14:54:54.191,4,4
3350,1488,1488,80000,2025-09-23 13:31:13.464,CCA,,Second Installment - Imported from Excel,2025-09-23 13:31:13.464,4,2
4856,1488,1488,80000,2025-09-23 14:40:58.513,CCA,,Second Installment - Imported from Excel,2025-09-23 14:40:58.513,4,3
6362,1488,1488,80000,2025-09-23 14:54:54.192,CCA,,Second Installment - Imported from Excel,2025-09-23 14:54:54.193,4,4
1845,1489,1489,25000,2025-09-23 12:44:43.304,CCA,,First Installment - Imported from Excel,2025-09-23 12:44:43.305,5,2
3351,1489,1489,25000,2025-09-23 13:31:13.469,CCA,,First Installment - Imported from Excel,2025-09-23 13:31:13.47,5,3
4857,1489,1489,25000,2025-09-23 14:40:58.518,CCA,,First Installment - Imported from Excel,2025-09-23 14:40:58.519,5,4
6363,1489,1489,25000,2025-09-23 14:54:54.198,CCA,,First Installment - Imported from Excel,2025-09-23 14:54:54.199,5,5
3352,1490,1490,25000,2025-09-23 13:31:13.474,CCA,,First Installment - Imported from Excel,2025-09-23 13:31:13.475,4,2
4858,1490,1490,25000,2025-09-23 14:40:58.523,CCA,,First Installment - Imported from Excel,2025-09-23 14:40:58.524,4,3
6364,1490,1490,25000,2025-09-23 14:54:54.204,CCA,,First Installment - Imported from Excel,2025-09-23 14:54:54.205,4,4
3353,1490,1490,80000,2025-09-23 13:31:13.475,CCA,,Second Installment - Imported from Excel,2025-09-23 13:31:13.476,4,2
4859,1490,1490,80000,2025-09-23 14:40:58.524,CCA,,Second Installment - Imported from Excel,2025-09-23 14:40:58.525,4,3
6365,1490,1490,80000,2025-09-23 14:54:54.206,CCA,,Second Installment - Imported from Excel,2025-09-23 14:54:54.207,4,4
3354,1491,1491,25000,2025-09-23 13:31:13.481,CCA,,First Installment - Imported from Excel,2025-09-23 13:31:13.481,4,2
4860,1491,1491,25000,2025-09-23 14:40:58.532,CCA,,First Installment - Imported from Excel,2025-09-23 14:40:58.533,4,3
6366,1491,1491,25000,2025-09-23 14:54:54.215,CCA,,First Installment - Imported from Excel,2025-09-23 14:54:54.216,4,4
3355,1491,1491,150000,2025-09-23 13:31:13.482,CCA,,Second Installment - Imported from Excel,2025-09-23 13:31:13.482,4,2
4861,1491,1491,150000,2025-09-23 14:40:58.533,CCA,,Second Installment - Imported from Excel,2025-09-23 14:40:58.534,4,3
6367,1491,1491,150000,2025-09-23 14:54:54.217,CCA,,Second Installment - Imported from Excel,2025-09-23 14:54:54.217,4,4
3356,1492,1492,25000,2025-09-23 13:31:13.487,CCA,,First Installment - Imported from Excel,2025-09-23 13:31:13.488,4,2
4862,1492,1492,25000,2025-09-23 14:40:58.54,CCA,,First Installment - Imported from Excel,2025-09-23 14:40:58.541,4,3
6368,1492,1492,25000,2025-09-23 14:54:54.224,CCA,,First Installment - Imported from Excel,2025-09-23 14:54:54.224,4,4
3357,1492,1492,150000,2025-09-23 13:31:13.489,CCA,,Second Installment - Imported from Excel,2025-09-23 13:31:13.489,4,2
4863,1492,1492,150000,2025-09-23 14:40:58.542,CCA,,Second Installment - Imported from Excel,2025-09-23 14:40:58.543,4,3
6369,1492,1492,150000,2025-09-23 14:54:54.225,CCA,,Second Installment - Imported from Excel,2025-09-23 14:54:54.226,4,4
3359,1493,1493,25000,2025-09-23 13:31:13.497,CCA,,Second Installment - Imported from Excel,2025-09-23 13:31:13.497,4,2
4865,1493,1493,25000,2025-09-23 14:40:58.549,CCA,,Second Installment - Imported from Excel,2025-09-23 14:40:58.55,4,3
6371,1493,1493,25000,2025-09-23 14:54:54.232,CCA,,Second Installment - Imported from Excel,2025-09-23 14:54:54.233,4,4
3358,1493,1493,80000,2025-09-23 13:31:13.495,CCA,,First Installment - Imported from Excel,2025-09-23 13:31:13.496,4,2
4864,1493,1493,80000,2025-09-23 14:40:58.548,CCA,,First Installment - Imported from Excel,2025-09-23 14:40:58.549,4,3
6370,1493,1493,80000,2025-09-23 14:54:54.231,CCA,,First Installment - Imported from Excel,2025-09-23 14:54:54.232,4,4
3361,1494,1494,15000,2025-09-23 13:31:13.504,CCA,,Second Installment - Imported from Excel,2025-09-23 13:31:13.505,4,2
4867,1494,1494,15000,2025-09-23 14:40:58.556,CCA,,Second Installment - Imported from Excel,2025-09-23 14:40:58.556,4,3
6373,1494,1494,15000,2025-09-23 14:54:54.241,CCA,,Second Installment - Imported from Excel,2025-09-23 14:54:54.242,4,4
3360,1494,1494,90000,2025-09-23 13:31:13.503,CCA,,First Installment - Imported from Excel,2025-09-23 13:31:13.504,4,2
4866,1494,1494,90000,2025-09-23 14:40:58.555,CCA,,First Installment - Imported from Excel,2025-09-23 14:40:58.555,4,3
6372,1494,1494,90000,2025-09-23 14:54:54.239,CCA,,First Installment - Imported from Excel,2025-09-23 14:54:54.24,4,4
1856,1495,1495,25000,2025-09-23 12:44:43.345,CCA,,First Installment - Imported from Excel,2025-09-23 12:44:43.345,5,2
3362,1495,1495,25000,2025-09-23 13:31:13.51,CCA,,First Installment - Imported from Excel,2025-09-23 13:31:13.51,5,3
4868,1495,1495,25000,2025-09-23 14:40:58.561,CCA,,First Installment - Imported from Excel,2025-09-23 14:40:58.562,5,4
6374,1495,1495,25000,2025-09-23 14:54:54.248,CCA,,First Installment - Imported from Excel,2025-09-23 14:54:54.249,5,5
1857,1496,1496,175000,2025-09-23 12:44:43.352,CCA,,First Installment - Imported from Excel,2025-09-23 12:44:43.352,5,2
3363,1496,1496,175000,2025-09-23 13:31:13.515,CCA,,First Installment - Imported from Excel,2025-09-23 13:31:13.516,5,3
4869,1496,1496,175000,2025-09-23 14:40:58.567,CCA,,First Installment - Imported from Excel,2025-09-23 14:40:58.568,5,4
6375,1496,1496,175000,2025-09-23 14:54:54.256,CCA,,First Installment - Imported from Excel,2025-09-23 14:54:54.256,5,5
3364,1497,1497,25000,2025-09-23 13:31:13.521,CCA,,First Installment - Imported from Excel,2025-09-23 13:31:13.521,4,2
4870,1497,1497,25000,2025-09-23 14:40:58.572,CCA,,First Installment - Imported from Excel,2025-09-23 14:40:58.573,4,3
6376,1497,1497,25000,2025-09-23 14:54:54.262,CCA,,First Installment - Imported from Excel,2025-09-23 14:54:54.263,4,4
3365,1497,1497,100000,2025-09-23 13:31:13.522,CCA,,Second Installment - Imported from Excel,2025-09-23 13:31:13.522,4,2
4871,1497,1497,100000,2025-09-23 14:40:58.573,CCA,,Second Installment - Imported from Excel,2025-09-23 14:40:58.574,4,3
6377,1497,1497,100000,2025-09-23 14:54:54.266,CCA,,Second Installment - Imported from Excel,2025-09-23 14:54:54.267,4,4
3366,1498,1498,25000,2025-09-23 13:31:13.528,CCA,,First Installment - Imported from Excel,2025-09-23 13:31:13.528,4,2
4872,1498,1498,25000,2025-09-23 14:40:58.578,CCA,,First Installment - Imported from Excel,2025-09-23 14:40:58.579,4,3
6378,1498,1498,25000,2025-09-23 14:54:54.274,CCA,,First Installment - Imported from Excel,2025-09-23 14:54:54.275,4,4
3367,1498,1498,80000,2025-09-23 13:31:13.529,CCA,,Second Installment - Imported from Excel,2025-09-23 13:31:13.529,4,2
4873,1498,1498,80000,2025-09-23 14:40:58.58,CCA,,Second Installment - Imported from Excel,2025-09-23 14:40:58.58,4,3
6379,1498,1498,80000,2025-09-23 14:54:54.278,CCA,,Second Installment - Imported from Excel,2025-09-23 14:54:54.278,4,4
3368,1499,1499,25000,2025-09-23 13:31:13.534,CCA,,First Installment - Imported from Excel,2025-09-23 13:31:13.535,4,2
4874,1499,1499,25000,2025-09-23 14:40:58.585,CCA,,First Installment - Imported from Excel,2025-09-23 14:40:58.586,4,3
6380,1499,1499,25000,2025-09-23 14:54:54.288,CCA,,First Installment - Imported from Excel,2025-09-23 14:54:54.289,4,4
3369,1499,1499,88000,2025-09-23 13:31:13.535,CCA,,Second Installment - Imported from Excel,2025-09-23 13:31:13.536,4,2
4875,1499,1499,88000,2025-09-23 14:40:58.587,CCA,,Second Installment - Imported from Excel,2025-09-23 14:40:58.587,4,3
6381,1499,1499,88000,2025-09-23 14:54:54.289,CCA,,Second Installment - Imported from Excel,2025-09-23 14:54:54.29,4,4
3370,1501,1501,25000,2025-09-23 13:31:13.541,CCA,,First Installment - Imported from Excel,2025-09-23 13:31:13.541,4,2
4876,1501,1501,25000,2025-09-23 14:40:58.592,CCA,,First Installment - Imported from Excel,2025-09-23 14:40:58.593,4,3
6382,1501,1501,25000,2025-09-23 14:54:54.296,CCA,,First Installment - Imported from Excel,2025-09-23 14:54:54.297,4,4
1865,1501,1501,80000,2025-09-23 12:44:43.389,CCA,,First Installment - Imported from Excel,2025-09-23 12:44:43.39,5,2
3371,1501,1501,80000,2025-09-23 13:31:13.547,CCA,,First Installment - Imported from Excel,2025-09-23 13:31:13.547,5,3
4877,1501,1501,80000,2025-09-23 14:40:58.598,CCA,,First Installment - Imported from Excel,2025-09-23 14:40:58.599,5,4
6383,1501,1501,80000,2025-09-23 14:54:54.303,CCA,,First Installment - Imported from Excel,2025-09-23 14:54:54.304,5,5
1866,1502,1502,30000,2025-09-23 12:44:43.396,CCA,,First Installment - Imported from Excel,2025-09-23 12:44:43.397,5,2
3372,1502,1502,30000,2025-09-23 13:31:13.552,CCA,,First Installment - Imported from Excel,2025-09-23 13:31:13.553,5,3
4878,1502,1502,30000,2025-09-23 14:40:58.605,CCA,,First Installment - Imported from Excel,2025-09-23 14:40:58.606,5,4
6384,1502,1502,30000,2025-09-23 14:54:54.312,CCA,,First Installment - Imported from Excel,2025-09-23 14:54:54.313,5,5
3373,1502,1502,50000,2025-09-23 13:31:13.553,CCA,,Second Installment - Imported from Excel,2025-09-23 13:31:13.554,4,2
4879,1502,1502,50000,2025-09-23 14:40:58.607,CCA,,Second Installment - Imported from Excel,2025-09-23 14:40:58.607,4,3
6385,1502,1502,50000,2025-09-23 14:54:54.314,CCA,,Second Installment - Imported from Excel,2025-09-23 14:54:54.314,4,4
1869,1503,1503,25000,2025-09-23 12:44:43.405,CCA,,Second Installment - Imported from Excel,2025-09-23 12:44:43.406,8,2
3374,1503,1503,25000,2025-09-23 13:31:13.558,CCA,,First Installment - Imported from Excel,2025-09-23 13:31:13.559,8,3
3375,1503,1503,25000,2025-09-23 13:31:13.56,CCA,,Second Installment - Imported from Excel,2025-09-23 13:31:13.56,8,4
4880,1503,1503,25000,2025-09-23 14:40:58.615,CCA,,First Installment - Imported from Excel,2025-09-23 14:40:58.616,8,5
4881,1503,1503,25000,2025-09-23 14:40:58.617,CCA,,Second Installment - Imported from Excel,2025-09-23 14:40:58.617,8,6
6386,1503,1503,25000,2025-09-23 14:54:54.32,CCA,,First Installment - Imported from Excel,2025-09-23 14:54:54.32,8,7
6387,1503,1503,25000,2025-09-23 14:54:54.321,CCA,,Second Installment - Imported from Excel,2025-09-23 14:54:54.321,8,8
3376,1504,1504,25000,2025-09-23 13:31:13.565,CCA,,First Installment - Imported from Excel,2025-09-23 13:31:13.566,4,2
4882,1504,1504,25000,2025-09-23 14:40:58.624,CCA,,First Installment - Imported from Excel,2025-09-23 14:40:58.624,4,3
6388,1504,1504,25000,2025-09-23 14:54:54.326,CCA,,First Installment - Imported from Excel,2025-09-23 14:54:54.327,4,4
3377,1504,1504,80000,2025-09-23 13:31:13.566,CCA,,Second Installment - Imported from Excel,2025-09-23 13:31:13.567,4,2
4883,1504,1504,80000,2025-09-23 14:40:58.625,CCA,,Second Installment - Imported from Excel,2025-09-23 14:40:58.626,4,3
6389,1504,1504,80000,2025-09-23 14:54:54.328,CCA,,Second Installment - Imported from Excel,2025-09-23 14:54:54.329,4,4
3378,1505,1505,25000,2025-09-23 13:31:13.573,CCA,,First Installment - Imported from Excel,2025-09-23 13:31:13.574,4,2
4884,1505,1505,25000,2025-09-23 14:40:58.634,CCA,,First Installment - Imported from Excel,2025-09-23 14:40:58.635,4,3
6390,1505,1505,25000,2025-09-23 14:54:54.335,CCA,,First Installment - Imported from Excel,2025-09-23 14:54:54.335,4,4
3379,1505,1505,150000,2025-09-23 13:31:13.575,CCA,,Second Installment - Imported from Excel,2025-09-23 13:31:13.575,4,2
4885,1505,1505,150000,2025-09-23 14:40:58.636,CCA,,Second Installment - Imported from Excel,2025-09-23 14:40:58.637,4,3
6391,1505,1505,150000,2025-09-23 14:54:54.337,CCA,,Second Installment - Imported from Excel,2025-09-23 14:54:54.337,4,4
3380,1506,1506,25000,2025-09-23 13:31:13.58,CCA,,First Installment - Imported from Excel,2025-09-23 13:31:13.58,4,2
4886,1506,1506,25000,2025-09-23 14:40:58.643,CCA,,First Installment - Imported from Excel,2025-09-23 14:40:58.643,4,3
6392,1506,1506,25000,2025-09-23 14:54:54.342,CCA,,First Installment - Imported from Excel,2025-09-23 14:54:54.343,4,4
3381,1506,1506,100000,2025-09-23 13:31:13.581,CCA,,Second Installment - Imported from Excel,2025-09-23 13:31:13.582,4,2
4887,1506,1506,100000,2025-09-23 14:40:58.644,CCA,,Second Installment - Imported from Excel,2025-09-23 14:40:58.645,4,3
6393,1506,1506,100000,2025-09-23 14:54:54.344,CCA,,Second Installment - Imported from Excel,2025-09-23 14:54:54.344,4,4
1876,1507,1507,100000,2025-09-23 12:44:43.435,CCA,,First Installment - Imported from Excel,2025-09-23 12:44:43.436,5,2
3382,1507,1507,100000,2025-09-23 13:31:13.586,CCA,,First Installment - Imported from Excel,2025-09-23 13:31:13.587,5,3
4888,1507,1507,100000,2025-09-23 14:40:58.651,CCA,,First Installment - Imported from Excel,2025-09-23 14:40:58.652,5,4
6394,1507,1507,100000,2025-09-23 14:54:54.349,CCA,,First Installment - Imported from Excel,2025-09-23 14:54:54.35,5,5
1878,1508,1508,25000,2025-09-23 12:44:43.441,CCA,,Second Installment - Imported from Excel,2025-09-23 12:44:43.442,8,2
3383,1508,1508,25000,2025-09-23 13:31:13.593,CCA,,First Installment - Imported from Excel,2025-09-23 13:31:13.594,8,3
3384,1508,1508,25000,2025-09-23 13:31:13.595,CCA,,Second Installment - Imported from Excel,2025-09-23 13:31:13.595,8,4
4889,1508,1508,25000,2025-09-23 14:40:58.658,CCA,,First Installment - Imported from Excel,2025-09-23 14:40:58.659,8,5
4890,1508,1508,25000,2025-09-23 14:40:58.66,CCA,,Second Installment - Imported from Excel,2025-09-23 14:40:58.66,8,6
6395,1508,1508,25000,2025-09-23 14:54:54.355,CCA,,First Installment - Imported from Excel,2025-09-23 14:54:54.355,8,7
6396,1508,1508,25000,2025-09-23 14:54:54.356,CCA,,Second Installment - Imported from Excel,2025-09-23 14:54:54.357,8,8
3385,1509,1509,25000,2025-09-23 13:31:13.601,CCA,,First Installment - Imported from Excel,2025-09-23 13:31:13.601,4,2
4891,1509,1509,25000,2025-09-23 14:40:58.674,CCA,,First Installment - Imported from Excel,2025-09-23 14:40:58.675,4,3
6397,1509,1509,25000,2025-09-23 14:54:54.361,CCA,,First Installment - Imported from Excel,2025-09-23 14:54:54.362,4,4
3386,1509,1509,80000,2025-09-23 13:31:13.602,CCA,,Second Installment - Imported from Excel,2025-09-23 13:31:13.603,4,2
4892,1509,1509,80000,2025-09-23 14:40:58.676,CCA,,Second Installment - Imported from Excel,2025-09-23 14:40:58.676,4,3
6398,1509,1509,80000,2025-09-23 14:54:54.363,CCA,,Second Installment - Imported from Excel,2025-09-23 14:54:54.363,4,4
3388,1510,1510,75000,2025-09-23 13:31:13.609,CCA,,Second Installment - Imported from Excel,2025-09-23 13:31:13.609,4,2
4894,1510,1510,75000,2025-09-23 14:40:58.684,CCA,,Second Installment - Imported from Excel,2025-09-23 14:40:58.685,4,3
6400,1510,1510,75000,2025-09-23 14:54:54.371,CCA,,Second Installment - Imported from Excel,2025-09-23 14:54:54.372,4,4
3387,1510,1510,100000,2025-09-23 13:31:13.608,CCA,,First Installment - Imported from Excel,2025-09-23 13:31:13.608,4,2
4893,1510,1510,100000,2025-09-23 14:40:58.682,CCA,,First Installment - Imported from Excel,2025-09-23 14:40:58.683,4,3
6399,1510,1510,100000,2025-09-23 14:54:54.37,CCA,,First Installment - Imported from Excel,2025-09-23 14:54:54.37,4,4
1883,1511,1511,125000,2025-09-23 12:44:43.466,CCA,,First Installment - Imported from Excel,2025-09-23 12:44:43.467,5,2
3389,1511,1511,125000,2025-09-23 13:31:13.614,CCA,,First Installment - Imported from Excel,2025-09-23 13:31:13.615,5,3
4895,1511,1511,125000,2025-09-23 14:40:58.69,CCA,,First Installment - Imported from Excel,2025-09-23 14:40:58.691,5,4
6401,1511,1511,125000,2025-09-23 14:54:54.377,CCA,,First Installment - Imported from Excel,2025-09-23 14:54:54.378,5,5
1884,1512,1512,25000,2025-09-23 12:44:43.473,CCA,,First Installment - Imported from Excel,2025-09-23 12:44:43.473,5,2
3390,1512,1512,25000,2025-09-23 13:31:13.619,CCA,,First Installment - Imported from Excel,2025-09-23 13:31:13.62,5,3
4896,1512,1512,25000,2025-09-23 14:40:58.696,CCA,,First Installment - Imported from Excel,2025-09-23 14:40:58.696,5,4
6402,1512,1512,25000,2025-09-23 14:54:54.383,CCA,,First Installment - Imported from Excel,2025-09-23 14:54:54.384,5,5
3391,1512,1512,85000,2025-09-23 13:31:13.621,CCA,,Second Installment - Imported from Excel,2025-09-23 13:31:13.622,4,2
4897,1512,1512,85000,2025-09-23 14:40:58.697,CCA,,Second Installment - Imported from Excel,2025-09-23 14:40:58.698,4,3
6403,1512,1512,85000,2025-09-23 14:54:54.384,CCA,,Second Installment - Imported from Excel,2025-09-23 14:54:54.385,4,4
3392,1513,1513,25000,2025-09-23 13:31:13.626,CCA,,First Installment - Imported from Excel,2025-09-23 13:31:13.627,4,2
4898,1513,1513,25000,2025-09-23 14:40:58.703,CCA,,First Installment - Imported from Excel,2025-09-23 14:40:58.704,4,3
6404,1513,1513,25000,2025-09-23 14:54:54.391,CCA,,First Installment - Imported from Excel,2025-09-23 14:54:54.392,4,4
3393,1513,1513,80000,2025-09-23 13:31:13.627,CCA,,Second Installment - Imported from Excel,2025-09-23 13:31:13.628,4,2
4899,1513,1513,80000,2025-09-23 14:40:58.704,CCA,,Second Installment - Imported from Excel,2025-09-23 14:40:58.705,4,3
6405,1513,1513,80000,2025-09-23 14:54:54.393,CCA,,Second Installment - Imported from Excel,2025-09-23 14:54:54.394,4,4
1888,1514,1514,25000,2025-09-23 12:44:43.487,CCA,,First Installment - Imported from Excel,2025-09-23 12:44:43.488,5,2
3394,1514,1514,25000,2025-09-23 13:31:13.633,CCA,,First Installment - Imported from Excel,2025-09-23 13:31:13.633,5,3
4900,1514,1514,25000,2025-09-23 14:40:58.711,CCA,,First Installment - Imported from Excel,2025-09-23 14:40:58.711,5,4
6406,1514,1514,25000,2025-09-23 14:54:54.4,CCA,,First Installment - Imported from Excel,2025-09-23 14:54:54.401,5,5
3395,1515,1515,25000,2025-09-23 13:31:13.638,CCA,,First Installment - Imported from Excel,2025-09-23 13:31:13.639,4,2
4901,1515,1515,25000,2025-09-23 14:40:58.716,CCA,,First Installment - Imported from Excel,2025-09-23 14:40:58.717,4,3
6407,1515,1515,25000,2025-09-23 14:54:54.406,CCA,,First Installment - Imported from Excel,2025-09-23 14:54:54.407,4,4
3396,1515,1515,80000,2025-09-23 13:31:13.639,CCA,,Second Installment - Imported from Excel,2025-09-23 13:31:13.64,4,2
4902,1515,1515,80000,2025-09-23 14:40:58.718,CCA,,Second Installment - Imported from Excel,2025-09-23 14:40:58.718,4,3
6408,1515,1515,80000,2025-09-23 14:54:54.408,CCA,,Second Installment - Imported from Excel,2025-09-23 14:54:54.408,4,4
3397,1516,1516,25000,2025-09-23 13:31:13.643,CCA,,First Installment - Imported from Excel,2025-09-23 13:31:13.644,4,2
4903,1516,1516,25000,2025-09-23 14:40:58.723,CCA,,First Installment - Imported from Excel,2025-09-23 14:40:58.724,4,3
6409,1516,1516,25000,2025-09-23 14:54:54.418,CCA,,First Installment - Imported from Excel,2025-09-23 14:54:54.419,4,4
3398,1516,1516,80000,2025-09-23 13:31:13.644,CCA,,Second Installment - Imported from Excel,2025-09-23 13:31:13.645,4,2
4904,1516,1516,80000,2025-09-23 14:40:58.724,CCA,,Second Installment - Imported from Excel,2025-09-23 14:40:58.725,4,3
6410,1516,1516,80000,2025-09-23 14:54:54.42,CCA,,Second Installment - Imported from Excel,2025-09-23 14:54:54.421,4,4
1893,1517,1517,25000,2025-09-23 12:44:43.51,CCA,,First Installment - Imported from Excel,2025-09-23 12:44:43.51,5,2
3399,1517,1517,25000,2025-09-23 13:31:13.649,CCA,,First Installment - Imported from Excel,2025-09-23 13:31:13.649,5,3
4905,1517,1517,25000,2025-09-23 14:40:58.73,CCA,,First Installment - Imported from Excel,2025-09-23 14:40:58.73,5,4
6411,1517,1517,25000,2025-09-23 14:54:54.428,CCA,,First Installment - Imported from Excel,2025-09-23 14:54:54.429,5,5
1894,1518,1518,105000,2025-09-23 12:44:43.515,CCA,,First Installment - Imported from Excel,2025-09-23 12:44:43.516,5,2
3400,1518,1518,105000,2025-09-23 13:31:13.653,CCA,,First Installment - Imported from Excel,2025-09-23 13:31:13.654,5,3
4906,1518,1518,105000,2025-09-23 14:40:58.738,CCA,,First Installment - Imported from Excel,2025-09-23 14:40:58.739,5,4
6412,1518,1518,105000,2025-09-23 14:54:54.438,CCA,,First Installment - Imported from Excel,2025-09-23 14:54:54.439,5,5
3401,1519,1519,25000,2025-09-23 13:31:13.657,CCA,,First Installment - Imported from Excel,2025-09-23 13:31:13.658,4,2
4907,1519,1519,25000,2025-09-23 14:40:58.745,CCA,,First Installment - Imported from Excel,2025-09-23 14:40:58.745,4,3
6413,1519,1519,25000,2025-09-23 14:54:54.447,CCA,,First Installment - Imported from Excel,2025-09-23 14:54:54.447,4,4
3402,1519,1519,80000,2025-09-23 13:31:13.658,CCA,,Second Installment - Imported from Excel,2025-09-23 13:31:13.659,4,2
4908,1519,1519,80000,2025-09-23 14:40:58.746,CCA,,Second Installment - Imported from Excel,2025-09-23 14:40:58.747,4,3
6414,1519,1519,80000,2025-09-23 14:54:54.449,CCA,,Second Installment - Imported from Excel,2025-09-23 14:54:54.45,4,4
3403,1521,1521,25000,2025-09-23 13:31:13.664,CCA,,First Installment - Imported from Excel,2025-09-23 13:31:13.665,4,2
4909,1521,1521,25000,2025-09-23 14:40:58.752,CCA,,First Installment - Imported from Excel,2025-09-23 14:40:58.753,4,3
6415,1521,1521,25000,2025-09-23 14:54:54.459,CCA,,First Installment - Imported from Excel,2025-09-23 14:54:54.46,4,4
3404,1521,1521,80000,2025-09-23 13:31:13.665,CCA,,Second Installment - Imported from Excel,2025-09-23 13:31:13.666,4,2
4910,1521,1521,80000,2025-09-23 14:40:58.754,CCA,,Second Installment - Imported from Excel,2025-09-23 14:40:58.755,4,3
6416,1521,1521,80000,2025-09-23 14:54:54.463,CCA,,Second Installment - Imported from Excel,2025-09-23 14:54:54.464,4,4
1899,1522,1522,25000,2025-09-23 12:44:43.533,CCA,,First Installment - Imported from Excel,2025-09-23 12:44:43.534,5,2
3405,1522,1522,25000,2025-09-23 13:31:13.669,CCA,,First Installment - Imported from Excel,2025-09-23 13:31:13.67,5,3
4911,1522,1522,25000,2025-09-23 14:40:58.76,CCA,,First Installment - Imported from Excel,2025-09-23 14:40:58.761,5,4
6417,1522,1522,25000,2025-09-23 14:54:54.47,CCA,,First Installment - Imported from Excel,2025-09-23 14:54:54.471,5,5
1900,1523,1523,100000,2025-09-23 12:44:43.54,CCA,,First Installment - Imported from Excel,2025-09-23 12:44:43.541,5,2
3406,1523,1523,100000,2025-09-23 13:31:13.674,CCA,,First Installment - Imported from Excel,2025-09-23 13:31:13.674,5,3
4912,1523,1523,100000,2025-09-23 14:40:58.766,CCA,,First Installment - Imported from Excel,2025-09-23 14:40:58.767,5,4
6418,1523,1523,100000,2025-09-23 14:54:54.478,CCA,,First Installment - Imported from Excel,2025-09-23 14:54:54.479,5,5
3494,1524,1524,25000,2025-09-23 13:31:14.505,CCA,,First Installment - Imported from Excel,2025-09-23 13:31:14.506,5,2
5000,1524,1524,25000,2025-09-23 14:40:59.664,CCA,,First Installment - Imported from Excel,2025-09-23 14:40:59.664,5,3
6506,1524,1524,25000,2025-09-23 14:54:55.654,CCA,,First Installment - Imported from Excel,2025-09-23 14:54:55.655,5,4
7671,1524,1524,25000,2026-06-01 00:00:00,EXPRESS_UNION,RCP1780318612156,,2026-06-01 12:56:53.147,5,5
3495,1524,1524,100000,2025-09-23 13:31:14.507,CCA,,Second Installment - Imported from Excel,2025-09-23 13:31:14.507,4,2
5001,1524,1524,100000,2025-09-23 14:40:59.665,CCA,,Second Installment - Imported from Excel,2025-09-23 14:40:59.666,4,3
6507,1524,1524,100000,2025-09-23 14:54:55.656,CCA,,Second Installment - Imported from Excel,2025-09-23 14:54:55.656,4,4
3496,1525,1525,25000,2025-09-23 13:31:14.513,CCA,,First Installment - Imported from Excel,2025-09-23 13:31:14.514,4,2
5002,1525,1525,25000,2025-09-23 14:40:59.67,CCA,,First Installment - Imported from Excel,2025-09-23 14:40:59.671,4,3
6508,1525,1525,25000,2025-09-23 14:54:55.662,CCA,,First Installment - Imported from Excel,2025-09-23 14:54:55.663,4,4
3497,1525,1525,50000,2025-09-23 13:31:14.515,CCA,,Second Installment - Imported from Excel,2025-09-23 13:31:14.515,4,2
5003,1525,1525,50000,2025-09-23 14:40:59.671,CCA,,Second Installment - Imported from Excel,2025-09-23 14:40:59.672,4,3
6509,1525,1525,50000,2025-09-23 14:54:55.663,CCA,,Second Installment - Imported from Excel,2025-09-23 14:54:55.664,4,4
3498,1526,1526,25000,2025-09-23 13:31:14.521,CCA,,First Installment - Imported from Excel,2025-09-23 13:31:14.522,4,2
5004,1526,1526,25000,2025-09-23 14:40:59.676,CCA,,First Installment - Imported from Excel,2025-09-23 14:40:59.677,4,3
6510,1526,1526,25000,2025-09-23 14:54:55.669,CCA,,First Installment - Imported from Excel,2025-09-23 14:54:55.67,4,4
3499,1526,1526,80000,2025-09-23 13:31:14.523,CCA,,Second Installment - Imported from Excel,2025-09-23 13:31:14.524,4,2
5005,1526,1526,80000,2025-09-23 14:40:59.677,CCA,,Second Installment - Imported from Excel,2025-09-23 14:40:59.678,4,3
6511,1526,1526,80000,2025-09-23 14:54:55.67,CCA,,Second Installment - Imported from Excel,2025-09-23 14:54:55.671,4,4
3500,1527,1527,25000,2025-09-23 13:31:14.53,CCA,,First Installment - Imported from Excel,2025-09-23 13:31:14.531,4,2
5006,1527,1527,25000,2025-09-23 14:40:59.685,CCA,,First Installment - Imported from Excel,2025-09-23 14:40:59.685,4,3
6512,1527,1527,25000,2025-09-23 14:54:55.677,CCA,,First Installment - Imported from Excel,2025-09-23 14:54:55.678,4,4
3501,1527,1527,150000,2025-09-23 13:31:14.531,CCA,,Second Installment - Imported from Excel,2025-09-23 13:31:14.532,4,2
5007,1527,1527,150000,2025-09-23 14:40:59.686,CCA,,Second Installment - Imported from Excel,2025-09-23 14:40:59.687,4,3
6513,1527,1527,150000,2025-09-23 14:54:55.679,CCA,,Second Installment - Imported from Excel,2025-09-23 14:54:55.679,4,4
1996,1528,1528,25000,2025-09-23 12:44:44.835,CCA,,First Installment - Imported from Excel,2025-09-23 12:44:44.836,5,2
3502,1528,1528,25000,2025-09-23 13:31:14.537,CCA,,First Installment - Imported from Excel,2025-09-23 13:31:14.537,5,3
5008,1528,1528,25000,2025-09-23 14:40:59.693,CCA,,First Installment - Imported from Excel,2025-09-23 14:40:59.694,5,4
6514,1528,1528,25000,2025-09-23 14:54:55.686,CCA,,First Installment - Imported from Excel,2025-09-23 14:54:55.687,5,5
1997,1529,1529,100000,2025-09-23 12:44:44.843,CCA,,First Installment - Imported from Excel,2025-09-23 12:44:44.844,5,2
3503,1529,1529,100000,2025-09-23 13:31:14.542,CCA,,First Installment - Imported from Excel,2025-09-23 13:31:14.543,5,3
5009,1529,1529,100000,2025-09-23 14:40:59.701,CCA,,First Installment - Imported from Excel,2025-09-23 14:40:59.701,5,4
6515,1529,1529,100000,2025-09-23 14:54:55.695,CCA,,First Installment - Imported from Excel,2025-09-23 14:54:55.695,5,5
3504,1530,1530,25000,2025-09-23 13:31:14.548,CCA,,First Installment - Imported from Excel,2025-09-23 13:31:14.548,4,2
5010,1530,1530,25000,2025-09-23 14:40:59.708,CCA,,First Installment - Imported from Excel,2025-09-23 14:40:59.709,4,3
6516,1530,1530,25000,2025-09-23 14:54:55.703,CCA,,First Installment - Imported from Excel,2025-09-23 14:54:55.704,4,4
3505,1530,1530,80000,2025-09-23 13:31:14.549,CCA,,Second Installment - Imported from Excel,2025-09-23 13:31:14.55,4,2
5011,1530,1530,80000,2025-09-23 14:40:59.709,CCA,,Second Installment - Imported from Excel,2025-09-23 14:40:59.71,4,3
6517,1530,1530,80000,2025-09-23 14:54:55.706,CCA,,Second Installment - Imported from Excel,2025-09-23 14:54:55.707,4,4
3507,1531,1531,30000,2025-09-23 13:31:14.555,CCA,,Second Installment - Imported from Excel,2025-09-23 13:31:14.556,4,2
5013,1531,1531,30000,2025-09-23 14:40:59.723,CCA,,Second Installment - Imported from Excel,2025-09-23 14:40:59.725,4,3
6519,1531,1531,30000,2025-09-23 14:54:55.717,CCA,,Second Installment - Imported from Excel,2025-09-23 14:54:55.717,4,4
3506,1531,1531,50000,2025-09-23 13:31:14.554,CCA,,First Installment - Imported from Excel,2025-09-23 13:31:14.555,4,2
5012,1531,1531,50000,2025-09-23 14:40:59.721,CCA,,First Installment - Imported from Excel,2025-09-23 14:40:59.722,4,3
6518,1531,1531,50000,2025-09-23 14:54:55.715,CCA,,First Installment - Imported from Excel,2025-09-23 14:54:55.716,4,4
2002,1532,1532,25000,2025-09-23 12:44:44.871,CCA,,First Installment - Imported from Excel,2025-09-23 12:44:44.871,5,2
3508,1532,1532,25000,2025-09-23 13:31:14.56,CCA,,First Installment - Imported from Excel,2025-09-23 13:31:14.561,5,3
5014,1532,1532,25000,2025-09-23 14:40:59.733,CCA,,First Installment - Imported from Excel,2025-09-23 14:40:59.734,5,4
6520,1532,1532,25000,2025-09-23 14:54:55.722,CCA,,First Installment - Imported from Excel,2025-09-23 14:54:55.723,5,5
3509,1533,1533,25000,2025-09-23 13:31:14.565,CCA,,First Installment - Imported from Excel,2025-09-23 13:31:14.566,4,2
5015,1533,1533,25000,2025-09-23 14:40:59.74,CCA,,First Installment - Imported from Excel,2025-09-23 14:40:59.741,4,3
6521,1533,1533,25000,2025-09-23 14:54:55.728,CCA,,First Installment - Imported from Excel,2025-09-23 14:54:55.728,4,4
3510,1533,1533,80000,2025-09-23 13:31:14.569,CCA,,Second Installment - Imported from Excel,2025-09-23 13:31:14.57,4,2
5016,1533,1533,80000,2025-09-23 14:40:59.741,CCA,,Second Installment - Imported from Excel,2025-09-23 14:40:59.742,4,3
6522,1533,1533,80000,2025-09-23 14:54:55.73,CCA,,Second Installment - Imported from Excel,2025-09-23 14:54:55.73,4,4
2005,1534,1534,25000,2025-09-23 12:44:44.885,CCA,,First Installment - Imported from Excel,2025-09-23 12:44:44.886,5,2
3511,1534,1534,25000,2025-09-23 13:31:14.575,CCA,,First Installment - Imported from Excel,2025-09-23 13:31:14.575,5,3
5017,1534,1534,25000,2025-09-23 14:40:59.754,CCA,,First Installment - Imported from Excel,2025-09-23 14:40:59.755,5,4
6523,1534,1534,25000,2025-09-23 14:54:55.741,CCA,,First Installment - Imported from Excel,2025-09-23 14:54:55.742,5,5
3512,1535,1535,25000,2025-09-23 13:31:14.581,CCA,,First Installment - Imported from Excel,2025-09-23 13:31:14.582,4,2
5018,1535,1535,25000,2025-09-23 14:40:59.765,CCA,,First Installment - Imported from Excel,2025-09-23 14:40:59.766,4,3
6524,1535,1535,25000,2025-09-23 14:54:55.749,CCA,,First Installment - Imported from Excel,2025-09-23 14:54:55.749,4,4
3513,1535,1535,80000,2025-09-23 13:31:14.582,CCA,,Second Installment - Imported from Excel,2025-09-23 13:31:14.583,4,2
5019,1535,1535,80000,2025-09-23 14:40:59.767,CCA,,Second Installment - Imported from Excel,2025-09-23 14:40:59.768,4,3
6525,1535,1535,80000,2025-09-23 14:54:55.751,CCA,,Second Installment - Imported from Excel,2025-09-23 14:54:55.751,4,4
2008,1536,1536,25000,2025-09-23 12:44:44.899,CCA,,First Installment - Imported from Excel,2025-09-23 12:44:44.9,5,2
3514,1536,1536,25000,2025-09-23 13:31:14.587,CCA,,First Installment - Imported from Excel,2025-09-23 13:31:14.588,5,3
5020,1536,1536,25000,2025-09-23 14:40:59.776,CCA,,First Installment - Imported from Excel,2025-09-23 14:40:59.776,5,4
6526,1536,1536,25000,2025-09-23 14:54:55.758,CCA,,First Installment - Imported from Excel,2025-09-23 14:54:55.759,5,5
2009,1537,1537,100000,2025-09-23 12:44:44.907,CCA,,First Installment - Imported from Excel,2025-09-23 12:44:44.908,5,2
3515,1537,1537,100000,2025-09-23 13:31:14.593,CCA,,First Installment - Imported from Excel,2025-09-23 13:31:14.593,5,3
5021,1537,1537,100000,2025-09-23 14:40:59.784,CCA,,First Installment - Imported from Excel,2025-09-23 14:40:59.785,5,4
6527,1537,1537,100000,2025-09-23 14:54:55.764,CCA,,First Installment - Imported from Excel,2025-09-23 14:54:55.765,5,5
3516,1538,1538,25000,2025-09-23 13:31:14.598,CCA,,First Installment - Imported from Excel,2025-09-23 13:31:14.599,4,2
5022,1538,1538,25000,2025-09-23 14:40:59.795,CCA,,First Installment - Imported from Excel,2025-09-23 14:40:59.796,4,3
6528,1538,1538,25000,2025-09-23 14:54:55.771,CCA,,First Installment - Imported from Excel,2025-09-23 14:54:55.772,4,4
3517,1538,1538,80000,2025-09-23 13:31:14.599,CCA,,Second Installment - Imported from Excel,2025-09-23 13:31:14.6,4,2
5023,1538,1538,80000,2025-09-23 14:40:59.796,CCA,,Second Installment - Imported from Excel,2025-09-23 14:40:59.797,4,3
6529,1538,1538,80000,2025-09-23 14:54:55.772,CCA,,Second Installment - Imported from Excel,2025-09-23 14:54:55.773,4,4
2012,1539,1539,25000,2025-09-23 12:44:44.919,CCA,,First Installment - Imported from Excel,2025-09-23 12:44:44.92,5,2
3518,1539,1539,25000,2025-09-23 13:31:14.604,CCA,,First Installment - Imported from Excel,2025-09-23 13:31:14.605,5,3
5024,1539,1539,25000,2025-09-23 14:40:59.804,CCA,,First Installment - Imported from Excel,2025-09-23 14:40:59.804,5,4
6530,1539,1539,25000,2025-09-23 14:54:55.778,CCA,,First Installment - Imported from Excel,2025-09-23 14:54:55.779,5,5
2013,1540,1540,175000,2025-09-23 12:44:44.924,CCA,,First Installment - Imported from Excel,2025-09-23 12:44:44.925,5,2
3519,1540,1540,175000,2025-09-23 13:31:14.611,CCA,,First Installment - Imported from Excel,2025-09-23 13:31:14.612,5,3
5025,1540,1540,175000,2025-09-23 14:40:59.81,CCA,,First Installment - Imported from Excel,2025-09-23 14:40:59.811,5,4
6531,1540,1540,175000,2025-09-23 14:54:55.784,CCA,,First Installment - Imported from Excel,2025-09-23 14:54:55.785,5,5
2014,1541,1541,25000,2025-09-23 12:44:44.929,CCA,,First Installment - Imported from Excel,2025-09-23 12:44:44.93,5,2
3520,1541,1541,25000,2025-09-23 13:31:14.618,CCA,,First Installment - Imported from Excel,2025-09-23 13:31:14.619,5,3
5026,1541,1541,25000,2025-09-23 14:40:59.817,CCA,,First Installment - Imported from Excel,2025-09-23 14:40:59.818,5,4
6532,1541,1541,25000,2025-09-23 14:54:55.79,CCA,,First Installment - Imported from Excel,2025-09-23 14:54:55.791,5,5
2015,1542,1542,25000,2025-09-23 12:44:44.935,CCA,,First Installment - Imported from Excel,2025-09-23 12:44:44.935,5,2
3521,1542,1542,25000,2025-09-23 13:31:14.626,CCA,,First Installment - Imported from Excel,2025-09-23 13:31:14.627,5,3
5027,1542,1542,25000,2025-09-23 14:40:59.826,CCA,,First Installment - Imported from Excel,2025-09-23 14:40:59.826,5,4
6533,1542,1542,25000,2025-09-23 14:54:55.798,CCA,,First Installment - Imported from Excel,2025-09-23 14:54:55.799,5,5
2016,1543,1543,25000,2025-09-23 12:44:44.941,CCA,,First Installment - Imported from Excel,2025-09-23 12:44:44.942,5,2
3522,1543,1543,25000,2025-09-23 13:31:14.634,CCA,,First Installment - Imported from Excel,2025-09-23 13:31:14.635,5,3
5028,1543,1543,25000,2025-09-23 14:40:59.832,CCA,,First Installment - Imported from Excel,2025-09-23 14:40:59.833,5,4
6534,1543,1543,25000,2025-09-23 14:54:55.806,CCA,,First Installment - Imported from Excel,2025-09-23 14:54:55.807,5,5
3524,1544,1544,20000,2025-09-23 13:31:14.645,CCA,,Second Installment - Imported from Excel,2025-09-23 13:31:14.646,4,2
5030,1544,1544,20000,2025-09-23 14:40:59.842,CCA,,Second Installment - Imported from Excel,2025-09-23 14:40:59.843,4,3
6536,1544,1544,20000,2025-09-23 14:54:55.815,CCA,,Second Installment - Imported from Excel,2025-09-23 14:54:55.815,4,4
3523,1544,1544,100000,2025-09-23 13:31:14.642,CCA,,First Installment - Imported from Excel,2025-09-23 13:31:14.643,4,2
5029,1544,1544,100000,2025-09-23 14:40:59.84,CCA,,First Installment - Imported from Excel,2025-09-23 14:40:59.841,4,3
6535,1544,1544,100000,2025-09-23 14:54:55.813,CCA,,First Installment - Imported from Excel,2025-09-23 14:54:55.814,4,4
2019,1545,1545,25000,2025-09-23 12:44:44.955,CCA,,First Installment - Imported from Excel,2025-09-23 12:44:44.956,5,2
3525,1545,1545,25000,2025-09-23 13:31:14.652,CCA,,First Installment - Imported from Excel,2025-09-23 13:31:14.653,5,3
5031,1545,1545,25000,2025-09-23 14:40:59.851,CCA,,First Installment - Imported from Excel,2025-09-23 14:40:59.852,5,4
6537,1545,1545,25000,2025-09-23 14:54:55.822,CCA,,First Installment - Imported from Excel,2025-09-23 14:54:55.823,5,5
2020,1546,1546,25000,2025-09-23 12:44:44.961,CCA,,First Installment - Imported from Excel,2025-09-23 12:44:44.962,5,2
3526,1546,1546,25000,2025-09-23 13:31:14.66,CCA,,First Installment - Imported from Excel,2025-09-23 13:31:14.661,5,3
5032,1546,1546,25000,2025-09-23 14:40:59.858,CCA,,First Installment - Imported from Excel,2025-09-23 14:40:59.859,5,4
6538,1546,1546,25000,2025-09-23 14:54:55.83,CCA,,First Installment - Imported from Excel,2025-09-23 14:54:55.831,5,5
3527,1547,1547,25000,2025-09-23 13:31:14.667,CCA,,First Installment - Imported from Excel,2025-09-23 13:31:14.667,4,2
5033,1547,1547,25000,2025-09-23 14:40:59.866,CCA,,First Installment - Imported from Excel,2025-09-23 14:40:59.867,4,3
6539,1547,1547,25000,2025-09-23 14:54:55.838,CCA,,First Installment - Imported from Excel,2025-09-23 14:54:55.839,4,4
3528,1547,1547,80000,2025-09-23 13:31:14.668,CCA,,Second Installment - Imported from Excel,2025-09-23 13:31:14.669,4,2
5034,1547,1547,80000,2025-09-23 14:40:59.868,CCA,,Second Installment - Imported from Excel,2025-09-23 14:40:59.868,4,3
6540,1547,1547,80000,2025-09-23 14:54:55.84,CCA,,Second Installment - Imported from Excel,2025-09-23 14:54:55.841,4,4
2023,1548,1548,25000,2025-09-23 12:44:44.973,CCA,,First Installment - Imported from Excel,2025-09-23 12:44:44.974,5,2
3529,1548,1548,25000,2025-09-23 13:31:14.673,CCA,,First Installment - Imported from Excel,2025-09-23 13:31:14.674,5,3
5035,1548,1548,25000,2025-09-23 14:40:59.876,CCA,,First Installment - Imported from Excel,2025-09-23 14:40:59.876,5,4
6541,1548,1548,25000,2025-09-23 14:54:55.847,CCA,,First Installment - Imported from Excel,2025-09-23 14:54:55.848,5,5
2024,1549,1549,105000,2025-09-23 12:44:44.979,CCA,,First Installment - Imported from Excel,2025-09-23 12:44:44.979,5,2
3530,1549,1549,105000,2025-09-23 13:31:14.68,CCA,,First Installment - Imported from Excel,2025-09-23 13:31:14.681,5,3
5036,1549,1549,105000,2025-09-23 14:40:59.882,CCA,,First Installment - Imported from Excel,2025-09-23 14:40:59.883,5,4
6542,1549,1549,105000,2025-09-23 14:54:55.854,CCA,,First Installment - Imported from Excel,2025-09-23 14:54:55.854,5,5
3531,1550,1550,25000,2025-09-23 13:31:14.685,CCA,,First Installment - Imported from Excel,2025-09-23 13:31:14.686,4,2
5037,1550,1550,25000,2025-09-23 14:40:59.889,CCA,,First Installment - Imported from Excel,2025-09-23 14:40:59.889,4,3
6543,1550,1550,25000,2025-09-23 14:54:55.861,CCA,,First Installment - Imported from Excel,2025-09-23 14:54:55.861,4,4
3532,1550,1550,150000,2025-09-23 13:31:14.686,CCA,,Second Installment - Imported from Excel,2025-09-23 13:31:14.687,4,2
5038,1550,1550,150000,2025-09-23 14:40:59.89,CCA,,Second Installment - Imported from Excel,2025-09-23 14:40:59.891,4,3
6544,1550,1550,150000,2025-09-23 14:54:55.862,CCA,,Second Installment - Imported from Excel,2025-09-23 14:54:55.863,4,4
2027,1551,1551,150000,2025-09-23 12:44:44.989,CCA,,First Installment - Imported from Excel,2025-09-23 12:44:44.99,5,2
3533,1551,1551,150000,2025-09-23 13:31:14.691,CCA,,First Installment - Imported from Excel,2025-09-23 13:31:14.692,5,3
5039,1551,1551,150000,2025-09-23 14:40:59.896,CCA,,First Installment - Imported from Excel,2025-09-23 14:40:59.896,5,4
6545,1551,1551,150000,2025-09-23 14:54:55.869,CCA,,First Installment - Imported from Excel,2025-09-23 14:54:55.869,5,5
2028,1552,1552,130000,2025-09-23 12:44:44.994,CCA,,First Installment - Imported from Excel,2025-09-23 12:44:44.994,5,2
3534,1552,1552,130000,2025-09-23 13:31:14.695,CCA,,First Installment - Imported from Excel,2025-09-23 13:31:14.696,5,3
5040,1552,1552,130000,2025-09-23 14:40:59.905,CCA,,First Installment - Imported from Excel,2025-09-23 14:40:59.905,5,4
6546,1552,1552,130000,2025-09-23 14:54:55.874,CCA,,First Installment - Imported from Excel,2025-09-23 14:54:55.875,5,5
2029,1553,1553,175000,2025-09-23 12:44:44.999,CCA,,First Installment - Imported from Excel,2025-09-23 12:44:44.999,5,2
3535,1553,1553,175000,2025-09-23 13:31:14.701,CCA,,First Installment - Imported from Excel,2025-09-23 13:31:14.702,5,3
5041,1553,1553,175000,2025-09-23 14:40:59.912,CCA,,First Installment - Imported from Excel,2025-09-23 14:40:59.913,5,4
6547,1553,1553,175000,2025-09-23 14:54:55.88,CCA,,First Installment - Imported from Excel,2025-09-23 14:54:55.88,5,5
2030,1554,1554,25000,2025-09-23 12:44:45.007,CCA,,First Installment - Imported from Excel,2025-09-23 12:44:45.007,5,2
3536,1554,1554,25000,2025-09-23 13:31:14.706,CCA,,First Installment - Imported from Excel,2025-09-23 13:31:14.706,5,3
5042,1554,1554,25000,2025-09-23 14:40:59.919,CCA,,First Installment - Imported from Excel,2025-09-23 14:40:59.92,5,4
6548,1554,1554,25000,2025-09-23 14:54:55.886,CCA,,First Installment - Imported from Excel,2025-09-23 14:54:55.887,5,5
3537,1555,1555,25000,2025-09-23 13:31:14.711,CCA,,First Installment - Imported from Excel,2025-09-23 13:31:14.711,4,2
5043,1555,1555,25000,2025-09-23 14:40:59.925,CCA,,First Installment - Imported from Excel,2025-09-23 14:40:59.926,4,3
6549,1555,1555,25000,2025-09-23 14:54:55.893,CCA,,First Installment - Imported from Excel,2025-09-23 14:54:55.893,4,4
3538,1555,1555,80000,2025-09-23 13:31:14.712,CCA,,Second Installment - Imported from Excel,2025-09-23 13:31:14.713,4,2
5044,1555,1555,80000,2025-09-23 14:40:59.927,CCA,,Second Installment - Imported from Excel,2025-09-23 14:40:59.927,4,3
6550,1555,1555,80000,2025-09-23 14:54:55.894,CCA,,Second Installment - Imported from Excel,2025-09-23 14:54:55.895,4,4
3539,1556,1556,25000,2025-09-23 13:31:14.718,CCA,,First Installment - Imported from Excel,2025-09-23 13:31:14.719,4,2
5045,1556,1556,25000,2025-09-23 14:40:59.933,CCA,,First Installment - Imported from Excel,2025-09-23 14:40:59.934,4,3
6551,1556,1556,25000,2025-09-23 14:54:55.9,CCA,,First Installment - Imported from Excel,2025-09-23 14:54:55.901,4,4
3540,1556,1556,80000,2025-09-23 13:31:14.719,CCA,,Second Installment - Imported from Excel,2025-09-23 13:31:14.72,4,2
5046,1556,1556,80000,2025-09-23 14:40:59.935,CCA,,Second Installment - Imported from Excel,2025-09-23 14:40:59.935,4,3
6552,1556,1556,80000,2025-09-23 14:54:55.901,CCA,,Second Installment - Imported from Excel,2025-09-23 14:54:55.902,4,4
3541,1557,1557,25000,2025-09-23 13:31:14.724,CCA,,First Installment - Imported from Excel,2025-09-23 13:31:14.725,4,2
5047,1557,1557,25000,2025-09-23 14:40:59.94,CCA,,First Installment - Imported from Excel,2025-09-23 14:40:59.941,4,3
6553,1557,1557,25000,2025-09-23 14:54:55.907,CCA,,First Installment - Imported from Excel,2025-09-23 14:54:55.908,4,4
3543,1557,1557,60000,2025-09-23 13:31:14.727,CCA,,Third Installment - Imported from Excel,2025-09-23 13:31:14.728,4,2
5049,1557,1557,60000,2025-09-23 14:40:59.943,CCA,,Third Installment - Imported from Excel,2025-09-23 14:40:59.944,4,3
6555,1557,1557,60000,2025-09-23 14:54:55.91,CCA,,Third Installment - Imported from Excel,2025-09-23 14:54:55.91,4,4
3542,1557,1557,90000,2025-09-23 13:31:14.725,CCA,,Second Installment - Imported from Excel,2025-09-23 13:31:14.726,4,2
5048,1557,1557,90000,2025-09-23 14:40:59.942,CCA,,Second Installment - Imported from Excel,2025-09-23 14:40:59.942,4,3
6554,1557,1557,90000,2025-09-23 14:54:55.908,CCA,,Second Installment - Imported from Excel,2025-09-23 14:54:55.909,4,4
2038,1558,1558,125000,2025-09-23 12:44:45.035,CCA,,First Installment - Imported from Excel,2025-09-23 12:44:45.036,5,2
3544,1558,1558,125000,2025-09-23 13:31:14.733,CCA,,First Installment - Imported from Excel,2025-09-23 13:31:14.733,5,3
5050,1558,1558,125000,2025-09-23 14:40:59.952,CCA,,First Installment - Imported from Excel,2025-09-23 14:40:59.952,5,4
6556,1558,1558,125000,2025-09-23 14:54:55.916,CCA,,First Installment - Imported from Excel,2025-09-23 14:54:55.916,5,5
3545,1559,1559,25000,2025-09-23 13:31:14.739,CCA,,First Installment - Imported from Excel,2025-09-23 13:31:14.739,4,2
5051,1559,1559,25000,2025-09-23 14:40:59.958,CCA,,First Installment - Imported from Excel,2025-09-23 14:40:59.959,4,3
6557,1559,1559,25000,2025-09-23 14:54:55.922,CCA,,First Installment - Imported from Excel,2025-09-23 14:54:55.923,4,4
3546,1559,1559,80000,2025-09-23 13:31:14.74,CCA,,Second Installment - Imported from Excel,2025-09-23 13:31:14.741,4,2
5052,1559,1559,80000,2025-09-23 14:40:59.96,CCA,,Second Installment - Imported from Excel,2025-09-23 14:40:59.96,4,3
6558,1559,1559,80000,2025-09-23 14:54:55.923,CCA,,Second Installment - Imported from Excel,2025-09-23 14:54:55.924,4,4
2041,1560,1560,25000,2025-09-23 12:44:45.052,CCA,,First Installment - Imported from Excel,2025-09-23 12:44:45.053,5,2
3547,1560,1560,25000,2025-09-23 13:31:14.748,CCA,,First Installment - Imported from Excel,2025-09-23 13:31:14.748,5,3
5053,1560,1560,25000,2025-09-23 14:40:59.968,CCA,,First Installment - Imported from Excel,2025-09-23 14:40:59.969,5,4
6559,1560,1560,25000,2025-09-23 14:54:55.929,CCA,,First Installment - Imported from Excel,2025-09-23 14:54:55.93,5,5
3548,1560,1560,80000,2025-09-23 13:31:14.75,CCA,,Second Installment - Imported from Excel,2025-09-23 13:31:14.751,4,2
5054,1560,1560,80000,2025-09-23 14:40:59.97,CCA,,Second Installment - Imported from Excel,2025-09-23 14:40:59.97,4,3
6560,1560,1560,80000,2025-09-23 14:54:55.93,CCA,,Second Installment - Imported from Excel,2025-09-23 14:54:55.931,4,4
2043,1561,1561,25000,2025-09-23 12:44:45.06,CCA,,First Installment - Imported from Excel,2025-09-23 12:44:45.061,5,2
3549,1561,1561,25000,2025-09-23 13:31:14.758,CCA,,First Installment - Imported from Excel,2025-09-23 13:31:14.759,5,3
5055,1561,1561,25000,2025-09-23 14:40:59.977,CCA,,First Installment - Imported from Excel,2025-09-23 14:40:59.978,5,4
6561,1561,1561,25000,2025-09-23 14:54:55.936,CCA,,First Installment - Imported from Excel,2025-09-23 14:54:55.937,5,5
3550,1562,1562,40000,2025-09-23 13:31:14.765,CCA,,First Installment - Imported from Excel,2025-09-23 13:31:14.766,4,2
5056,1562,1562,40000,2025-09-23 14:40:59.985,CCA,,First Installment - Imported from Excel,2025-09-23 14:40:59.986,4,3
6562,1562,1562,40000,2025-09-23 14:54:55.943,CCA,,First Installment - Imported from Excel,2025-09-23 14:54:55.943,4,4
3551,1562,1562,65000,2025-09-23 13:31:14.766,CCA,,Second Installment - Imported from Excel,2025-09-23 13:31:14.767,4,2
5057,1562,1562,65000,2025-09-23 14:40:59.987,CCA,,Second Installment - Imported from Excel,2025-09-23 14:40:59.988,4,3
6563,1562,1562,65000,2025-09-23 14:54:55.944,CCA,,Second Installment - Imported from Excel,2025-09-23 14:54:55.945,4,4
2046,1563,1563,25000,2025-09-23 12:44:45.075,CCA,,First Installment - Imported from Excel,2025-09-23 12:44:45.076,5,2
3552,1563,1563,25000,2025-09-23 13:31:14.773,CCA,,First Installment - Imported from Excel,2025-09-23 13:31:14.773,5,3
5058,1563,1563,25000,2025-09-23 14:40:59.997,CCA,,First Installment - Imported from Excel,2025-09-23 14:40:59.998,5,4
6564,1563,1563,25000,2025-09-23 14:54:55.951,CCA,,First Installment - Imported from Excel,2025-09-23 14:54:55.951,5,5
3553,1564,1564,25000,2025-09-23 13:31:14.778,CCA,,First Installment - Imported from Excel,2025-09-23 13:31:14.779,4,2
5059,1564,1564,25000,2025-09-23 14:41:00.016,CCA,,First Installment - Imported from Excel,2025-09-23 14:41:00.017,4,3
6565,1564,1564,25000,2025-09-23 14:54:55.958,CCA,,First Installment - Imported from Excel,2025-09-23 14:54:55.959,4,4
3554,1564,1564,80000,2025-09-23 13:31:14.779,CCA,,Second Installment - Imported from Excel,2025-09-23 13:31:14.78,4,2
5060,1564,1564,80000,2025-09-23 14:41:00.022,CCA,,Second Installment - Imported from Excel,2025-09-23 14:41:00.022,4,3
6566,1564,1564,80000,2025-09-23 14:54:55.959,CCA,,Second Installment - Imported from Excel,2025-09-23 14:54:55.96,4,4
3555,1565,1565,25000,2025-09-23 13:31:14.784,CCA,,First Installment - Imported from Excel,2025-09-23 13:31:14.785,4,2
5061,1565,1565,25000,2025-09-23 14:41:00.039,CCA,,First Installment - Imported from Excel,2025-09-23 14:41:00.04,4,3
6567,1565,1565,25000,2025-09-23 14:54:55.971,CCA,,First Installment - Imported from Excel,2025-09-23 14:54:55.971,4,4
3556,1565,1565,80000,2025-09-23 13:31:14.786,CCA,,Second Installment - Imported from Excel,2025-09-23 13:31:14.787,4,2
5062,1565,1565,80000,2025-09-23 14:41:00.043,CCA,,Second Installment - Imported from Excel,2025-09-23 14:41:00.044,4,3
6568,1565,1565,80000,2025-09-23 14:54:55.973,CCA,,Second Installment - Imported from Excel,2025-09-23 14:54:55.974,4,4
2051,1566,1566,175000,2025-09-23 12:44:45.102,CCA,,First Installment - Imported from Excel,2025-09-23 12:44:45.102,5,2
3557,1566,1566,175000,2025-09-23 13:31:14.792,CCA,,First Installment - Imported from Excel,2025-09-23 13:31:14.793,5,3
5063,1566,1566,175000,2025-09-23 14:41:00.053,CCA,,First Installment - Imported from Excel,2025-09-23 14:41:00.054,5,4
6569,1566,1566,175000,2025-09-23 14:54:55.979,CCA,,First Installment - Imported from Excel,2025-09-23 14:54:55.98,5,5
2052,1567,1567,25000,2025-09-23 12:44:45.109,CCA,,First Installment - Imported from Excel,2025-09-23 12:44:45.11,5,2
3558,1567,1567,25000,2025-09-23 13:31:14.797,CCA,,First Installment - Imported from Excel,2025-09-23 13:31:14.798,5,3
5064,1567,1567,25000,2025-09-23 14:41:00.062,CCA,,First Installment - Imported from Excel,2025-09-23 14:41:00.063,5,4
6570,1567,1567,25000,2025-09-23 14:54:55.988,CCA,,First Installment - Imported from Excel,2025-09-23 14:54:55.988,5,5
3559,1568,1568,25000,2025-09-23 13:31:14.803,CCA,,First Installment - Imported from Excel,2025-09-23 13:31:14.804,4,2
5065,1568,1568,25000,2025-09-23 14:41:00.076,CCA,,First Installment - Imported from Excel,2025-09-23 14:41:00.077,4,3
6571,1568,1568,25000,2025-09-23 14:54:55.995,CCA,,First Installment - Imported from Excel,2025-09-23 14:54:55.995,4,4
3560,1568,1568,100000,2025-09-23 13:31:14.804,CCA,,Second Installment - Imported from Excel,2025-09-23 13:31:14.805,4,2
5066,1568,1568,100000,2025-09-23 14:41:00.08,CCA,,Second Installment - Imported from Excel,2025-09-23 14:41:00.082,4,3
6572,1568,1568,100000,2025-09-23 14:54:55.996,CCA,,Second Installment - Imported from Excel,2025-09-23 14:54:55.997,4,4
3561,1569,1569,25000,2025-09-23 13:31:14.81,CCA,,First Installment - Imported from Excel,2025-09-23 13:31:14.811,4,2
5067,1569,1569,25000,2025-09-23 14:41:00.095,CCA,,First Installment - Imported from Excel,2025-09-23 14:41:00.096,4,3
6573,1569,1569,25000,2025-09-23 14:54:56.003,CCA,,First Installment - Imported from Excel,2025-09-23 14:54:56.004,4,4
3562,1569,1569,30000,2025-09-23 13:31:14.811,CCA,,Second Installment - Imported from Excel,2025-09-23 13:31:14.812,4,2
5068,1569,1569,30000,2025-09-23 14:41:00.098,CCA,,Second Installment - Imported from Excel,2025-09-23 14:41:00.099,4,3
6574,1569,1569,30000,2025-09-23 14:54:56.005,CCA,,Second Installment - Imported from Excel,2025-09-23 14:54:56.006,4,4
3563,1570,1570,25000,2025-09-23 13:31:14.818,CCA,,First Installment - Imported from Excel,2025-09-23 13:31:14.819,4,2
5069,1570,1570,25000,2025-09-23 14:41:00.115,CCA,,First Installment - Imported from Excel,2025-09-23 14:41:00.116,4,3
6575,1570,1570,25000,2025-09-23 14:54:56.013,CCA,,First Installment - Imported from Excel,2025-09-23 14:54:56.014,4,4
3564,1570,1570,100000,2025-09-23 13:31:14.82,CCA,,Second Installment - Imported from Excel,2025-09-23 13:31:14.821,4,2
5070,1570,1570,100000,2025-09-23 14:41:00.118,CCA,,Second Installment - Imported from Excel,2025-09-23 14:41:00.119,4,3
6576,1570,1570,100000,2025-09-23 14:54:56.015,CCA,,Second Installment - Imported from Excel,2025-09-23 14:54:56.016,4,4
3565,1571,1571,25000,2025-09-23 13:31:14.827,CCA,,First Installment - Imported from Excel,2025-09-23 13:31:14.827,4,2
5071,1571,1571,25000,2025-09-23 14:41:00.128,CCA,,First Installment - Imported from Excel,2025-09-23 14:41:00.128,4,3
6577,1571,1571,25000,2025-09-23 14:54:56.024,CCA,,First Installment - Imported from Excel,2025-09-23 14:54:56.024,4,4
3567,1571,1571,50000,2025-09-23 13:31:14.829,CCA,,Third Installment - Imported from Excel,2025-09-23 13:31:14.83,4,2
5073,1571,1571,50000,2025-09-23 14:41:00.131,CCA,,Third Installment - Imported from Excel,2025-09-23 14:41:00.131,4,3
6579,1571,1571,50000,2025-09-23 14:54:56.028,CCA,,Third Installment - Imported from Excel,2025-09-23 14:54:56.029,4,4
3566,1571,1571,100000,2025-09-23 13:31:14.828,CCA,,Second Installment - Imported from Excel,2025-09-23 13:31:14.828,4,2
5072,1571,1571,100000,2025-09-23 14:41:00.129,CCA,,Second Installment - Imported from Excel,2025-09-23 14:41:00.13,4,3
6578,1571,1571,100000,2025-09-23 14:54:56.025,CCA,,Second Installment - Imported from Excel,2025-09-23 14:54:56.026,4,4
2062,1572,1572,25000,2025-09-23 12:44:45.16,CCA,,First Installment - Imported from Excel,2025-09-23 12:44:45.161,5,2
3568,1572,1572,25000,2025-09-23 13:31:14.836,CCA,,First Installment - Imported from Excel,2025-09-23 13:31:14.837,5,3
5074,1572,1572,25000,2025-09-23 14:41:00.14,CCA,,First Installment - Imported from Excel,2025-09-23 14:41:00.141,5,4
6580,1572,1572,25000,2025-09-23 14:54:56.04,CCA,,First Installment - Imported from Excel,2025-09-23 14:54:56.041,5,5
3569,1573,1573,25000,2025-09-23 13:31:14.841,CCA,,First Installment - Imported from Excel,2025-09-23 13:31:14.842,4,2
5075,1573,1573,25000,2025-09-23 14:41:00.15,CCA,,First Installment - Imported from Excel,2025-09-23 14:41:00.151,4,3
6581,1573,1573,25000,2025-09-23 14:54:56.048,CCA,,First Installment - Imported from Excel,2025-09-23 14:54:56.049,4,4
3570,1573,1573,80000,2025-09-23 13:31:14.843,CCA,,Second Installment - Imported from Excel,2025-09-23 13:31:14.843,4,2
5076,1573,1573,80000,2025-09-23 14:41:00.153,CCA,,Second Installment - Imported from Excel,2025-09-23 14:41:00.154,4,3
6582,1573,1573,80000,2025-09-23 14:54:56.049,CCA,,Second Installment - Imported from Excel,2025-09-23 14:54:56.05,4,4
2065,1574,1574,25000,2025-09-23 12:44:45.178,CCA,,First Installment - Imported from Excel,2025-09-23 12:44:45.179,5,2
3571,1574,1574,25000,2025-09-23 13:31:14.848,CCA,,First Installment - Imported from Excel,2025-09-23 13:31:14.849,5,3
5077,1574,1574,25000,2025-09-23 14:41:00.162,CCA,,First Installment - Imported from Excel,2025-09-23 14:41:00.163,5,4
6583,1574,1574,25000,2025-09-23 14:54:56.055,CCA,,First Installment - Imported from Excel,2025-09-23 14:54:56.056,5,5
3572,1575,1575,25000,2025-09-23 13:31:14.854,CCA,,First Installment - Imported from Excel,2025-09-23 13:31:14.854,4,2
5078,1575,1575,25000,2025-09-23 14:41:00.173,CCA,,First Installment - Imported from Excel,2025-09-23 14:41:00.174,4,3
6584,1575,1575,25000,2025-09-23 14:54:56.061,CCA,,First Installment - Imported from Excel,2025-09-23 14:54:56.061,4,4
3573,1575,1575,80000,2025-09-23 13:31:14.855,CCA,,Second Installment - Imported from Excel,2025-09-23 13:31:14.856,4,2
5079,1575,1575,80000,2025-09-23 14:41:00.176,CCA,,Second Installment - Imported from Excel,2025-09-23 14:41:00.177,4,3
6585,1575,1575,80000,2025-09-23 14:54:56.062,CCA,,Second Installment - Imported from Excel,2025-09-23 14:54:56.062,4,4
3574,1576,1576,25000,2025-09-23 13:31:14.862,CCA,,First Installment - Imported from Excel,2025-09-23 13:31:14.862,4,2
5080,1576,1576,25000,2025-09-23 14:41:00.186,CCA,,First Installment - Imported from Excel,2025-09-23 14:41:00.187,4,3
6586,1576,1576,25000,2025-09-23 14:54:56.067,CCA,,First Installment - Imported from Excel,2025-09-23 14:54:56.067,4,4
3575,1576,1576,80000,2025-09-23 13:31:14.863,CCA,,Second Installment - Imported from Excel,2025-09-23 13:31:14.864,4,2
5081,1576,1576,80000,2025-09-23 14:41:00.189,CCA,,Second Installment - Imported from Excel,2025-09-23 14:41:00.189,4,3
6587,1576,1576,80000,2025-09-23 14:54:56.068,CCA,,Second Installment - Imported from Excel,2025-09-23 14:54:56.069,4,4
3576,1577,1577,25000,2025-09-23 13:31:14.87,CCA,,First Installment - Imported from Excel,2025-09-23 13:31:14.871,4,2
5082,1577,1577,25000,2025-09-23 14:41:00.204,CCA,,First Installment - Imported from Excel,2025-09-23 14:41:00.205,4,3
6588,1577,1577,25000,2025-09-23 14:54:56.073,CCA,,First Installment - Imported from Excel,2025-09-23 14:54:56.073,4,4
3577,1577,1577,80000,2025-09-23 13:31:14.871,CCA,,Second Installment - Imported from Excel,2025-09-23 13:31:14.872,4,2
5083,1577,1577,80000,2025-09-23 14:41:00.206,CCA,,Second Installment - Imported from Excel,2025-09-23 14:41:00.207,4,3
6589,1577,1577,80000,2025-09-23 14:54:56.074,CCA,,Second Installment - Imported from Excel,2025-09-23 14:54:56.074,4,4
2072,1578,1578,25000,2025-09-23 12:44:45.222,CCA,,First Installment - Imported from Excel,2025-09-23 12:44:45.222,5,2
3578,1578,1578,25000,2025-09-23 13:31:14.879,CCA,,First Installment - Imported from Excel,2025-09-23 13:31:14.88,5,3
5084,1578,1578,25000,2025-09-23 14:41:00.221,CCA,,First Installment - Imported from Excel,2025-09-23 14:41:00.222,5,4
6590,1578,1578,25000,2025-09-23 14:54:56.079,CCA,,First Installment - Imported from Excel,2025-09-23 14:54:56.08,5,5
2073,1579,1579,25000,2025-09-23 12:44:45.229,CCA,,First Installment - Imported from Excel,2025-09-23 12:44:45.229,5,2
3579,1579,1579,25000,2025-09-23 13:31:14.884,CCA,,First Installment - Imported from Excel,2025-09-23 13:31:14.885,5,3
5085,1579,1579,25000,2025-09-23 14:41:00.233,CCA,,First Installment - Imported from Excel,2025-09-23 14:41:00.234,5,4
6591,1579,1579,25000,2025-09-23 14:54:56.086,CCA,,First Installment - Imported from Excel,2025-09-23 14:54:56.086,5,5
3580,1580,1580,25000,2025-09-23 13:31:14.891,CCA,,First Installment - Imported from Excel,2025-09-23 13:31:14.892,4,2
5086,1580,1580,25000,2025-09-23 14:41:00.242,CCA,,First Installment - Imported from Excel,2025-09-23 14:41:00.243,4,3
6592,1580,1580,25000,2025-09-23 14:54:56.092,CCA,,First Installment - Imported from Excel,2025-09-23 14:54:56.092,4,4
3581,1580,1580,80000,2025-09-23 13:31:14.892,CCA,,Second Installment - Imported from Excel,2025-09-23 13:31:14.893,4,2
5087,1580,1580,80000,2025-09-23 14:41:00.243,CCA,,Second Installment - Imported from Excel,2025-09-23 14:41:00.244,4,3
6593,1580,1580,80000,2025-09-23 14:54:56.093,CCA,,Second Installment - Imported from Excel,2025-09-23 14:54:56.094,4,4
3583,1581,1581,25000,2025-09-23 13:31:14.9,CCA,,Second Installment - Imported from Excel,2025-09-23 13:31:14.901,4,2
5089,1581,1581,25000,2025-09-23 14:41:00.253,CCA,,Second Installment - Imported from Excel,2025-09-23 14:41:00.254,4,3
6595,1581,1581,25000,2025-09-23 14:54:56.099,CCA,,Second Installment - Imported from Excel,2025-09-23 14:54:56.1,4,4
3582,1581,1581,80000,2025-09-23 13:31:14.898,CCA,,First Installment - Imported from Excel,2025-09-23 13:31:14.899,4,2
5088,1581,1581,80000,2025-09-23 14:41:00.252,CCA,,First Installment - Imported from Excel,2025-09-23 14:41:00.253,4,3
6594,1581,1581,80000,2025-09-23 14:54:56.098,CCA,,First Installment - Imported from Excel,2025-09-23 14:54:56.099,4,4
3584,1582,1582,63000,2025-09-23 13:31:14.907,CCA,,First Installment - Imported from Excel,2025-09-23 13:31:14.908,4,2
5090,1582,1582,63000,2025-09-23 14:41:00.266,CCA,,First Installment - Imported from Excel,2025-09-23 14:41:00.267,4,3
6596,1582,1582,63000,2025-09-23 14:54:56.104,CCA,,First Installment - Imported from Excel,2025-09-23 14:54:56.105,4,4
2079,1583,1583,65000,2025-09-23 12:44:45.261,CCA,,First Installment - Imported from Excel,2025-09-23 12:44:45.262,5,2
3585,1583,1583,65000,2025-09-23 13:31:14.916,CCA,,First Installment - Imported from Excel,2025-09-23 13:31:14.916,5,3
5091,1583,1583,65000,2025-09-23 14:41:00.276,CCA,,First Installment - Imported from Excel,2025-09-23 14:41:00.277,5,4
6597,1583,1583,65000,2025-09-23 14:54:56.108,CCA,,First Installment - Imported from Excel,2025-09-23 14:54:56.109,5,5
2080,1584,1584,100000,2025-09-23 12:44:45.267,CCA,,First Installment - Imported from Excel,2025-09-23 12:44:45.268,5,2
3586,1584,1584,100000,2025-09-23 13:31:14.921,CCA,,First Installment - Imported from Excel,2025-09-23 13:31:14.922,5,3
5092,1584,1584,100000,2025-09-23 14:41:00.289,CCA,,First Installment - Imported from Excel,2025-09-23 14:41:00.29,5,4
6598,1584,1584,100000,2025-09-23 14:54:56.113,CCA,,First Installment - Imported from Excel,2025-09-23 14:54:56.114,5,5
2081,1585,1585,15000,2025-09-23 12:44:45.274,CCA,,First Installment - Imported from Excel,2025-09-23 12:44:45.275,5,2
3587,1585,1585,15000,2025-09-23 13:31:14.927,CCA,,First Installment - Imported from Excel,2025-09-23 13:31:14.928,5,3
5093,1585,1585,15000,2025-09-23 14:41:00.299,CCA,,First Installment - Imported from Excel,2025-09-23 14:41:00.3,5,4
6599,1585,1585,15000,2025-09-23 14:54:56.118,CCA,,First Installment - Imported from Excel,2025-09-23 14:54:56.118,5,5
2082,1587,1587,15000,2025-09-23 12:44:45.281,CCA,,First Installment - Imported from Excel,2025-09-23 12:44:45.281,5,2
3588,1587,1587,15000,2025-09-23 13:31:14.932,CCA,,First Installment - Imported from Excel,2025-09-23 13:31:14.933,5,3
5094,1587,1587,15000,2025-09-23 14:41:00.308,CCA,,First Installment - Imported from Excel,2025-09-23 14:41:00.309,5,4
6600,1587,1587,15000,2025-09-23 14:54:56.123,CCA,,First Installment - Imported from Excel,2025-09-23 14:54:56.123,5,5
3590,1589,1589,85000,2025-09-23 13:31:14.939,CCA,,Second Installment - Imported from Excel,2025-09-23 13:31:14.94,4,2
5096,1589,1589,85000,2025-09-23 14:41:00.514,CCA,,Second Installment - Imported from Excel,2025-09-23 14:41:00.515,4,3
6602,1589,1589,85000,2025-09-23 14:54:56.3,CCA,,Second Installment - Imported from Excel,2025-09-23 14:54:56.301,4,4
3589,1589,1589,90000,2025-09-23 13:31:14.938,CCA,,First Installment - Imported from Excel,2025-09-23 13:31:14.939,4,2
5095,1589,1589,90000,2025-09-23 14:41:00.512,CCA,,First Installment - Imported from Excel,2025-09-23 14:41:00.513,4,3
6601,1589,1589,90000,2025-09-23 14:54:56.298,CCA,,First Installment - Imported from Excel,2025-09-23 14:54:56.298,4,4
3591,1590,1590,25000,2025-09-23 13:31:14.945,CCA,,First Installment - Imported from Excel,2025-09-23 13:31:14.946,4,2
5097,1590,1590,25000,2025-09-23 14:41:00.702,CCA,,First Installment - Imported from Excel,2025-09-23 14:41:00.703,4,3
6603,1590,1590,25000,2025-09-23 14:54:56.479,CCA,,First Installment - Imported from Excel,2025-09-23 14:54:56.479,4,4
3592,1590,1590,150000,2025-09-23 13:31:14.947,CCA,,Second Installment - Imported from Excel,2025-09-23 13:31:14.947,4,2
5098,1590,1590,150000,2025-09-23 14:41:00.704,CCA,,Second Installment - Imported from Excel,2025-09-23 14:41:00.705,4,3
6604,1590,1590,150000,2025-09-23 14:54:56.48,CCA,,Second Installment - Imported from Excel,2025-09-23 14:54:56.481,4,4
3593,1591,1591,15000,2025-09-23 13:31:14.952,CCA,,First Installment - Imported from Excel,2025-09-23 13:31:14.952,4,2
5099,1591,1591,15000,2025-09-23 14:41:00.885,CCA,,First Installment - Imported from Excel,2025-09-23 14:41:00.886,4,3
6605,1591,1591,15000,2025-09-23 14:54:56.654,CCA,,First Installment - Imported from Excel,2025-09-23 14:54:56.654,4,4
3594,1591,1591,100000,2025-09-23 13:31:14.953,CCA,,Second Installment - Imported from Excel,2025-09-23 13:31:14.954,4,2
5100,1591,1591,100000,2025-09-23 14:41:00.887,CCA,,Second Installment - Imported from Excel,2025-09-23 14:41:00.888,4,3
6606,1591,1591,100000,2025-09-23 14:54:56.656,CCA,,Second Installment - Imported from Excel,2025-09-23 14:54:56.656,4,4
2089,1592,1592,35000,2025-09-23 12:44:45.305,CCA,,First Installment - Imported from Excel,2025-09-23 12:44:45.305,5,2
3595,1592,1592,35000,2025-09-23 13:31:14.958,CCA,,First Installment - Imported from Excel,2025-09-23 13:31:14.959,5,3
5101,1592,1592,35000,2025-09-23 14:41:01.082,CCA,,First Installment - Imported from Excel,2025-09-23 14:41:01.082,5,4
6607,1592,1592,35000,2025-09-23 14:54:56.841,CCA,,First Installment - Imported from Excel,2025-09-23 14:54:56.842,5,5
3596,1593,1593,15000,2025-09-23 13:31:14.964,CCA,,First Installment - Imported from Excel,2025-09-23 13:31:14.965,4,2
5102,1593,1593,15000,2025-09-23 14:41:01.089,CCA,,First Installment - Imported from Excel,2025-09-23 14:41:01.089,4,3
6608,1593,1593,15000,2025-09-23 14:54:56.851,CCA,,First Installment - Imported from Excel,2025-09-23 14:54:56.851,4,4
3597,1593,1593,85000,2025-09-23 13:31:14.965,CCA,,Second Installment - Imported from Excel,2025-09-23 13:31:14.966,4,2
5103,1593,1593,85000,2025-09-23 14:41:01.09,CCA,,Second Installment - Imported from Excel,2025-09-23 14:41:01.091,4,3
6609,1593,1593,85000,2025-09-23 14:54:56.852,CCA,,Second Installment - Imported from Excel,2025-09-23 14:54:56.853,4,4
2092,1594,1594,100000,2025-09-23 12:44:45.319,CCA,,First Installment - Imported from Excel,2025-09-23 12:44:45.32,5,2
3598,1594,1594,100000,2025-09-23 13:31:14.97,CCA,,First Installment - Imported from Excel,2025-09-23 13:31:14.971,5,3
5104,1594,1594,100000,2025-09-23 14:41:01.098,CCA,,First Installment - Imported from Excel,2025-09-23 14:41:01.099,5,4
6610,1594,1594,100000,2025-09-23 14:54:56.857,CCA,,First Installment - Imported from Excel,2025-09-23 14:54:56.857,5,5
2093,1595,1595,150000,2025-09-23 12:44:45.325,CCA,,First Installment - Imported from Excel,2025-09-23 12:44:45.326,5,2
3599,1595,1595,150000,2025-09-23 13:31:14.975,CCA,,First Installment - Imported from Excel,2025-09-23 13:31:14.976,5,3
5105,1595,1595,150000,2025-09-23 14:41:01.319,CCA,,First Installment - Imported from Excel,2025-09-23 14:41:01.319,5,4
6611,1595,1595,150000,2025-09-23 14:54:57.052,CCA,,First Installment - Imported from Excel,2025-09-23 14:54:57.052,5,5
3600,1596,1596,50000,2025-09-23 13:31:14.981,CCA,,First Installment - Imported from Excel,2025-09-23 13:31:14.981,4,2
5106,1596,1596,50000,2025-09-23 14:41:01.329,CCA,,First Installment - Imported from Excel,2025-09-23 14:41:01.33,4,3
6612,1596,1596,50000,2025-09-23 14:54:57.059,CCA,,First Installment - Imported from Excel,2025-09-23 14:54:57.06,4,4
3601,1596,1596,125000,2025-09-23 13:31:14.982,CCA,,Second Installment - Imported from Excel,2025-09-23 13:31:14.982,4,2
5107,1596,1596,125000,2025-09-23 14:41:01.331,CCA,,Second Installment - Imported from Excel,2025-09-23 14:41:01.332,4,3
6613,1596,1596,125000,2025-09-23 14:54:57.062,CCA,,Second Installment - Imported from Excel,2025-09-23 14:54:57.062,4,4
2096,1597,1597,15000,2025-09-23 12:44:45.336,CCA,,First Installment - Imported from Excel,2025-09-23 12:44:45.337,5,2
3602,1597,1597,15000,2025-09-23 13:31:14.987,CCA,,First Installment - Imported from Excel,2025-09-23 13:31:14.988,5,3
5108,1597,1597,15000,2025-09-23 14:41:01.342,CCA,,First Installment - Imported from Excel,2025-09-23 14:41:01.343,5,4
6614,1597,1597,15000,2025-09-23 14:54:57.071,CCA,,First Installment - Imported from Excel,2025-09-23 14:54:57.071,5,5
2097,1598,1598,175000,2025-09-23 12:44:45.341,CCA,,First Installment - Imported from Excel,2025-09-23 12:44:45.342,5,2
3603,1598,1598,175000,2025-09-23 13:31:14.992,CCA,,First Installment - Imported from Excel,2025-09-23 13:31:14.992,5,3
5109,1598,1598,175000,2025-09-23 14:41:01.354,CCA,,First Installment - Imported from Excel,2025-09-23 14:41:01.355,5,4
6615,1598,1598,175000,2025-09-23 14:54:57.079,CCA,,First Installment - Imported from Excel,2025-09-23 14:54:57.08,5,5
2098,1599,1599,125000,2025-09-23 12:44:45.346,CCA,,First Installment - Imported from Excel,2025-09-23 12:44:45.347,5,2
3604,1599,1599,125000,2025-09-23 13:31:14.997,CCA,,First Installment - Imported from Excel,2025-09-23 13:31:14.998,5,3
5110,1599,1599,125000,2025-09-23 14:41:01.366,CCA,,First Installment - Imported from Excel,2025-09-23 14:41:01.367,5,4
6616,1599,1599,125000,2025-09-23 14:54:57.088,CCA,,First Installment - Imported from Excel,2025-09-23 14:54:57.089,5,5
2099,1601,1601,100000,2025-09-23 12:44:45.351,CCA,,First Installment - Imported from Excel,2025-09-23 12:44:45.352,5,2
3605,1601,1601,100000,2025-09-23 13:31:15.003,CCA,,First Installment - Imported from Excel,2025-09-23 13:31:15.004,5,3
5111,1601,1601,100000,2025-09-23 14:41:01.575,CCA,,First Installment - Imported from Excel,2025-09-23 14:41:01.576,5,4
6617,1601,1601,100000,2025-09-23 14:54:57.263,CCA,,First Installment - Imported from Excel,2025-09-23 14:54:57.264,5,5
3607,1602,1602,20000,2025-09-23 13:31:15.012,CCA,,Second Installment - Imported from Excel,2025-09-23 13:31:15.013,4,2
5113,1602,1602,20000,2025-09-23 14:41:01.874,CCA,,Second Installment - Imported from Excel,2025-09-23 14:41:01.875,4,3
6619,1602,1602,20000,2025-09-23 14:54:57.464,CCA,,Second Installment - Imported from Excel,2025-09-23 14:54:57.464,4,4
2102,1602,1602,50000,2025-09-23 12:44:45.358,CCA,,Third Installment - Imported from Excel,2025-09-23 12:44:45.359,8,2
3606,1602,1602,50000,2025-09-23 13:31:15.01,CCA,,First Installment - Imported from Excel,2025-09-23 13:31:15.011,8,3
3608,1602,1602,50000,2025-09-23 13:31:15.014,CCA,,Third Installment - Imported from Excel,2025-09-23 13:31:15.014,8,4
5112,1602,1602,50000,2025-09-23 14:41:01.871,CCA,,First Installment - Imported from Excel,2025-09-23 14:41:01.871,8,5
5114,1602,1602,50000,2025-09-23 14:41:01.878,CCA,,Third Installment - Imported from Excel,2025-09-23 14:41:01.879,8,6
6618,1602,1602,50000,2025-09-23 14:54:57.462,CCA,,First Installment - Imported from Excel,2025-09-23 14:54:57.462,8,7
6620,1602,1602,50000,2025-09-23 14:54:57.466,CCA,,Third Installment - Imported from Excel,2025-09-23 14:54:57.466,8,8
2103,1603,1603,100000,2025-09-23 12:44:45.363,CCA,,First Installment - Imported from Excel,2025-09-23 12:44:45.365,5,2
3609,1603,1603,100000,2025-09-23 13:31:15.02,CCA,,First Installment - Imported from Excel,2025-09-23 13:31:15.02,5,3
5115,1603,1603,100000,2025-09-23 14:41:01.896,CCA,,First Installment - Imported from Excel,2025-09-23 14:41:01.897,5,4
6621,1603,1603,100000,2025-09-23 14:54:57.478,CCA,,First Installment - Imported from Excel,2025-09-23 14:54:57.479,5,5
2104,1604,1604,25000,2025-09-23 12:44:45.37,CCA,,First Installment - Imported from Excel,2025-09-23 12:44:45.371,5,2
3610,1604,1604,25000,2025-09-23 13:31:15.025,CCA,,First Installment - Imported from Excel,2025-09-23 13:31:15.026,5,3
5116,1604,1604,25000,2025-09-23 14:41:01.916,CCA,,First Installment - Imported from Excel,2025-09-23 14:41:01.916,5,4
6622,1604,1604,25000,2025-09-23 14:54:57.486,CCA,,First Installment - Imported from Excel,2025-09-23 14:54:57.487,5,5
2105,1606,1606,100000,2025-09-23 12:44:45.375,CCA,,First Installment - Imported from Excel,2025-09-23 12:44:45.375,5,2
3611,1606,1606,100000,2025-09-23 13:31:15.032,CCA,,First Installment - Imported from Excel,2025-09-23 13:31:15.033,5,3
5117,1606,1606,100000,2025-09-23 14:41:01.945,CCA,,First Installment - Imported from Excel,2025-09-23 14:41:01.947,5,4
6623,1606,1606,100000,2025-09-23 14:54:57.494,CCA,,First Installment - Imported from Excel,2025-09-23 14:54:57.495,5,5
2106,1607,1607,100000,2025-09-23 12:44:45.381,CCA,,First Installment - Imported from Excel,2025-09-23 12:44:45.381,5,2
3612,1607,1607,100000,2025-09-23 13:31:15.039,CCA,,First Installment - Imported from Excel,2025-09-23 13:31:15.039,5,3
5118,1607,1607,100000,2025-09-23 14:41:01.958,CCA,,First Installment - Imported from Excel,2025-09-23 14:41:01.96,5,4
6624,1607,1607,100000,2025-09-23 14:54:57.501,CCA,,First Installment - Imported from Excel,2025-09-23 14:54:57.502,5,5
2107,1608,1608,100000,2025-09-23 12:44:45.387,CCA,,First Installment - Imported from Excel,2025-09-23 12:44:45.387,5,2
3613,1608,1608,100000,2025-09-23 13:31:15.047,CCA,,First Installment - Imported from Excel,2025-09-23 13:31:15.048,5,3
5119,1608,1608,100000,2025-09-23 14:41:01.974,CCA,,First Installment - Imported from Excel,2025-09-23 14:41:01.975,5,4
6625,1608,1608,100000,2025-09-23 14:54:57.511,CCA,,First Installment - Imported from Excel,2025-09-23 14:54:57.512,5,5
2108,1609,1609,40000,2025-09-23 12:44:45.392,CCA,,First Installment - Imported from Excel,2025-09-23 12:44:45.393,5,2
3614,1609,1609,40000,2025-09-23 13:31:15.053,CCA,,First Installment - Imported from Excel,2025-09-23 13:31:15.053,5,3
5120,1609,1609,40000,2025-09-23 14:41:01.986,CCA,,First Installment - Imported from Excel,2025-09-23 14:41:01.986,5,4
6626,1609,1609,40000,2025-09-23 14:54:57.52,CCA,,First Installment - Imported from Excel,2025-09-23 14:54:57.521,5,5
2109,1610,1610,175000,2025-09-23 12:44:45.4,CCA,,First Installment - Imported from Excel,2025-09-23 12:44:45.4,5,2
3615,1610,1610,175000,2025-09-23 13:31:15.059,CCA,,First Installment - Imported from Excel,2025-09-23 13:31:15.06,5,3
5121,1610,1610,175000,2025-09-23 14:41:02.214,CCA,,First Installment - Imported from Excel,2025-09-23 14:41:02.215,5,4
6627,1610,1610,175000,2025-09-23 14:54:57.697,CCA,,First Installment - Imported from Excel,2025-09-23 14:54:57.697,5,5
2110,1612,1612,15000,2025-09-23 12:44:45.409,CCA,,First Installment - Imported from Excel,2025-09-23 12:44:45.41,5,2
3616,1612,1612,15000,2025-09-23 13:31:15.064,CCA,,First Installment - Imported from Excel,2025-09-23 13:31:15.065,5,3
5122,1612,1612,15000,2025-09-23 14:41:02.225,CCA,,First Installment - Imported from Excel,2025-09-23 14:41:02.226,5,4
6628,1612,1612,15000,2025-09-23 14:54:57.704,CCA,,First Installment - Imported from Excel,2025-09-23 14:54:57.704,5,5
3617,1613,1613,80000,2025-09-23 13:31:15.069,CCA,,First Installment - Imported from Excel,2025-09-23 13:31:15.07,4,2
5123,1613,1613,80000,2025-09-23 14:41:02.241,CCA,,First Installment - Imported from Excel,2025-09-23 14:41:02.242,4,3
6629,1613,1613,80000,2025-09-23 14:54:57.712,CCA,,First Installment - Imported from Excel,2025-09-23 14:54:57.713,4,4
3618,1613,1613,105000,2025-09-23 13:31:15.071,CCA,,Second Installment - Imported from Excel,2025-09-23 13:31:15.071,4,2
5124,1613,1613,105000,2025-09-23 14:41:02.244,CCA,,Second Installment - Imported from Excel,2025-09-23 14:41:02.245,4,3
6630,1613,1613,105000,2025-09-23 14:54:57.714,CCA,,Second Installment - Imported from Excel,2025-09-23 14:54:57.715,4,4
2113,1614,1614,25000,2025-09-23 12:44:45.43,CCA,,First Installment - Imported from Excel,2025-09-23 12:44:45.431,5,2
3619,1614,1614,25000,2025-09-23 13:31:15.082,CCA,,First Installment - Imported from Excel,2025-09-23 13:31:15.082,5,3
5125,1614,1614,25000,2025-09-23 14:41:02.255,CCA,,First Installment - Imported from Excel,2025-09-23 14:41:02.255,5,4
6631,1614,1614,25000,2025-09-23 14:54:57.722,CCA,,First Installment - Imported from Excel,2025-09-23 14:54:57.722,5,5
2114,1615,1615,25000,2025-09-23 12:44:45.436,CCA,,First Installment - Imported from Excel,2025-09-23 12:44:45.437,5,2
3620,1615,1615,25000,2025-09-23 13:31:15.089,CCA,,First Installment - Imported from Excel,2025-09-23 13:31:15.09,5,3
5126,1615,1615,25000,2025-09-23 14:41:02.268,CCA,,First Installment - Imported from Excel,2025-09-23 14:41:02.269,5,4
6632,1615,1615,25000,2025-09-23 14:54:57.728,CCA,,First Installment - Imported from Excel,2025-09-23 14:54:57.728,5,5
3621,1616,1616,35000,2025-09-23 13:31:15.097,CCA,,First Installment - Imported from Excel,2025-09-23 13:31:15.097,4,2
5127,1616,1616,35000,2025-09-23 14:41:02.512,CCA,,First Installment - Imported from Excel,2025-09-23 14:41:02.513,4,3
6633,1616,1616,35000,2025-09-23 14:54:57.915,CCA,,First Installment - Imported from Excel,2025-09-23 14:54:57.915,4,4
3622,1616,1616,125000,2025-09-23 13:31:15.098,CCA,,Second Installment - Imported from Excel,2025-09-23 13:31:15.099,4,2
5128,1616,1616,125000,2025-09-23 14:41:02.515,CCA,,Second Installment - Imported from Excel,2025-09-23 14:41:02.516,4,3
6634,1616,1616,125000,2025-09-23 14:54:57.916,CCA,,Second Installment - Imported from Excel,2025-09-23 14:54:57.917,4,4
2117,1619,1619,105000,2025-09-23 12:44:45.449,CCA,,First Installment - Imported from Excel,2025-09-23 12:44:45.449,5,2
3623,1619,1619,105000,2025-09-23 13:31:15.105,CCA,,First Installment - Imported from Excel,2025-09-23 13:31:15.105,5,3
5129,1619,1619,105000,2025-09-23 14:41:02.524,CCA,,First Installment - Imported from Excel,2025-09-23 14:41:02.525,5,4
6635,1619,1619,105000,2025-09-23 14:54:57.923,CCA,,First Installment - Imported from Excel,2025-09-23 14:54:57.924,5,5
2118,1620,1620,60000,2025-09-23 12:44:45.454,CCA,,First Installment - Imported from Excel,2025-09-23 12:44:45.455,5,2
3624,1620,1620,60000,2025-09-23 13:31:15.113,CCA,,First Installment - Imported from Excel,2025-09-23 13:31:15.114,5,3
5130,1620,1620,60000,2025-09-23 14:41:02.533,CCA,,First Installment - Imported from Excel,2025-09-23 14:41:02.534,5,4
6636,1620,1620,60000,2025-09-23 14:54:57.93,CCA,,First Installment - Imported from Excel,2025-09-23 14:54:57.93,5,5
3625,1621,1621,25000,2025-09-23 13:31:15.121,CCA,,First Installment - Imported from Excel,2025-09-23 13:31:15.122,4,2
5131,1621,1621,25000,2025-09-23 14:41:02.544,CCA,,First Installment - Imported from Excel,2025-09-23 14:41:02.545,4,3
6637,1621,1621,25000,2025-09-23 14:54:57.936,CCA,,First Installment - Imported from Excel,2025-09-23 14:54:57.937,4,4
3626,1621,1621,30000,2025-09-23 13:31:15.123,CCA,,Second Installment - Imported from Excel,2025-09-23 13:31:15.123,4,2
5132,1621,1621,30000,2025-09-23 14:41:02.546,CCA,,Second Installment - Imported from Excel,2025-09-23 14:41:02.547,4,3
6638,1621,1621,30000,2025-09-23 14:54:57.937,CCA,,Second Installment - Imported from Excel,2025-09-23 14:54:57.938,4,4
2121,1622,1622,25000,2025-09-23 12:44:45.469,CCA,,First Installment - Imported from Excel,2025-09-23 12:44:45.47,5,2
3627,1622,1622,25000,2025-09-23 13:31:15.129,CCA,,First Installment - Imported from Excel,2025-09-23 13:31:15.13,5,3
5133,1622,1622,25000,2025-09-23 14:41:02.765,CCA,,First Installment - Imported from Excel,2025-09-23 14:41:02.766,5,4
6639,1622,1622,25000,2025-09-23 14:54:58.116,CCA,,First Installment - Imported from Excel,2025-09-23 14:54:58.117,5,5
3628,1622,1622,75000,2025-09-23 13:31:15.131,CCA,,Second Installment - Imported from Excel,2025-09-23 13:31:15.132,4,2
5134,1622,1622,75000,2025-09-23 14:41:02.768,CCA,,Second Installment - Imported from Excel,2025-09-23 14:41:02.768,4,3
6640,1622,1622,75000,2025-09-23 14:54:58.118,CCA,,Second Installment - Imported from Excel,2025-09-23 14:54:58.119,4,4
2123,1623,1623,100000,2025-09-23 12:44:45.48,CCA,,First Installment - Imported from Excel,2025-09-23 12:44:45.48,5,2
3629,1623,1623,100000,2025-09-23 13:31:15.137,CCA,,First Installment - Imported from Excel,2025-09-23 13:31:15.138,5,3
5135,1623,1623,100000,2025-09-23 14:41:02.985,CCA,,First Installment - Imported from Excel,2025-09-23 14:41:02.986,5,4
6641,1623,1623,100000,2025-09-23 14:54:58.309,CCA,,First Installment - Imported from Excel,2025-09-23 14:54:58.31,5,5
2124,1625,1625,85000,2025-09-23 12:44:45.486,CCA,,First Installment - Imported from Excel,2025-09-23 12:44:45.486,5,2
3630,1625,1625,85000,2025-09-23 13:31:15.143,CCA,,First Installment - Imported from Excel,2025-09-23 13:31:15.143,5,3
5136,1625,1625,85000,2025-09-23 14:41:02.997,CCA,,First Installment - Imported from Excel,2025-09-23 14:41:02.998,5,4
6642,1625,1625,85000,2025-09-23 14:54:58.319,CCA,,First Installment - Imported from Excel,2025-09-23 14:54:58.32,5,5
3631,1626,1626,15000,2025-09-23 13:31:15.147,CCA,,First Installment - Imported from Excel,2025-09-23 13:31:15.148,4,2
5137,1626,1626,15000,2025-09-23 14:41:03.224,CCA,,First Installment - Imported from Excel,2025-09-23 14:41:03.225,4,3
6643,1626,1626,15000,2025-09-23 14:54:58.515,CCA,,First Installment - Imported from Excel,2025-09-23 14:54:58.515,4,4
3632,1626,1626,50000,2025-09-23 13:31:15.148,CCA,,Second Installment - Imported from Excel,2025-09-23 13:31:15.149,4,2
5138,1626,1626,50000,2025-09-23 14:41:03.228,CCA,,Second Installment - Imported from Excel,2025-09-23 14:41:03.229,4,3
6644,1626,1626,50000,2025-09-23 14:54:58.516,CCA,,Second Installment - Imported from Excel,2025-09-23 14:54:58.517,4,4
2127,1627,1627,105000,2025-09-23 12:44:45.498,CCA,,First Installment - Imported from Excel,2025-09-23 12:44:45.499,5,2
3633,1627,1627,105000,2025-09-23 13:31:15.153,CCA,,First Installment - Imported from Excel,2025-09-23 13:31:15.154,5,3
5139,1627,1627,105000,2025-09-23 14:41:03.445,CCA,,First Installment - Imported from Excel,2025-09-23 14:41:03.446,5,4
6645,1627,1627,105000,2025-09-23 14:54:58.693,CCA,,First Installment - Imported from Excel,2025-09-23 14:54:58.694,5,5
2128,1628,1628,175000,2025-09-23 12:44:45.505,CCA,,First Installment - Imported from Excel,2025-09-23 12:44:45.505,5,2
3634,1628,1628,175000,2025-09-23 13:31:15.162,CCA,,First Installment - Imported from Excel,2025-09-23 13:31:15.163,5,3
5140,1628,1628,175000,2025-09-23 14:41:03.724,CCA,,First Installment - Imported from Excel,2025-09-23 14:41:03.725,5,4
6646,1628,1628,175000,2025-09-23 14:54:58.861,CCA,,First Installment - Imported from Excel,2025-09-23 14:54:58.862,5,5
2129,1629,1629,160000,2025-09-23 12:44:45.512,CCA,,First Installment - Imported from Excel,2025-09-23 12:44:45.513,5,2
3635,1629,1629,160000,2025-09-23 13:31:15.168,CCA,,First Installment - Imported from Excel,2025-09-23 13:31:15.169,5,3
5141,1629,1629,160000,2025-09-23 14:41:03.743,CCA,,First Installment - Imported from Excel,2025-09-23 14:41:03.744,5,4
6647,1629,1629,160000,2025-09-23 14:54:58.868,CCA,,First Installment - Imported from Excel,2025-09-23 14:54:58.869,5,5
2130,1630,1630,175000,2025-09-23 12:44:45.521,CCA,,First Installment - Imported from Excel,2025-09-23 12:44:45.521,5,2
3636,1630,1630,175000,2025-09-23 13:31:15.173,CCA,,First Installment - Imported from Excel,2025-09-23 13:31:15.174,5,3
5142,1630,1630,175000,2025-09-23 14:41:03.754,CCA,,First Installment - Imported from Excel,2025-09-23 14:41:03.755,5,4
6648,1630,1630,175000,2025-09-23 14:54:58.874,CCA,,First Installment - Imported from Excel,2025-09-23 14:54:58.874,5,5
2131,1631,1631,15000,2025-09-23 12:44:45.529,CCA,,First Installment - Imported from Excel,2025-09-23 12:44:45.53,5,2
3637,1631,1631,15000,2025-09-23 13:31:15.179,CCA,,First Installment - Imported from Excel,2025-09-23 13:31:15.179,5,3
5143,1631,1631,15000,2025-09-23 14:41:03.944,CCA,,First Installment - Imported from Excel,2025-09-23 14:41:03.945,5,4
6649,1631,1631,15000,2025-09-23 14:54:59.057,CCA,,First Installment - Imported from Excel,2025-09-23 14:54:59.057,5,5
2132,1632,1632,100000,2025-09-23 12:44:45.536,CCA,,First Installment - Imported from Excel,2025-09-23 12:44:45.537,5,2
3638,1632,1632,100000,2025-09-23 13:31:15.184,CCA,,First Installment - Imported from Excel,2025-09-23 13:31:15.185,5,3
5144,1632,1632,100000,2025-09-23 14:41:04.165,CCA,,First Installment - Imported from Excel,2025-09-23 14:41:04.166,5,4
6650,1632,1632,100000,2025-09-23 14:54:59.241,CCA,,First Installment - Imported from Excel,2025-09-23 14:54:59.241,5,5
2133,1634,1634,50000,2025-09-23 12:44:45.543,CCA,,First Installment - Imported from Excel,2025-09-23 12:44:45.544,5,2
3639,1634,1634,50000,2025-09-23 13:31:15.191,CCA,,First Installment - Imported from Excel,2025-09-23 13:31:15.192,5,3
5145,1634,1634,50000,2025-09-23 14:41:04.177,CCA,,First Installment - Imported from Excel,2025-09-23 14:41:04.178,5,4
6651,1634,1634,50000,2025-09-23 14:54:59.249,CCA,,First Installment - Imported from Excel,2025-09-23 14:54:59.249,5,5
3640,1635,1635,40000,2025-09-23 13:31:15.196,CCA,,First Installment - Imported from Excel,2025-09-23 13:31:15.197,4,2
5146,1635,1635,40000,2025-09-23 14:41:04.188,CCA,,First Installment - Imported from Excel,2025-09-23 14:41:04.189,4,3
6652,1635,1635,40000,2025-09-23 14:54:59.255,CCA,,First Installment - Imported from Excel,2025-09-23 14:54:59.256,4,4
3641,1635,1635,60000,2025-09-23 13:31:15.198,CCA,,Second Installment - Imported from Excel,2025-09-23 13:31:15.198,4,2
5147,1635,1635,60000,2025-09-23 14:41:04.19,CCA,,Second Installment - Imported from Excel,2025-09-23 14:41:04.191,4,3
6653,1635,1635,60000,2025-09-23 14:54:59.256,CCA,,Second Installment - Imported from Excel,2025-09-23 14:54:59.257,4,4
2136,1636,1636,175000,2025-09-23 12:44:45.557,CCA,,First Installment - Imported from Excel,2025-09-23 12:44:45.558,5,2
3642,1636,1636,175000,2025-09-23 13:31:15.203,CCA,,First Installment - Imported from Excel,2025-09-23 13:31:15.203,5,3
5148,1636,1636,175000,2025-09-23 14:41:04.425,CCA,,First Installment - Imported from Excel,2025-09-23 14:41:04.426,5,4
6654,1636,1636,175000,2025-09-23 14:54:59.48,CCA,,First Installment - Imported from Excel,2025-09-23 14:54:59.481,5,5
3643,1638,1638,15000,2025-09-23 13:31:15.209,CCA,,First Installment - Imported from Excel,2025-09-23 13:31:15.211,4,2
5149,1638,1638,15000,2025-09-23 14:41:04.438,CCA,,First Installment - Imported from Excel,2025-09-23 14:41:04.439,4,3
6655,1638,1638,15000,2025-09-23 14:54:59.49,CCA,,First Installment - Imported from Excel,2025-09-23 14:54:59.491,4,4
3644,1638,1638,85000,2025-09-23 13:31:15.212,CCA,,Second Installment - Imported from Excel,2025-09-23 13:31:15.213,4,2
5150,1638,1638,85000,2025-09-23 14:41:04.44,CCA,,Second Installment - Imported from Excel,2025-09-23 14:41:04.441,4,3
6656,1638,1638,85000,2025-09-23 14:54:59.491,CCA,,Second Installment - Imported from Excel,2025-09-23 14:54:59.492,4,4
3645,1639,1639,20000,2025-09-23 13:31:15.221,CCA,,First Installment - Imported from Excel,2025-09-23 13:31:15.222,4,2
5151,1639,1639,20000,2025-09-23 14:41:04.448,CCA,,First Installment - Imported from Excel,2025-09-23 14:41:04.449,4,3
6657,1639,1639,20000,2025-09-23 14:54:59.498,CCA,,First Installment - Imported from Excel,2025-09-23 14:54:59.499,4,4
3646,1639,1639,30000,2025-09-23 13:31:15.224,CCA,,Second Installment - Imported from Excel,2025-09-23 13:31:15.224,4,2
5152,1639,1639,30000,2025-09-23 14:41:04.45,CCA,,Second Installment - Imported from Excel,2025-09-23 14:41:04.451,4,3
6658,1639,1639,30000,2025-09-23 14:54:59.499,CCA,,Second Installment - Imported from Excel,2025-09-23 14:54:59.5,4,4
3647,1639,1639,50000,2025-09-23 13:31:15.225,CCA,,Third Installment - Imported from Excel,2025-09-23 13:31:15.226,4,2
5153,1639,1639,50000,2025-09-23 14:41:04.452,CCA,,Third Installment - Imported from Excel,2025-09-23 14:41:04.453,4,3
6659,1639,1639,50000,2025-09-23 14:54:59.5,CCA,,Third Installment - Imported from Excel,2025-09-23 14:54:59.501,4,4
2142,1640,1640,25000,2025-09-23 12:44:45.579,CCA,,First Installment - Imported from Excel,2025-09-23 12:44:45.58,5,2
3648,1640,1640,25000,2025-09-23 13:31:15.23,CCA,,First Installment - Imported from Excel,2025-09-23 13:31:15.231,5,3
5154,1640,1640,25000,2025-09-23 14:41:04.46,CCA,,First Installment - Imported from Excel,2025-09-23 14:41:04.461,5,4
6660,1640,1640,25000,2025-09-23 14:54:59.505,CCA,,First Installment - Imported from Excel,2025-09-23 14:54:59.506,5,5
2143,1641,1641,100000,2025-09-23 12:44:45.587,CCA,,First Installment - Imported from Excel,2025-09-23 12:44:45.588,5,2
3649,1641,1641,100000,2025-09-23 13:31:15.238,CCA,,First Installment - Imported from Excel,2025-09-23 13:31:15.238,5,3
5155,1641,1641,100000,2025-09-23 14:41:04.65,CCA,,First Installment - Imported from Excel,2025-09-23 14:41:04.651,5,4
6661,1641,1641,100000,2025-09-23 14:54:59.682,CCA,,First Installment - Imported from Excel,2025-09-23 14:54:59.683,5,5
3650,1642,1642,15000,2025-09-23 13:31:15.246,CCA,,First Installment - Imported from Excel,2025-09-23 13:31:15.246,4,2
5156,1642,1642,15000,2025-09-23 14:41:04.855,CCA,,First Installment - Imported from Excel,2025-09-23 14:41:04.856,4,3
6662,1642,1642,15000,2025-09-23 14:54:59.846,CCA,,First Installment - Imported from Excel,2025-09-23 14:54:59.847,4,4
3651,1642,1642,85000,2025-09-23 13:31:15.247,CCA,,Second Installment - Imported from Excel,2025-09-23 13:31:15.248,4,2
5157,1642,1642,85000,2025-09-23 14:41:04.858,CCA,,Second Installment - Imported from Excel,2025-09-23 14:41:04.859,4,3
6663,1642,1642,85000,2025-09-23 14:54:59.848,CCA,,Second Installment - Imported from Excel,2025-09-23 14:54:59.849,4,4
2146,1643,1643,175000,2025-09-23 12:44:45.612,CCA,,First Installment - Imported from Excel,2025-09-23 12:44:45.613,5,2
3652,1643,1643,175000,2025-09-23 13:31:15.255,CCA,,First Installment - Imported from Excel,2025-09-23 13:31:15.255,5,3
5158,1643,1643,175000,2025-09-23 14:41:04.871,CCA,,First Installment - Imported from Excel,2025-09-23 14:41:04.872,5,4
6664,1643,1643,175000,2025-09-23 14:54:59.854,CCA,,First Installment - Imported from Excel,2025-09-23 14:54:59.855,5,5
2147,1646,1646,170000,2025-09-23 12:44:45.62,CCA,,First Installment - Imported from Excel,2025-09-23 12:44:45.621,5,2
3653,1646,1646,170000,2025-09-23 13:31:15.261,CCA,,First Installment - Imported from Excel,2025-09-23 13:31:15.262,5,3
5159,1646,1646,170000,2025-09-23 14:41:05.073,CCA,,First Installment - Imported from Excel,2025-09-23 14:41:05.074,5,4
6665,1646,1646,170000,2025-09-23 14:55:00.029,CCA,,First Installment - Imported from Excel,2025-09-23 14:55:00.03,5,5
2148,1647,1647,15000,2025-09-23 12:44:45.63,CCA,,First Installment - Imported from Excel,2025-09-23 12:44:45.631,5,2
3654,1647,1647,15000,2025-09-23 13:31:15.269,CCA,,First Installment - Imported from Excel,2025-09-23 13:31:15.27,5,3
5160,1647,1647,15000,2025-09-23 14:41:05.264,CCA,,First Installment - Imported from Excel,2025-09-23 14:41:05.265,5,4
6666,1647,1647,15000,2025-09-23 14:55:00.263,CCA,,First Installment - Imported from Excel,2025-09-23 14:55:00.264,5,5
2149,1648,1648,15000,2025-09-23 12:44:45.637,CCA,,First Installment - Imported from Excel,2025-09-23 12:44:45.638,5,2
3655,1648,1648,15000,2025-09-23 13:31:15.276,CCA,,First Installment - Imported from Excel,2025-09-23 13:31:15.276,5,3
5161,1648,1648,15000,2025-09-23 14:41:05.468,CCA,,First Installment - Imported from Excel,2025-09-23 14:41:05.468,5,4
6667,1648,1648,15000,2025-09-23 14:55:00.449,CCA,,First Installment - Imported from Excel,2025-09-23 14:55:00.449,5,5
2150,1650,1650,25000,2025-09-23 12:44:45.643,CCA,,First Installment - Imported from Excel,2025-09-23 12:44:45.644,5,2
3656,1650,1650,25000,2025-09-23 13:31:15.281,CCA,,First Installment - Imported from Excel,2025-09-23 13:31:15.282,5,3
5162,1650,1650,25000,2025-09-23 14:41:05.672,CCA,,First Installment - Imported from Excel,2025-09-23 14:41:05.673,5,4
6668,1650,1650,25000,2025-09-23 14:55:00.64,CCA,,First Installment - Imported from Excel,2025-09-23 14:55:00.641,5,5
2151,1653,1653,50000,2025-09-23 12:44:45.649,CCA,,First Installment - Imported from Excel,2025-09-23 12:44:45.649,5,2
3657,1653,1653,50000,2025-09-23 13:31:15.286,CCA,,First Installment - Imported from Excel,2025-09-23 13:31:15.287,5,3
5163,1653,1653,50000,2025-09-23 14:41:05.688,CCA,,First Installment - Imported from Excel,2025-09-23 14:41:05.689,5,4
6669,1653,1653,50000,2025-09-23 14:55:00.649,CCA,,First Installment - Imported from Excel,2025-09-23 14:55:00.65,5,5
2152,1654,1654,175000,2025-09-23 12:44:45.654,CCA,,First Installment - Imported from Excel,2025-09-23 12:44:45.655,5,2
3658,1654,1654,175000,2025-09-23 13:31:15.291,CCA,,First Installment - Imported from Excel,2025-09-23 13:31:15.291,5,3
5164,1654,1654,175000,2025-09-23 14:41:05.704,CCA,,First Installment - Imported from Excel,2025-09-23 14:41:05.705,5,4
6670,1654,1654,175000,2025-09-23 14:55:00.656,CCA,,First Installment - Imported from Excel,2025-09-23 14:55:00.657,5,5
2153,1655,1655,175000,2025-09-23 12:44:45.66,CCA,,First Installment - Imported from Excel,2025-09-23 12:44:45.661,5,2
3659,1655,1655,175000,2025-09-23 13:31:15.295,CCA,,First Installment - Imported from Excel,2025-09-23 13:31:15.296,5,3
5165,1655,1655,175000,2025-09-23 14:41:05.914,CCA,,First Installment - Imported from Excel,2025-09-23 14:41:05.915,5,4
6671,1655,1655,175000,2025-09-23 14:55:00.841,CCA,,First Installment - Imported from Excel,2025-09-23 14:55:00.842,5,5
3660,1657,1657,100000,2025-09-23 13:31:15.3,CCA,,First Installment - Imported from Excel,2025-09-23 13:31:15.301,4,2
5166,1657,1657,100000,2025-09-23 14:41:06.131,CCA,,First Installment - Imported from Excel,2025-09-23 14:41:06.131,4,3
6672,1657,1657,100000,2025-09-23 14:55:01.064,CCA,,First Installment - Imported from Excel,2025-09-23 14:55:01.065,4,4
2155,1658,1658,15000,2025-09-23 12:44:45.675,CCA,,First Installment - Imported from Excel,2025-09-23 12:44:45.676,5,2
3661,1658,1658,15000,2025-09-23 13:31:15.305,CCA,,First Installment - Imported from Excel,2025-09-23 13:31:15.306,5,3
5167,1658,1658,15000,2025-09-23 14:41:06.143,CCA,,First Installment - Imported from Excel,2025-09-23 14:41:06.144,5,4
6673,1658,1658,15000,2025-09-23 14:55:01.078,CCA,,First Installment - Imported from Excel,2025-09-23 14:55:01.079,5,5
2156,1659,1659,50000,2025-09-23 12:44:45.683,CCA,,First Installment - Imported from Excel,2025-09-23 12:44:45.683,5,2
3662,1659,1659,50000,2025-09-23 13:31:15.31,CCA,,First Installment - Imported from Excel,2025-09-23 13:31:15.311,5,3
5168,1659,1659,50000,2025-09-23 14:41:06.152,CCA,,First Installment - Imported from Excel,2025-09-23 14:41:06.152,5,4
6674,1659,1659,50000,2025-09-23 14:55:01.092,CCA,,First Installment - Imported from Excel,2025-09-23 14:55:01.093,5,5
2157,1660,1660,175000,2025-09-23 12:44:45.691,CCA,,First Installment - Imported from Excel,2025-09-23 12:44:45.691,5,2
3663,1660,1660,175000,2025-09-23 13:31:15.315,CCA,,First Installment - Imported from Excel,2025-09-23 13:31:15.316,5,3
5169,1660,1660,175000,2025-09-23 14:41:06.161,CCA,,First Installment - Imported from Excel,2025-09-23 14:41:06.161,5,4
6675,1660,1660,175000,2025-09-23 14:55:01.118,CCA,,First Installment - Imported from Excel,2025-09-23 14:55:01.121,5,5
2158,1661,1661,15000,2025-09-23 12:44:45.698,CCA,,First Installment - Imported from Excel,2025-09-23 12:44:45.699,5,2
3664,1661,1661,15000,2025-09-23 13:31:15.32,CCA,,First Installment - Imported from Excel,2025-09-23 13:31:15.321,5,3
5170,1661,1661,15000,2025-09-23 14:41:06.173,CCA,,First Installment - Imported from Excel,2025-09-23 14:41:06.173,5,4
6676,1661,1661,15000,2025-09-23 14:55:01.131,CCA,,First Installment - Imported from Excel,2025-09-23 14:55:01.131,5,5
2159,1662,1662,175000,2025-09-23 12:44:45.705,CCA,,First Installment - Imported from Excel,2025-09-23 12:44:45.706,5,2
3665,1662,1662,175000,2025-09-23 13:31:15.326,CCA,,First Installment - Imported from Excel,2025-09-23 13:31:15.326,5,3
5171,1662,1662,175000,2025-09-23 14:41:06.181,CCA,,First Installment - Imported from Excel,2025-09-23 14:41:06.181,5,4
6677,1662,1662,175000,2025-09-23 14:55:01.145,CCA,,First Installment - Imported from Excel,2025-09-23 14:55:01.145,5,5
2160,1663,1663,110000,2025-09-23 12:44:45.712,CCA,,First Installment - Imported from Excel,2025-09-23 12:44:45.713,5,2
3666,1663,1663,110000,2025-09-23 13:31:15.331,CCA,,First Installment - Imported from Excel,2025-09-23 13:31:15.332,5,3
5172,1663,1663,110000,2025-09-23 14:41:06.188,CCA,,First Installment - Imported from Excel,2025-09-23 14:41:06.189,5,4
6678,1663,1663,110000,2025-09-23 14:55:01.153,CCA,,First Installment - Imported from Excel,2025-09-23 14:55:01.154,5,5
2161,1664,1664,50000,2025-09-23 12:44:45.719,CCA,,First Installment - Imported from Excel,2025-09-23 12:44:45.72,5,2
3667,1664,1664,50000,2025-09-23 13:31:15.337,CCA,,First Installment - Imported from Excel,2025-09-23 13:31:15.338,5,3
5173,1664,1664,50000,2025-09-23 14:41:06.199,CCA,,First Installment - Imported from Excel,2025-09-23 14:41:06.199,5,4
6679,1664,1664,50000,2025-09-23 14:55:01.162,CCA,,First Installment - Imported from Excel,2025-09-23 14:55:01.162,5,5
3668,1665,1665,15000,2025-09-23 13:31:15.343,CCA,,First Installment - Imported from Excel,2025-09-23 13:31:15.344,4,2
5174,1665,1665,15000,2025-09-23 14:41:06.428,CCA,,First Installment - Imported from Excel,2025-09-23 14:41:06.429,4,3
6680,1665,1665,15000,2025-09-23 14:55:01.373,CCA,,First Installment - Imported from Excel,2025-09-23 14:55:01.374,4,4
3669,1665,1665,85000,2025-09-23 13:31:15.344,CCA,,Second Installment - Imported from Excel,2025-09-23 13:31:15.345,4,2
5175,1665,1665,85000,2025-09-23 14:41:06.431,CCA,,Second Installment - Imported from Excel,2025-09-23 14:41:06.432,4,3
6681,1665,1665,85000,2025-09-23 14:55:01.376,CCA,,Second Installment - Imported from Excel,2025-09-23 14:55:01.376,4,4
2164,1666,1666,100000,2025-09-23 12:44:45.735,CCA,,First Installment - Imported from Excel,2025-09-23 12:44:45.736,5,2
3670,1666,1666,100000,2025-09-23 13:31:15.35,CCA,,First Installment - Imported from Excel,2025-09-23 13:31:15.35,5,3
5176,1666,1666,100000,2025-09-23 14:41:06.442,CCA,,First Installment - Imported from Excel,2025-09-23 14:41:06.443,5,4
6682,1666,1666,100000,2025-09-23 14:55:01.383,CCA,,First Installment - Imported from Excel,2025-09-23 14:55:01.384,5,5
2165,1667,1667,99000,2025-09-23 12:44:45.741,CCA,,First Installment - Imported from Excel,2025-09-23 12:44:45.742,5,2
3671,1667,1667,99000,2025-09-23 13:31:15.357,CCA,,First Installment - Imported from Excel,2025-09-23 13:31:15.357,5,3
5177,1667,1667,99000,2025-09-23 14:41:06.452,CCA,,First Installment - Imported from Excel,2025-09-23 14:41:06.452,5,4
6683,1667,1667,99000,2025-09-23 14:55:01.392,CCA,,First Installment - Imported from Excel,2025-09-23 14:55:01.393,5,5
2166,1668,1668,100000,2025-09-23 12:44:45.749,CCA,,First Installment - Imported from Excel,2025-09-23 12:44:45.749,5,2
3672,1668,1668,100000,2025-09-23 13:31:15.365,CCA,,First Installment - Imported from Excel,2025-09-23 13:31:15.366,5,3
5178,1668,1668,100000,2025-09-23 14:41:06.461,CCA,,First Installment - Imported from Excel,2025-09-23 14:41:06.462,5,4
6684,1668,1668,100000,2025-09-23 14:55:01.398,CCA,,First Installment - Imported from Excel,2025-09-23 14:55:01.399,5,5
2167,1670,1670,100000,2025-09-23 12:44:45.757,CCA,,First Installment - Imported from Excel,2025-09-23 12:44:45.757,5,2
3673,1670,1670,100000,2025-09-23 13:31:15.371,CCA,,First Installment - Imported from Excel,2025-09-23 13:31:15.371,5,3
5179,1670,1670,100000,2025-09-23 14:41:06.477,CCA,,First Installment - Imported from Excel,2025-09-23 14:41:06.477,5,4
6685,1670,1670,100000,2025-09-23 14:55:01.409,CCA,,First Installment - Imported from Excel,2025-09-23 14:55:01.41,5,5
2168,1671,1671,100000,2025-09-23 12:44:45.764,CCA,,First Installment - Imported from Excel,2025-09-23 12:44:45.765,5,2
3674,1671,1671,100000,2025-09-23 13:31:15.377,CCA,,First Installment - Imported from Excel,2025-09-23 13:31:15.378,5,3
5180,1671,1671,100000,2025-09-23 14:41:06.688,CCA,,First Installment - Imported from Excel,2025-09-23 14:41:06.689,5,4
6686,1671,1671,100000,2025-09-23 14:55:01.593,CCA,,First Installment - Imported from Excel,2025-09-23 14:55:01.594,5,5
2169,1672,1672,15000,2025-09-23 12:44:45.771,CCA,,First Installment - Imported from Excel,2025-09-23 12:44:45.772,5,2
3675,1672,1672,15000,2025-09-23 13:31:15.399,CCA,,First Installment - Imported from Excel,2025-09-23 13:31:15.4,5,3
5181,1672,1672,15000,2025-09-23 14:41:06.92,CCA,,First Installment - Imported from Excel,2025-09-23 14:41:06.921,5,4
6687,1672,1672,15000,2025-09-23 14:55:01.8,CCA,,First Installment - Imported from Excel,2025-09-23 14:55:01.801,5,5
2170,1673,1673,35000,2025-09-23 12:44:45.778,CCA,,First Installment - Imported from Excel,2025-09-23 12:44:45.778,5,2
3676,1673,1673,35000,2025-09-23 13:31:15.406,CCA,,First Installment - Imported from Excel,2025-09-23 13:31:15.407,5,3
5182,1673,1673,35000,2025-09-23 14:41:06.939,CCA,,First Installment - Imported from Excel,2025-09-23 14:41:06.94,5,4
6688,1673,1673,35000,2025-09-23 14:55:01.807,CCA,,First Installment - Imported from Excel,2025-09-23 14:55:01.808,5,5
2171,1675,1675,20000,2025-09-23 12:44:45.784,CCA,,First Installment - Imported from Excel,2025-09-23 12:44:45.785,5,2
3677,1675,1675,20000,2025-09-23 13:31:15.413,CCA,,First Installment - Imported from Excel,2025-09-23 13:31:15.413,5,3
5183,1675,1675,20000,2025-09-23 14:41:06.951,CCA,,First Installment - Imported from Excel,2025-09-23 14:41:06.952,5,4
6689,1675,1675,20000,2025-09-23 14:55:01.816,CCA,,First Installment - Imported from Excel,2025-09-23 14:55:01.817,5,5
2172,1676,1676,175000,2025-09-23 12:44:45.792,CCA,,First Installment - Imported from Excel,2025-09-23 12:44:45.792,5,2
3678,1676,1676,175000,2025-09-23 13:31:15.418,CCA,,First Installment - Imported from Excel,2025-09-23 13:31:15.419,5,3
5184,1676,1676,175000,2025-09-23 14:41:07.18,CCA,,First Installment - Imported from Excel,2025-09-23 14:41:07.181,5,4
6690,1676,1676,175000,2025-09-23 14:55:02.071,CCA,,First Installment - Imported from Excel,2025-09-23 14:55:02.072,5,5
2173,1677,1677,25000,2025-09-23 12:44:45.799,CCA,,First Installment - Imported from Excel,2025-09-23 12:44:45.8,5,2
3679,1677,1677,25000,2025-09-23 13:31:15.423,CCA,,First Installment - Imported from Excel,2025-09-23 13:31:15.424,5,3
5185,1677,1677,25000,2025-09-23 14:41:07.19,CCA,,First Installment - Imported from Excel,2025-09-23 14:41:07.191,5,4
6691,1677,1677,25000,2025-09-23 14:55:02.083,CCA,,First Installment - Imported from Excel,2025-09-23 14:55:02.084,5,5
2174,1681,1681,100000,2025-09-23 12:44:45.806,CCA,,First Installment - Imported from Excel,2025-09-23 12:44:45.807,5,2
3680,1681,1681,100000,2025-09-23 13:31:15.429,CCA,,First Installment - Imported from Excel,2025-09-23 13:31:15.429,5,3
5186,1681,1681,100000,2025-09-23 14:41:07.401,CCA,,First Installment - Imported from Excel,2025-09-23 14:41:07.402,5,4
6692,1681,1681,100000,2025-09-23 14:55:02.293,CCA,,First Installment - Imported from Excel,2025-09-23 14:55:02.294,5,5
2175,1682,1682,15000,2025-09-23 12:44:45.813,CCA,,First Installment - Imported from Excel,2025-09-23 12:44:45.814,5,2
3681,1682,1682,15000,2025-09-23 13:31:15.433,CCA,,First Installment - Imported from Excel,2025-09-23 13:31:15.434,5,3
5187,1682,1682,15000,2025-09-23 14:41:07.419,CCA,,First Installment - Imported from Excel,2025-09-23 14:41:07.42,5,4
6693,1682,1682,15000,2025-09-23 14:55:02.308,CCA,,First Installment - Imported from Excel,2025-09-23 14:55:02.31,5,5
2176,1683,1683,75000,2025-09-23 12:44:45.821,CCA,,First Installment - Imported from Excel,2025-09-23 12:44:45.821,5,2
3682,1683,1683,75000,2025-09-23 13:31:15.438,CCA,,First Installment - Imported from Excel,2025-09-23 13:31:15.438,5,3
5188,1683,1683,75000,2025-09-23 14:41:07.43,CCA,,First Installment - Imported from Excel,2025-09-23 14:41:07.431,5,4
6694,1683,1683,75000,2025-09-23 14:55:02.32,CCA,,First Installment - Imported from Excel,2025-09-23 14:55:02.321,5,5
2177,1684,1684,25000,2025-09-23 12:44:45.828,CCA,,First Installment - Imported from Excel,2025-09-23 12:44:45.829,5,2
3683,1684,1684,25000,2025-09-23 13:31:15.443,CCA,,First Installment - Imported from Excel,2025-09-23 13:31:15.443,5,3
5189,1684,1684,25000,2025-09-23 14:41:07.444,CCA,,First Installment - Imported from Excel,2025-09-23 14:41:07.444,5,4
6695,1684,1684,25000,2025-09-23 14:55:02.329,CCA,,First Installment - Imported from Excel,2025-09-23 14:55:02.33,5,5
2178,1685,1685,120000,2025-09-23 12:44:45.835,CCA,,First Installment - Imported from Excel,2025-09-23 12:44:45.836,5,2
3684,1685,1685,120000,2025-09-23 13:31:15.447,CCA,,First Installment - Imported from Excel,2025-09-23 13:31:15.448,5,3
5190,1685,1685,120000,2025-09-23 14:41:07.454,CCA,,First Installment - Imported from Excel,2025-09-23 14:41:07.455,5,4
6696,1685,1685,120000,2025-09-23 14:55:02.339,CCA,,First Installment - Imported from Excel,2025-09-23 14:55:02.34,5,5
2179,1686,1686,95000,2025-09-23 12:44:45.843,CCA,,First Installment - Imported from Excel,2025-09-23 12:44:45.843,5,2
3685,1686,1686,95000,2025-09-23 13:31:15.452,CCA,,First Installment - Imported from Excel,2025-09-23 13:31:15.453,5,3
5191,1686,1686,95000,2025-09-23 14:41:07.468,CCA,,First Installment - Imported from Excel,2025-09-23 14:41:07.469,5,4
6697,1686,1686,95000,2025-09-23 14:55:02.349,CCA,,First Installment - Imported from Excel,2025-09-23 14:55:02.35,5,5
2180,1688,1688,100000,2025-09-23 12:44:45.85,CCA,,First Installment - Imported from Excel,2025-09-23 12:44:45.851,5,2
3686,1688,1688,100000,2025-09-23 13:31:15.458,CCA,,First Installment - Imported from Excel,2025-09-23 13:31:15.458,5,3
5192,1688,1688,100000,2025-09-23 14:41:07.482,CCA,,First Installment - Imported from Excel,2025-09-23 14:41:07.483,5,4
6698,1688,1688,100000,2025-09-23 14:55:02.36,CCA,,First Installment - Imported from Excel,2025-09-23 14:55:02.361,5,5
2181,1689,1689,100000,2025-09-23 12:44:45.855,CCA,,First Installment - Imported from Excel,2025-09-23 12:44:45.856,5,2
3687,1689,1689,100000,2025-09-23 13:31:15.462,CCA,,First Installment - Imported from Excel,2025-09-23 13:31:15.463,5,3
5193,1689,1689,100000,2025-09-23 14:41:07.493,CCA,,First Installment - Imported from Excel,2025-09-23 14:41:07.494,5,4
6699,1689,1689,100000,2025-09-23 14:55:02.368,CCA,,First Installment - Imported from Excel,2025-09-23 14:55:02.369,5,5
2182,1690,1690,15000,2025-09-23 12:44:45.865,CCA,,First Installment - Imported from Excel,2025-09-23 12:44:45.866,5,2
3688,1690,1690,15000,2025-09-23 13:31:15.466,CCA,,First Installment - Imported from Excel,2025-09-23 13:31:15.467,5,3
5194,1690,1690,15000,2025-09-23 14:41:07.504,CCA,,First Installment - Imported from Excel,2025-09-23 14:41:07.505,5,4
6700,1690,1690,15000,2025-09-23 14:55:02.379,CCA,,First Installment - Imported from Excel,2025-09-23 14:55:02.379,5,5
2183,1692,1692,50000,2025-09-23 12:44:45.874,CCA,,First Installment - Imported from Excel,2025-09-23 12:44:45.875,5,2
3689,1692,1692,50000,2025-09-23 13:31:15.471,CCA,,First Installment - Imported from Excel,2025-09-23 13:31:15.472,5,3
5195,1692,1692,50000,2025-09-23 14:41:07.514,CCA,,First Installment - Imported from Excel,2025-09-23 14:41:07.515,5,4
6701,1692,1692,50000,2025-09-23 14:55:02.391,CCA,,First Installment - Imported from Excel,2025-09-23 14:55:02.392,5,5
2184,1693,1693,100000,2025-09-23 12:44:45.884,CCA,,First Installment - Imported from Excel,2025-09-23 12:44:45.885,5,2
3690,1693,1693,100000,2025-09-23 13:31:15.476,CCA,,First Installment - Imported from Excel,2025-09-23 13:31:15.477,5,3
5196,1693,1693,100000,2025-09-23 14:41:07.526,CCA,,First Installment - Imported from Excel,2025-09-23 14:41:07.526,5,4
6702,1693,1693,100000,2025-09-23 14:55:02.399,CCA,,First Installment - Imported from Excel,2025-09-23 14:55:02.4,5,5
2185,1694,1694,100000,2025-09-23 12:44:45.893,CCA,,First Installment - Imported from Excel,2025-09-23 12:44:45.893,5,2
3691,1694,1694,100000,2025-09-23 13:31:15.481,CCA,,First Installment - Imported from Excel,2025-09-23 13:31:15.482,5,3
5197,1694,1694,100000,2025-09-23 14:41:07.536,CCA,,First Installment - Imported from Excel,2025-09-23 14:41:07.537,5,4
6703,1694,1694,100000,2025-09-23 14:55:02.41,CCA,,First Installment - Imported from Excel,2025-09-23 14:55:02.411,5,5
2186,1696,1696,25000,2025-09-23 12:44:45.9,CCA,,First Installment - Imported from Excel,2025-09-23 12:44:45.901,5,2
3692,1696,1696,25000,2025-09-23 13:31:15.487,CCA,,First Installment - Imported from Excel,2025-09-23 13:31:15.488,5,3
5198,1696,1696,25000,2025-09-23 14:41:07.709,CCA,,First Installment - Imported from Excel,2025-09-23 14:41:07.71,5,4
6704,1696,1696,25000,2025-09-23 14:55:02.62,CCA,,First Installment - Imported from Excel,2025-09-23 14:55:02.621,5,5
2187,1697,1697,50000,2025-09-23 12:44:45.908,CCA,,First Installment - Imported from Excel,2025-09-23 12:44:45.909,5,2
3693,1697,1697,50000,2025-09-23 13:31:15.493,CCA,,First Installment - Imported from Excel,2025-09-23 13:31:15.494,5,3
5199,1697,1697,50000,2025-09-23 14:41:07.913,CCA,,First Installment - Imported from Excel,2025-09-23 14:41:07.914,5,4
6705,1697,1697,50000,2025-09-23 14:55:02.845,CCA,,First Installment - Imported from Excel,2025-09-23 14:55:02.846,5,5
2188,1698,1698,100000,2025-09-23 12:44:45.914,CCA,,First Installment - Imported from Excel,2025-09-23 12:44:45.915,5,2
3694,1698,1698,100000,2025-09-23 13:31:15.498,CCA,,First Installment - Imported from Excel,2025-09-23 13:31:15.499,5,3
5200,1698,1698,100000,2025-09-23 14:41:07.923,CCA,,First Installment - Imported from Excel,2025-09-23 14:41:07.923,5,4
6706,1698,1698,100000,2025-09-23 14:55:02.863,CCA,,First Installment - Imported from Excel,2025-09-23 14:55:02.864,5,5
2189,1701,1701,100000,2025-09-23 12:44:45.921,CCA,,First Installment - Imported from Excel,2025-09-23 12:44:45.922,5,2
3695,1701,1701,100000,2025-09-23 13:31:15.504,CCA,,First Installment - Imported from Excel,2025-09-23 13:31:15.504,5,3
5201,1701,1701,100000,2025-09-23 14:41:07.934,CCA,,First Installment - Imported from Excel,2025-09-23 14:41:07.935,5,4
6707,1701,1701,100000,2025-09-23 14:55:02.878,CCA,,First Installment - Imported from Excel,2025-09-23 14:55:02.879,5,5
2190,1702,1702,100000,2025-09-23 12:44:45.927,CCA,,First Installment - Imported from Excel,2025-09-23 12:44:45.928,5,2
3696,1702,1702,100000,2025-09-23 13:31:15.509,CCA,,First Installment - Imported from Excel,2025-09-23 13:31:15.509,5,3
5202,1702,1702,100000,2025-09-23 14:41:08.134,CCA,,First Installment - Imported from Excel,2025-09-23 14:41:08.135,5,4
6708,1702,1702,100000,2025-09-23 14:55:03.128,CCA,,First Installment - Imported from Excel,2025-09-23 14:55:03.129,5,5
2191,1703,1703,100000,2025-09-23 12:44:45.933,CCA,,First Installment - Imported from Excel,2025-09-23 12:44:45.933,5,2
3697,1703,1703,100000,2025-09-23 13:31:15.514,CCA,,First Installment - Imported from Excel,2025-09-23 13:31:15.514,5,3
5203,1703,1703,100000,2025-09-23 14:41:08.142,CCA,,First Installment - Imported from Excel,2025-09-23 14:41:08.143,5,4
6709,1703,1703,100000,2025-09-23 14:55:03.142,CCA,,First Installment - Imported from Excel,2025-09-23 14:55:03.142,5,5
2192,1706,1706,50000,2025-09-23 12:44:45.938,CCA,,First Installment - Imported from Excel,2025-09-23 12:44:45.939,5,2
3698,1706,1706,50000,2025-09-23 13:31:15.521,CCA,,First Installment - Imported from Excel,2025-09-23 13:31:15.522,5,3
5204,1706,1706,50000,2025-09-23 14:41:08.15,CCA,,First Installment - Imported from Excel,2025-09-23 14:41:08.151,5,4
6710,1706,1706,50000,2025-09-23 14:55:03.15,CCA,,First Installment - Imported from Excel,2025-09-23 14:55:03.151,5,5
2193,1707,1707,25000,2025-09-23 12:44:45.944,CCA,,First Installment - Imported from Excel,2025-09-23 12:44:45.944,5,2
3699,1707,1707,25000,2025-09-23 13:31:15.528,CCA,,First Installment - Imported from Excel,2025-09-23 13:31:15.529,5,3
5205,1707,1707,25000,2025-09-23 14:41:08.158,CCA,,First Installment - Imported from Excel,2025-09-23 14:41:08.159,5,4
6711,1707,1707,25000,2025-09-23 14:55:03.16,CCA,,First Installment - Imported from Excel,2025-09-23 14:55:03.161,5,5
2194,1709,1709,100000,2025-09-23 12:44:45.95,CCA,,First Installment - Imported from Excel,2025-09-23 12:44:45.951,5,2
3700,1709,1709,100000,2025-09-23 13:31:15.535,CCA,,First Installment - Imported from Excel,2025-09-23 13:31:15.535,5,3
5206,1709,1709,100000,2025-09-23 14:41:08.17,CCA,,First Installment - Imported from Excel,2025-09-23 14:41:08.171,5,4
6712,1709,1709,100000,2025-09-23 14:55:03.17,CCA,,First Installment - Imported from Excel,2025-09-23 14:55:03.17,5,5
2195,1710,1710,59800,2025-09-23 12:44:45.956,CCA,,First Installment - Imported from Excel,2025-09-23 12:44:45.956,5,2
3701,1710,1710,59800,2025-09-23 13:31:15.541,CCA,,First Installment - Imported from Excel,2025-09-23 13:31:15.541,5,3
5207,1710,1710,59800,2025-09-23 14:41:08.365,CCA,,First Installment - Imported from Excel,2025-09-23 14:41:08.366,5,4
6713,1710,1710,59800,2025-09-23 14:55:03.387,CCA,,First Installment - Imported from Excel,2025-09-23 14:55:03.388,5,5
2196,1711,1711,100000,2025-09-23 12:44:45.961,CCA,,First Installment - Imported from Excel,2025-09-23 12:44:45.962,5,2
3702,1711,1711,100000,2025-09-23 13:31:15.547,CCA,,First Installment - Imported from Excel,2025-09-23 13:31:15.548,5,3
5208,1711,1711,100000,2025-09-23 14:41:08.373,CCA,,First Installment - Imported from Excel,2025-09-23 14:41:08.373,5,4
6714,1711,1711,100000,2025-09-23 14:55:03.4,CCA,,First Installment - Imported from Excel,2025-09-23 14:55:03.401,5,5
2197,1713,1713,175000,2025-09-23 12:44:45.967,CCA,,First Installment - Imported from Excel,2025-09-23 12:44:45.967,5,2
3703,1713,1713,175000,2025-09-23 13:31:15.553,CCA,,First Installment - Imported from Excel,2025-09-23 13:31:15.554,5,3
5209,1713,1713,175000,2025-09-23 14:41:08.555,CCA,,First Installment - Imported from Excel,2025-09-23 14:41:08.556,5,4
6715,1713,1713,175000,2025-09-23 14:55:03.619,CCA,,First Installment - Imported from Excel,2025-09-23 14:55:03.62,5,5
3704,1714,1714,15000,2025-09-23 13:31:15.56,CCA,,First Installment - Imported from Excel,2025-09-23 13:31:15.56,4,2
5210,1714,1714,15000,2025-09-23 14:41:08.757,CCA,,First Installment - Imported from Excel,2025-09-23 14:41:08.758,4,3
6716,1714,1714,15000,2025-09-23 14:55:03.818,CCA,,First Installment - Imported from Excel,2025-09-23 14:55:03.818,4,4
3705,1714,1714,85000,2025-09-23 13:31:15.561,CCA,,Second Installment - Imported from Excel,2025-09-23 13:31:15.562,4,2
5211,1714,1714,85000,2025-09-23 14:41:08.762,CCA,,Second Installment - Imported from Excel,2025-09-23 14:41:08.762,4,3
6717,1714,1714,85000,2025-09-23 14:55:03.822,CCA,,Second Installment - Imported from Excel,2025-09-23 14:55:03.823,4,4
3706,1716,1716,15000,2025-09-23 13:31:15.566,CCA,,First Installment - Imported from Excel,2025-09-23 13:31:15.567,4,2
5212,1716,1716,15000,2025-09-23 14:41:08.775,CCA,,First Installment - Imported from Excel,2025-09-23 14:41:08.776,4,3
6718,1716,1716,15000,2025-09-23 14:55:03.835,CCA,,First Installment - Imported from Excel,2025-09-23 14:55:03.835,4,4
3707,1716,1716,85000,2025-09-23 13:31:15.568,CCA,,Second Installment - Imported from Excel,2025-09-23 13:31:15.568,4,2
5213,1716,1716,85000,2025-09-23 14:41:08.778,CCA,,Second Installment - Imported from Excel,2025-09-23 14:41:08.779,4,3
6719,1716,1716,85000,2025-09-23 14:55:03.837,CCA,,Second Installment - Imported from Excel,2025-09-23 14:55:03.838,4,4
2202,1717,1717,100000,2025-09-23 12:44:45.987,CCA,,First Installment - Imported from Excel,2025-09-23 12:44:45.988,5,2
3708,1717,1717,100000,2025-09-23 13:31:15.574,CCA,,First Installment - Imported from Excel,2025-09-23 13:31:15.575,5,3
5214,1717,1717,100000,2025-09-23 14:41:08.79,CCA,,First Installment - Imported from Excel,2025-09-23 14:41:08.791,5,4
6720,1717,1717,100000,2025-09-23 14:55:03.847,CCA,,First Installment - Imported from Excel,2025-09-23 14:55:03.848,5,5
2203,1720,1720,15000,2025-09-23 12:44:45.994,CCA,,First Installment - Imported from Excel,2025-09-23 12:44:45.995,5,2
3709,1720,1720,15000,2025-09-23 13:31:15.58,CCA,,First Installment - Imported from Excel,2025-09-23 13:31:15.581,5,3
5215,1720,1720,15000,2025-09-23 14:41:08.803,CCA,,First Installment - Imported from Excel,2025-09-23 14:41:08.804,5,4
6721,1720,1720,15000,2025-09-23 14:55:03.86,CCA,,First Installment - Imported from Excel,2025-09-23 14:55:03.861,5,5
2204,1721,1721,15000,2025-09-23 12:44:46.002,CCA,,First Installment - Imported from Excel,2025-09-23 12:44:46.002,5,2
3710,1721,1721,15000,2025-09-23 13:31:15.586,CCA,,First Installment - Imported from Excel,2025-09-23 13:31:15.587,5,3
5216,1721,1721,15000,2025-09-23 14:41:08.818,CCA,,First Installment - Imported from Excel,2025-09-23 14:41:08.819,5,4
6722,1721,1721,15000,2025-09-23 14:55:03.873,CCA,,First Installment - Imported from Excel,2025-09-23 14:55:03.874,5,5
3711,1722,1722,15000,2025-09-23 13:31:15.592,CCA,,First Installment - Imported from Excel,2025-09-23 13:31:15.593,4,2
5217,1722,1722,15000,2025-09-23 14:41:09.021,CCA,,First Installment - Imported from Excel,2025-09-23 14:41:09.022,4,3
6723,1722,1722,15000,2025-09-23 14:55:04.085,CCA,,First Installment - Imported from Excel,2025-09-23 14:55:04.086,4,4
3712,1722,1722,85000,2025-09-23 13:31:15.594,CCA,,Second Installment - Imported from Excel,2025-09-23 13:31:15.594,4,2
5218,1722,1722,85000,2025-09-23 14:41:09.023,CCA,,Second Installment - Imported from Excel,2025-09-23 14:41:09.024,4,3
6724,1722,1722,85000,2025-09-23 14:55:04.087,CCA,,Second Installment - Imported from Excel,2025-09-23 14:55:04.087,4,4
2207,1723,1723,160000,2025-09-23 12:44:46.019,CCA,,First Installment - Imported from Excel,2025-09-23 12:44:46.02,5,2
3713,1723,1723,160000,2025-09-23 13:31:15.6,CCA,,First Installment - Imported from Excel,2025-09-23 13:31:15.6,5,3
5219,1723,1723,160000,2025-09-23 14:41:09.242,CCA,,First Installment - Imported from Excel,2025-09-23 14:41:09.243,5,4
6725,1723,1723,160000,2025-09-23 14:55:04.287,CCA,,First Installment - Imported from Excel,2025-09-23 14:55:04.288,5,5
2208,1724,1724,170000,2025-09-23 12:44:46.026,CCA,,First Installment - Imported from Excel,2025-09-23 12:44:46.027,5,2
3714,1724,1724,170000,2025-09-23 13:31:15.605,CCA,,First Installment - Imported from Excel,2025-09-23 13:31:15.606,5,3
5220,1724,1724,170000,2025-09-23 14:41:09.254,CCA,,First Installment - Imported from Excel,2025-09-23 14:41:09.255,5,4
6726,1724,1724,170000,2025-09-23 14:55:04.297,CCA,,First Installment - Imported from Excel,2025-09-23 14:55:04.298,5,5
2209,1726,1726,155000,2025-09-23 12:44:46.033,CCA,,First Installment - Imported from Excel,2025-09-23 12:44:46.034,5,2
3715,1726,1726,155000,2025-09-23 13:31:15.612,CCA,,First Installment - Imported from Excel,2025-09-23 13:31:15.613,5,3
5221,1726,1726,155000,2025-09-23 14:41:09.267,CCA,,First Installment - Imported from Excel,2025-09-23 14:41:09.268,5,4
6727,1726,1726,155000,2025-09-23 14:55:04.307,CCA,,First Installment - Imported from Excel,2025-09-23 14:55:04.308,5,5
3716,1727,1727,15000,2025-09-23 13:31:15.618,CCA,,First Installment - Imported from Excel,2025-09-23 13:31:15.619,4,2
5222,1727,1727,15000,2025-09-23 14:41:09.277,CCA,,First Installment - Imported from Excel,2025-09-23 14:41:09.278,4,3
6728,1727,1727,15000,2025-09-23 14:55:04.316,CCA,,First Installment - Imported from Excel,2025-09-23 14:55:04.317,4,4
3717,1727,1727,30000,2025-09-23 13:31:15.619,CCA,,Second Installment - Imported from Excel,2025-09-23 13:31:15.62,4,2
5223,1727,1727,30000,2025-09-23 14:41:09.28,CCA,,Second Installment - Imported from Excel,2025-09-23 14:41:09.281,4,3
6729,1727,1727,30000,2025-09-23 14:55:04.32,CCA,,Second Installment - Imported from Excel,2025-09-23 14:55:04.321,4,4
2212,1728,1728,15000,2025-09-23 12:44:46.047,CCA,,First Installment - Imported from Excel,2025-09-23 12:44:46.047,5,2
3718,1728,1728,15000,2025-09-23 13:31:15.624,CCA,,First Installment - Imported from Excel,2025-09-23 13:31:15.625,5,3
5224,1728,1728,15000,2025-09-23 14:41:09.291,CCA,,First Installment - Imported from Excel,2025-09-23 14:41:09.291,5,4
6730,1728,1728,15000,2025-09-23 14:55:04.333,CCA,,First Installment - Imported from Excel,2025-09-23 14:55:04.334,5,5
2213,1729,1729,100000,2025-09-23 12:44:46.055,CCA,,First Installment - Imported from Excel,2025-09-23 12:44:46.056,5,2
3719,1729,1729,100000,2025-09-23 13:31:15.629,CCA,,First Installment - Imported from Excel,2025-09-23 13:31:15.63,5,3
5225,1729,1729,100000,2025-09-23 14:41:09.303,CCA,,First Installment - Imported from Excel,2025-09-23 14:41:09.303,5,4
6731,1729,1729,100000,2025-09-23 14:55:04.341,CCA,,First Installment - Imported from Excel,2025-09-23 14:55:04.342,5,5
2214,1730,1730,25000,2025-09-23 12:44:46.064,CCA,,First Installment - Imported from Excel,2025-09-23 12:44:46.065,5,2
3720,1730,1730,25000,2025-09-23 13:31:15.636,CCA,,First Installment - Imported from Excel,2025-09-23 13:31:15.636,5,3
5226,1730,1730,25000,2025-09-23 14:41:09.313,CCA,,First Installment - Imported from Excel,2025-09-23 14:41:09.314,5,4
6732,1730,1730,25000,2025-09-23 14:55:04.351,CCA,,First Installment - Imported from Excel,2025-09-23 14:55:04.352,5,5
2215,1731,1731,30000,2025-09-23 12:44:46.072,CCA,,First Installment - Imported from Excel,2025-09-23 12:44:46.073,5,2
3721,1731,1731,30000,2025-09-23 13:31:15.641,CCA,,First Installment - Imported from Excel,2025-09-23 13:31:15.642,5,3
5227,1731,1731,30000,2025-09-23 14:41:09.489,CCA,,First Installment - Imported from Excel,2025-09-23 14:41:09.49,5,4
6733,1731,1731,30000,2025-09-23 14:55:04.535,CCA,,First Installment - Imported from Excel,2025-09-23 14:55:04.535,5,5
2216,1732,1732,25000,2025-09-23 12:44:46.079,CCA,,First Installment - Imported from Excel,2025-09-23 12:44:46.079,5,2
3722,1732,1732,25000,2025-09-23 13:31:15.648,CCA,,First Installment - Imported from Excel,2025-09-23 13:31:15.649,5,3
5228,1732,1732,25000,2025-09-23 14:41:09.658,CCA,,First Installment - Imported from Excel,2025-09-23 14:41:09.659,5,4
6734,1732,1732,25000,2025-09-23 14:55:04.726,CCA,,First Installment - Imported from Excel,2025-09-23 14:55:04.726,5,5
2217,1733,1733,100000,2025-09-23 12:44:46.084,CCA,,First Installment - Imported from Excel,2025-09-23 12:44:46.085,5,2
3723,1733,1733,100000,2025-09-23 13:31:15.653,CCA,,First Installment - Imported from Excel,2025-09-23 13:31:15.654,5,3
5229,1733,1733,100000,2025-09-23 14:41:09.666,CCA,,First Installment - Imported from Excel,2025-09-23 14:41:09.666,5,4
6735,1733,1733,100000,2025-09-23 14:55:04.738,CCA,,First Installment - Imported from Excel,2025-09-23 14:55:04.738,5,5
2218,1734,1734,100000,2025-09-23 12:44:46.091,CCA,,First Installment - Imported from Excel,2025-09-23 12:44:46.092,5,2
3724,1734,1734,100000,2025-09-23 13:31:15.659,CCA,,First Installment - Imported from Excel,2025-09-23 13:31:15.659,5,3
5230,1734,1734,100000,2025-09-23 14:41:09.884,CCA,,First Installment - Imported from Excel,2025-09-23 14:41:09.885,5,4
6736,1734,1734,100000,2025-09-23 14:55:04.915,CCA,,First Installment - Imported from Excel,2025-09-23 14:55:04.915,5,5
2219,1735,1735,100000,2025-09-23 12:44:46.097,CCA,,First Installment - Imported from Excel,2025-09-23 12:44:46.098,5,2
3725,1735,1735,100000,2025-09-23 13:31:15.666,CCA,,First Installment - Imported from Excel,2025-09-23 13:31:15.666,5,3
5231,1735,1735,100000,2025-09-23 14:41:10.086,CCA,,First Installment - Imported from Excel,2025-09-23 14:41:10.087,5,4
6737,1735,1735,100000,2025-09-23 14:55:05.1,CCA,,First Installment - Imported from Excel,2025-09-23 14:55:05.101,5,5
2220,1737,1737,100000,2025-09-23 12:44:46.103,CCA,,First Installment - Imported from Excel,2025-09-23 12:44:46.103,5,2
3726,1737,1737,100000,2025-09-23 13:31:15.671,CCA,,First Installment - Imported from Excel,2025-09-23 13:31:15.672,5,3
5232,1737,1737,100000,2025-09-23 14:41:10.097,CCA,,First Installment - Imported from Excel,2025-09-23 14:41:10.097,5,4
6738,1737,1737,100000,2025-09-23 14:55:05.11,CCA,,First Installment - Imported from Excel,2025-09-23 14:55:05.111,5,5
2221,1739,1739,85000,2025-09-23 12:44:46.108,CCA,,First Installment - Imported from Excel,2025-09-23 12:44:46.109,5,2
3727,1739,1739,85000,2025-09-23 13:31:15.679,CCA,,First Installment - Imported from Excel,2025-09-23 13:31:15.679,5,3
5233,1739,1739,85000,2025-09-23 14:41:10.288,CCA,,First Installment - Imported from Excel,2025-09-23 14:41:10.289,5,4
6739,1739,1739,85000,2025-09-23 14:55:05.289,CCA,,First Installment - Imported from Excel,2025-09-23 14:55:05.29,5,5
2222,1740,1740,100000,2025-09-23 12:44:46.113,CCA,,First Installment - Imported from Excel,2025-09-23 12:44:46.114,5,2
3728,1740,1740,100000,2025-09-23 13:31:15.684,CCA,,First Installment - Imported from Excel,2025-09-23 13:31:15.685,5,3
5234,1740,1740,100000,2025-09-23 14:41:10.296,CCA,,First Installment - Imported from Excel,2025-09-23 14:41:10.297,5,4
6740,1740,1740,100000,2025-09-23 14:55:05.299,CCA,,First Installment - Imported from Excel,2025-09-23 14:55:05.3,5,5
3729,1741,1741,15000,2025-09-23 13:31:15.691,CCA,,First Installment - Imported from Excel,2025-09-23 13:31:15.691,4,2
5235,1741,1741,15000,2025-09-23 14:41:10.51,CCA,,First Installment - Imported from Excel,2025-09-23 14:41:10.51,4,3
6741,1741,1741,15000,2025-09-23 14:55:05.495,CCA,,First Installment - Imported from Excel,2025-09-23 14:55:05.496,4,4
3730,1741,1741,85000,2025-09-23 13:31:15.692,CCA,,Second Installment - Imported from Excel,2025-09-23 13:31:15.693,4,2
5236,1741,1741,85000,2025-09-23 14:41:10.512,CCA,,Second Installment - Imported from Excel,2025-09-23 14:41:10.513,4,3
6742,1741,1741,85000,2025-09-23 14:55:05.497,CCA,,Second Installment - Imported from Excel,2025-09-23 14:55:05.498,4,4
2225,1742,1742,15000,2025-09-23 12:44:46.127,CCA,,First Installment - Imported from Excel,2025-09-23 12:44:46.127,5,2
3731,1742,1742,15000,2025-09-23 13:31:15.699,CCA,,First Installment - Imported from Excel,2025-09-23 13:31:15.699,5,3
5237,1742,1742,15000,2025-09-23 14:41:10.522,CCA,,First Installment - Imported from Excel,2025-09-23 14:41:10.523,5,4
6743,1742,1742,15000,2025-09-23 14:55:05.503,CCA,,First Installment - Imported from Excel,2025-09-23 14:55:05.504,5,5
2226,1743,1743,100000,2025-09-23 12:44:46.132,CCA,,First Installment - Imported from Excel,2025-09-23 12:44:46.133,5,2
3732,1743,1743,100000,2025-09-23 13:31:15.705,CCA,,First Installment - Imported from Excel,2025-09-23 13:31:15.706,5,3
5238,1743,1743,100000,2025-09-23 14:41:10.528,CCA,,First Installment - Imported from Excel,2025-09-23 14:41:10.529,5,4
6744,1743,1743,100000,2025-09-23 14:55:05.51,CCA,,First Installment - Imported from Excel,2025-09-23 14:55:05.511,5,5
2227,1744,1744,100000,2025-09-23 12:44:46.138,CCA,,First Installment - Imported from Excel,2025-09-23 12:44:46.138,5,2
3733,1744,1744,100000,2025-09-23 13:31:15.712,CCA,,First Installment - Imported from Excel,2025-09-23 13:31:15.713,5,3
5239,1744,1744,100000,2025-09-23 14:41:10.534,CCA,,First Installment - Imported from Excel,2025-09-23 14:41:10.535,5,4
6745,1744,1744,100000,2025-09-23 14:55:05.519,CCA,,First Installment - Imported from Excel,2025-09-23 14:55:05.52,5,5
3734,1745,1745,15000,2025-09-23 13:31:15.718,CCA,,First Installment - Imported from Excel,2025-09-23 13:31:15.719,4,2
5240,1745,1745,15000,2025-09-23 14:41:10.714,CCA,,First Installment - Imported from Excel,2025-09-23 14:41:10.715,4,3
6746,1745,1745,15000,2025-09-23 14:55:05.718,CCA,,First Installment - Imported from Excel,2025-09-23 14:55:05.719,4,4
3735,1745,1745,25000,2025-09-23 13:31:15.719,CCA,,Second Installment - Imported from Excel,2025-09-23 13:31:15.72,4,2
5241,1745,1745,25000,2025-09-23 14:41:10.717,CCA,,Second Installment - Imported from Excel,2025-09-23 14:41:10.718,4,3
6747,1745,1745,25000,2025-09-23 14:55:05.721,CCA,,Second Installment - Imported from Excel,2025-09-23 14:55:05.722,4,4
2230,1746,1746,15000,2025-09-23 12:44:46.15,CCA,,First Installment - Imported from Excel,2025-09-23 12:44:46.151,5,2
3736,1746,1746,15000,2025-09-23 13:31:15.724,CCA,,First Installment - Imported from Excel,2025-09-23 13:31:15.725,5,3
5242,1746,1746,15000,2025-09-23 14:41:10.729,CCA,,First Installment - Imported from Excel,2025-09-23 14:41:10.73,5,4
6748,1746,1746,15000,2025-09-23 14:55:05.73,CCA,,First Installment - Imported from Excel,2025-09-23 14:55:05.731,5,5
2231,1747,1747,100000,2025-09-23 12:44:46.157,CCA,,First Installment - Imported from Excel,2025-09-23 12:44:46.157,5,2
3737,1747,1747,100000,2025-09-23 13:31:15.73,CCA,,First Installment - Imported from Excel,2025-09-23 13:31:15.73,5,3
5243,1747,1747,100000,2025-09-23 14:41:10.736,CCA,,First Installment - Imported from Excel,2025-09-23 14:41:10.737,5,4
6749,1747,1747,100000,2025-09-23 14:55:05.737,CCA,,First Installment - Imported from Excel,2025-09-23 14:55:05.737,5,5
2232,1748,1748,100000,2025-09-23 12:44:46.163,CCA,,First Installment - Imported from Excel,2025-09-23 12:44:46.164,5,2
3738,1748,1748,100000,2025-09-23 13:31:15.735,CCA,,First Installment - Imported from Excel,2025-09-23 13:31:15.736,5,3
5244,1748,1748,100000,2025-09-23 14:41:10.744,CCA,,First Installment - Imported from Excel,2025-09-23 14:41:10.745,5,4
6750,1748,1748,100000,2025-09-23 14:55:05.744,CCA,,First Installment - Imported from Excel,2025-09-23 14:55:05.745,5,5
3739,1749,1749,15000,2025-09-23 13:31:15.74,CCA,,First Installment - Imported from Excel,2025-09-23 13:31:15.741,4,2
5245,1749,1749,15000,2025-09-23 14:41:10.753,CCA,,First Installment - Imported from Excel,2025-09-23 14:41:10.754,4,3
6751,1749,1749,15000,2025-09-23 14:55:05.754,CCA,,First Installment - Imported from Excel,2025-09-23 14:55:05.754,4,4
3740,1749,1749,85000,2025-09-23 13:31:15.742,CCA,,Second Installment - Imported from Excel,2025-09-23 13:31:15.742,4,2
5246,1749,1749,85000,2025-09-23 14:41:10.755,CCA,,Second Installment - Imported from Excel,2025-09-23 14:41:10.755,4,3
6752,1749,1749,85000,2025-09-23 14:55:05.755,CCA,,Second Installment - Imported from Excel,2025-09-23 14:55:05.756,4,4
2235,1750,1750,15000,2025-09-23 12:44:46.176,CCA,,First Installment - Imported from Excel,2025-09-23 12:44:46.177,5,2
3741,1750,1750,15000,2025-09-23 13:31:15.748,CCA,,First Installment - Imported from Excel,2025-09-23 13:31:15.749,5,3
5247,1750,1750,15000,2025-09-23 14:41:10.764,CCA,,First Installment - Imported from Excel,2025-09-23 14:41:10.764,5,4
6753,1750,1750,15000,2025-09-23 14:55:05.764,CCA,,First Installment - Imported from Excel,2025-09-23 14:55:05.765,5,5
2236,1751,1751,100000,2025-09-23 12:44:46.182,CCA,,First Installment - Imported from Excel,2025-09-23 12:44:46.183,5,2
3742,1751,1751,100000,2025-09-23 13:31:15.755,CCA,,First Installment - Imported from Excel,2025-09-23 13:31:15.755,5,3
5248,1751,1751,100000,2025-09-23 14:41:10.772,CCA,,First Installment - Imported from Excel,2025-09-23 14:41:10.772,5,4
6754,1751,1751,100000,2025-09-23 14:55:05.771,CCA,,First Installment - Imported from Excel,2025-09-23 14:55:05.771,5,5
2237,1752,1752,100000,2025-09-23 12:44:46.187,CCA,,First Installment - Imported from Excel,2025-09-23 12:44:46.188,5,2
3743,1752,1752,100000,2025-09-23 13:31:15.76,CCA,,First Installment - Imported from Excel,2025-09-23 13:31:15.761,5,3
5249,1752,1752,100000,2025-09-23 14:41:10.782,CCA,,First Installment - Imported from Excel,2025-09-23 14:41:10.783,5,4
6755,1752,1752,100000,2025-09-23 14:55:05.777,CCA,,First Installment - Imported from Excel,2025-09-23 14:55:05.777,5,5
2238,1753,1753,50000,2025-09-23 12:44:46.192,CCA,,First Installment - Imported from Excel,2025-09-23 12:44:46.193,5,2
3744,1753,1753,50000,2025-09-23 13:31:15.766,CCA,,First Installment - Imported from Excel,2025-09-23 13:31:15.766,5,3
5250,1753,1753,50000,2025-09-23 14:41:10.789,CCA,,First Installment - Imported from Excel,2025-09-23 14:41:10.79,5,4
6756,1753,1753,50000,2025-09-23 14:55:05.783,CCA,,First Installment - Imported from Excel,2025-09-23 14:55:05.783,5,5
2239,1756,1756,100000,2025-09-23 12:44:46.199,CCA,,Second Installment - Imported from Excel,2025-09-23 12:44:46.199,5,2
3745,1756,1756,100000,2025-09-23 13:31:15.773,CCA,,Second Installment - Imported from Excel,2025-09-23 13:31:15.774,5,3
5251,1756,1756,100000,2025-09-23 14:41:10.963,CCA,,Second Installment - Imported from Excel,2025-09-23 14:41:10.964,5,4
6757,1756,1756,100000,2025-09-23 14:55:05.944,CCA,,Second Installment - Imported from Excel,2025-09-23 14:55:05.944,5,5
2286,1757,1757,100000,2025-09-23 12:44:46.453,CCA,,First Installment - Imported from Excel,2025-09-23 12:44:46.454,5,2
3792,1757,1757,100000,2025-09-23 13:31:16.03,CCA,,First Installment - Imported from Excel,2025-09-23 13:31:16.031,5,3
5298,1757,1757,100000,2025-09-23 14:41:12.964,CCA,,First Installment - Imported from Excel,2025-09-23 14:41:12.964,5,4
6804,1757,1757,100000,2025-09-23 14:55:07.797,CCA,,First Installment - Imported from Excel,2025-09-23 14:55:07.797,5,5
2287,1759,1759,70000,2025-09-23 12:44:46.461,CCA,,First Installment - Imported from Excel,2025-09-23 12:44:46.461,5,2
3793,1759,1759,70000,2025-09-23 13:31:16.036,CCA,,First Installment - Imported from Excel,2025-09-23 13:31:16.036,5,3
5299,1759,1759,70000,2025-09-23 14:41:13.153,CCA,,First Installment - Imported from Excel,2025-09-23 14:41:13.153,5,4
6805,1759,1759,70000,2025-09-23 14:55:07.967,CCA,,First Installment - Imported from Excel,2025-09-23 14:55:07.968,5,5
2288,1760,1760,100000,2025-09-23 12:44:46.467,CCA,,First Installment - Imported from Excel,2025-09-23 12:44:46.468,5,2
3794,1760,1760,100000,2025-09-23 13:31:16.041,CCA,,First Installment - Imported from Excel,2025-09-23 13:31:16.041,5,3
5300,1760,1760,100000,2025-09-23 14:41:13.347,CCA,,First Installment - Imported from Excel,2025-09-23 14:41:13.348,5,4
6806,1760,1760,100000,2025-09-23 14:55:08.152,CCA,,First Installment - Imported from Excel,2025-09-23 14:55:08.152,5,5
2289,1761,1761,100000,2025-09-23 12:44:46.472,CCA,,First Installment - Imported from Excel,2025-09-23 12:44:46.472,5,2
3795,1761,1761,100000,2025-09-23 13:31:16.046,CCA,,First Installment - Imported from Excel,2025-09-23 13:31:16.047,5,3
5301,1761,1761,100000,2025-09-23 14:41:13.501,CCA,,First Installment - Imported from Excel,2025-09-23 14:41:13.502,5,4
6807,1761,1761,100000,2025-09-23 14:55:08.328,CCA,,First Installment - Imported from Excel,2025-09-23 14:55:08.329,5,5
2290,1762,1762,90000,2025-09-23 12:44:46.477,CCA,,First Installment - Imported from Excel,2025-09-23 12:44:46.477,5,2
3796,1762,1762,90000,2025-09-23 13:31:16.051,CCA,,First Installment - Imported from Excel,2025-09-23 13:31:16.052,5,3
5302,1762,1762,90000,2025-09-23 14:41:13.664,CCA,,First Installment - Imported from Excel,2025-09-23 14:41:13.665,5,4
6808,1762,1762,90000,2025-09-23 14:55:08.517,CCA,,First Installment - Imported from Excel,2025-09-23 14:55:08.518,5,5
2291,1763,1763,175000,2025-09-23 12:44:46.483,CCA,,First Installment - Imported from Excel,2025-09-23 12:44:46.483,5,2
3797,1763,1763,175000,2025-09-23 13:31:16.057,CCA,,First Installment - Imported from Excel,2025-09-23 13:31:16.058,5,3
5303,1763,1763,175000,2025-09-23 14:41:13.815,CCA,,First Installment - Imported from Excel,2025-09-23 14:41:13.815,5,4
6809,1763,1763,175000,2025-09-23 14:55:08.74,CCA,,First Installment - Imported from Excel,2025-09-23 14:55:08.74,5,5
2292,1765,1765,50000,2025-09-23 12:44:46.488,CCA,,First Installment - Imported from Excel,2025-09-23 12:44:46.489,5,2
3798,1765,1765,50000,2025-09-23 13:31:16.064,CCA,,First Installment - Imported from Excel,2025-09-23 13:31:16.064,5,3
5304,1765,1765,50000,2025-09-23 14:41:13.821,CCA,,First Installment - Imported from Excel,2025-09-23 14:41:13.822,5,4
6810,1765,1765,50000,2025-09-23 14:55:08.747,CCA,,First Installment - Imported from Excel,2025-09-23 14:55:08.748,5,5
3799,1769,1769,15000,2025-09-23 13:31:16.071,CCA,,First Installment - Imported from Excel,2025-09-23 13:31:16.072,4,2
5305,1769,1769,15000,2025-09-23 14:41:13.827,CCA,,First Installment - Imported from Excel,2025-09-23 14:41:13.827,4,3
6811,1769,1769,15000,2025-09-23 14:55:08.755,CCA,,First Installment - Imported from Excel,2025-09-23 14:55:08.757,4,4
3800,1769,1769,85000,2025-09-23 13:31:16.073,CCA,,Second Installment - Imported from Excel,2025-09-23 13:31:16.073,4,2
5306,1769,1769,85000,2025-09-23 14:41:13.828,CCA,,Second Installment - Imported from Excel,2025-09-23 14:41:13.828,4,3
6812,1769,1769,85000,2025-09-23 14:55:08.759,CCA,,Second Installment - Imported from Excel,2025-09-23 14:55:08.759,4,4
2295,1770,1770,100000,2025-09-23 12:44:46.502,CCA,,First Installment - Imported from Excel,2025-09-23 12:44:46.502,5,2
3801,1770,1770,100000,2025-09-23 13:31:16.079,CCA,,First Installment - Imported from Excel,2025-09-23 13:31:16.079,5,3
5307,1770,1770,100000,2025-09-23 14:41:14.004,CCA,,First Installment - Imported from Excel,2025-09-23 14:41:14.005,5,4
6813,1770,1770,100000,2025-09-23 14:55:08.946,CCA,,First Installment - Imported from Excel,2025-09-23 14:55:08.947,5,5
3802,1774,1774,15000,2025-09-23 13:31:16.087,CCA,,First Installment - Imported from Excel,2025-09-23 13:31:16.088,4,2
5308,1774,1774,15000,2025-09-23 14:41:14.017,CCA,,First Installment - Imported from Excel,2025-09-23 14:41:14.018,4,3
6814,1774,1774,15000,2025-09-23 14:55:08.955,CCA,,First Installment - Imported from Excel,2025-09-23 14:55:08.955,4,4
3803,1774,1774,50000,2025-09-23 13:31:16.089,CCA,,Second Installment - Imported from Excel,2025-09-23 13:31:16.089,4,2
5309,1774,1774,50000,2025-09-23 14:41:14.02,CCA,,Second Installment - Imported from Excel,2025-09-23 14:41:14.021,4,3
6815,1774,1774,50000,2025-09-23 14:55:08.956,CCA,,Second Installment - Imported from Excel,2025-09-23 14:55:08.957,4,4
2298,1775,1775,15000,2025-09-23 12:44:46.513,CCA,,First Installment - Imported from Excel,2025-09-23 12:44:46.513,5,2
3804,1775,1775,15000,2025-09-23 13:31:16.096,CCA,,First Installment - Imported from Excel,2025-09-23 13:31:16.096,5,3
5310,1775,1775,15000,2025-09-23 14:41:14.213,CCA,,First Installment - Imported from Excel,2025-09-23 14:41:14.213,5,4
6816,1775,1775,15000,2025-09-23 14:55:09.129,CCA,,First Installment - Imported from Excel,2025-09-23 14:55:09.13,5,5
2299,1776,1776,25000,2025-09-23 12:44:46.518,CCA,,First Installment - Imported from Excel,2025-09-23 12:44:46.519,5,2
3805,1776,1776,25000,2025-09-23 13:31:16.103,CCA,,First Installment - Imported from Excel,2025-09-23 13:31:16.103,5,3
5311,1776,1776,25000,2025-09-23 14:41:14.219,CCA,,First Installment - Imported from Excel,2025-09-23 14:41:14.22,5,4
6817,1776,1776,25000,2025-09-23 14:55:09.139,CCA,,First Installment - Imported from Excel,2025-09-23 14:55:09.14,5,5
2300,1777,1777,15000,2025-09-23 12:44:46.524,CCA,,First Installment - Imported from Excel,2025-09-23 12:44:46.524,5,2
3806,1777,1777,15000,2025-09-23 13:31:16.109,CCA,,First Installment - Imported from Excel,2025-09-23 13:31:16.11,5,3
5312,1777,1777,15000,2025-09-23 14:41:14.226,CCA,,First Installment - Imported from Excel,2025-09-23 14:41:14.226,5,4
6818,1777,1777,15000,2025-09-23 14:55:09.149,CCA,,First Installment - Imported from Excel,2025-09-23 14:55:09.15,5,5
2301,1778,1778,175000,2025-09-23 12:44:46.53,CCA,,First Installment - Imported from Excel,2025-09-23 12:44:46.531,5,2
3807,1778,1778,175000,2025-09-23 13:31:16.115,CCA,,First Installment - Imported from Excel,2025-09-23 13:31:16.116,5,3
5313,1778,1778,175000,2025-09-23 14:41:14.374,CCA,,First Installment - Imported from Excel,2025-09-23 14:41:14.375,5,4
6819,1778,1778,175000,2025-09-23 14:55:09.34,CCA,,First Installment - Imported from Excel,2025-09-23 14:55:09.34,5,5
2302,1779,1779,15000,2025-09-23 12:44:46.536,CCA,,First Installment - Imported from Excel,2025-09-23 12:44:46.536,5,2
3808,1779,1779,15000,2025-09-23 13:31:16.122,CCA,,First Installment - Imported from Excel,2025-09-23 13:31:16.123,5,3
5314,1779,1779,15000,2025-09-23 14:41:14.38,CCA,,First Installment - Imported from Excel,2025-09-23 14:41:14.381,5,4
6820,1779,1779,15000,2025-09-23 14:55:09.347,CCA,,First Installment - Imported from Excel,2025-09-23 14:55:09.348,5,5
2303,1780,1780,50000,2025-09-23 12:44:46.541,CCA,,First Installment - Imported from Excel,2025-09-23 12:44:46.542,5,2
3809,1780,1780,50000,2025-09-23 13:31:16.128,CCA,,First Installment - Imported from Excel,2025-09-23 13:31:16.129,5,3
5315,1780,1780,50000,2025-09-23 14:41:14.386,CCA,,First Installment - Imported from Excel,2025-09-23 14:41:14.387,5,4
6821,1780,1780,50000,2025-09-23 14:55:09.358,CCA,,First Installment - Imported from Excel,2025-09-23 14:55:09.359,5,5
2304,1781,1781,100000,2025-09-23 12:44:46.546,CCA,,First Installment - Imported from Excel,2025-09-23 12:44:46.547,5,2
3810,1781,1781,100000,2025-09-23 13:31:16.136,CCA,,First Installment - Imported from Excel,2025-09-23 13:31:16.136,5,3
5316,1781,1781,100000,2025-09-23 14:41:14.392,CCA,,First Installment - Imported from Excel,2025-09-23 14:41:14.392,5,4
6822,1781,1781,100000,2025-09-23 14:55:09.368,CCA,,First Installment - Imported from Excel,2025-09-23 14:55:09.369,5,5
2305,1782,1782,15000,2025-09-23 12:44:46.552,CCA,,First Installment - Imported from Excel,2025-09-23 12:44:46.553,5,2
3811,1782,1782,15000,2025-09-23 13:31:16.142,CCA,,First Installment - Imported from Excel,2025-09-23 13:31:16.143,5,3
5317,1782,1782,15000,2025-09-23 14:41:14.398,CCA,,First Installment - Imported from Excel,2025-09-23 14:41:14.398,5,4
6823,1782,1782,15000,2025-09-23 14:55:09.376,CCA,,First Installment - Imported from Excel,2025-09-23 14:55:09.377,5,5
2306,1784,1784,175000,2025-09-23 12:44:46.557,CCA,,First Installment - Imported from Excel,2025-09-23 12:44:46.558,5,2
3812,1784,1784,175000,2025-09-23 13:31:16.151,CCA,,First Installment - Imported from Excel,2025-09-23 13:31:16.152,5,3
5318,1784,1784,175000,2025-09-23 14:41:14.545,CCA,,First Installment - Imported from Excel,2025-09-23 14:41:14.545,5,4
6824,1784,1784,175000,2025-09-23 14:55:09.577,CCA,,First Installment - Imported from Excel,2025-09-23 14:55:09.578,5,5
2307,1787,1787,15000,2025-09-23 12:44:46.564,CCA,,First Installment - Imported from Excel,2025-09-23 12:44:46.565,5,2
3813,1787,1787,15000,2025-09-23 13:31:16.158,CCA,,First Installment - Imported from Excel,2025-09-23 13:31:16.159,5,3
5319,1787,1787,15000,2025-09-23 14:41:14.551,CCA,,First Installment - Imported from Excel,2025-09-23 14:41:14.552,5,4
6825,1787,1787,15000,2025-09-23 14:55:09.584,CCA,,First Installment - Imported from Excel,2025-09-23 14:55:09.585,5,5
2308,1788,1788,80000,2025-09-23 12:44:46.571,CCA,,First Installment - Imported from Excel,2025-09-23 12:44:46.572,5,2
3814,1788,1788,80000,2025-09-23 13:31:16.165,CCA,,First Installment - Imported from Excel,2025-09-23 13:31:16.166,5,3
5320,1788,1788,80000,2025-09-23 14:41:14.559,CCA,,First Installment - Imported from Excel,2025-09-23 14:41:14.56,5,4
6826,1788,1788,80000,2025-09-23 14:55:09.591,CCA,,First Installment - Imported from Excel,2025-09-23 14:55:09.592,5,5
2309,1789,1789,25000,2025-09-23 12:44:46.578,CCA,,First Installment - Imported from Excel,2025-09-23 12:44:46.578,5,2
3815,1789,1789,25000,2025-09-23 13:31:16.17,CCA,,First Installment - Imported from Excel,2025-09-23 13:31:16.171,5,3
5321,1789,1789,25000,2025-09-23 14:41:14.757,CCA,,First Installment - Imported from Excel,2025-09-23 14:41:14.757,5,4
6827,1789,1789,25000,2025-09-23 14:55:09.758,CCA,,First Installment - Imported from Excel,2025-09-23 14:55:09.759,5,5
2311,1791,1791,50000,2025-09-23 12:44:46.585,CCA,,Second Installment - Imported from Excel,2025-09-23 12:44:46.585,8,2
3816,1791,1791,50000,2025-09-23 13:31:16.177,CCA,,First Installment - Imported from Excel,2025-09-23 13:31:16.178,8,3
3817,1791,1791,50000,2025-09-23 13:31:16.178,CCA,,Second Installment - Imported from Excel,2025-09-23 13:31:16.179,8,4
5322,1791,1791,50000,2025-09-23 14:41:14.938,CCA,,First Installment - Imported from Excel,2025-09-23 14:41:14.939,8,5
5323,1791,1791,50000,2025-09-23 14:41:14.94,CCA,,Second Installment - Imported from Excel,2025-09-23 14:41:14.94,8,6
6828,1791,1791,50000,2025-09-23 14:55:09.924,CCA,,First Installment - Imported from Excel,2025-09-23 14:55:09.924,8,7
6829,1791,1791,50000,2025-09-23 14:55:09.925,CCA,,Second Installment - Imported from Excel,2025-09-23 14:55:09.926,8,8
2312,1792,1792,70000,2025-09-23 12:44:46.59,CCA,,First Installment - Imported from Excel,2025-09-23 12:44:46.591,5,2
3818,1792,1792,70000,2025-09-23 13:31:16.185,CCA,,First Installment - Imported from Excel,2025-09-23 13:31:16.185,5,3
5324,1792,1792,70000,2025-09-23 14:41:14.947,CCA,,First Installment - Imported from Excel,2025-09-23 14:41:14.947,5,4
6830,1792,1792,70000,2025-09-23 14:55:09.931,CCA,,First Installment - Imported from Excel,2025-09-23 14:55:09.932,5,5
2313,1793,1793,50000,2025-09-23 12:44:46.598,CCA,,First Installment - Imported from Excel,2025-09-23 12:44:46.599,5,2
3819,1793,1793,50000,2025-09-23 13:31:16.192,CCA,,First Installment - Imported from Excel,2025-09-23 13:31:16.193,5,3
5325,1793,1793,50000,2025-09-23 14:41:15.094,CCA,,First Installment - Imported from Excel,2025-09-23 14:41:15.095,5,4
6831,1793,1793,50000,2025-09-23 14:55:10.14,CCA,,First Installment - Imported from Excel,2025-09-23 14:55:10.141,5,5
2314,1794,1794,110000,2025-09-23 12:44:46.604,CCA,,First Installment - Imported from Excel,2025-09-23 12:44:46.604,5,2
3820,1794,1794,110000,2025-09-23 13:31:16.199,CCA,,First Installment - Imported from Excel,2025-09-23 13:31:16.199,5,3
5326,1794,1794,110000,2025-09-23 14:41:15.1,CCA,,First Installment - Imported from Excel,2025-09-23 14:41:15.101,5,4
6832,1794,1794,110000,2025-09-23 14:55:10.147,CCA,,First Installment - Imported from Excel,2025-09-23 14:55:10.148,5,5
2315,1795,1795,15000,2025-09-23 12:44:46.61,CCA,,First Installment - Imported from Excel,2025-09-23 12:44:46.61,5,2
3821,1795,1795,15000,2025-09-23 13:31:16.205,CCA,,First Installment - Imported from Excel,2025-09-23 13:31:16.206,5,3
5327,1795,1795,15000,2025-09-23 14:41:15.29,CCA,,First Installment - Imported from Excel,2025-09-23 14:41:15.291,5,4
6833,1795,1795,15000,2025-09-23 14:55:10.327,CCA,,First Installment - Imported from Excel,2025-09-23 14:55:10.327,5,5
3822,1797,1797,25000,2025-09-23 13:31:16.211,CCA,,First Installment - Imported from Excel,2025-09-23 13:31:16.211,4,2
5328,1797,1797,25000,2025-09-23 14:41:15.297,CCA,,First Installment - Imported from Excel,2025-09-23 14:41:15.297,4,3
6834,1797,1797,25000,2025-09-23 14:55:10.333,CCA,,First Installment - Imported from Excel,2025-09-23 14:55:10.334,4,4
3823,1797,1797,85000,2025-09-23 13:31:16.212,CCA,,Second Installment - Imported from Excel,2025-09-23 13:31:16.212,4,2
5329,1797,1797,85000,2025-09-23 14:41:15.298,CCA,,Second Installment - Imported from Excel,2025-09-23 14:41:15.299,4,3
6835,1797,1797,85000,2025-09-23 14:55:10.334,CCA,,Second Installment - Imported from Excel,2025-09-23 14:55:10.335,4,4
2318,1798,1798,175000,2025-09-23 12:44:46.623,CCA,,First Installment - Imported from Excel,2025-09-23 12:44:46.624,5,2
3824,1798,1798,175000,2025-09-23 13:31:16.216,CCA,,First Installment - Imported from Excel,2025-09-23 13:31:16.217,5,3
5330,1798,1798,175000,2025-09-23 14:41:15.453,CCA,,First Installment - Imported from Excel,2025-09-23 14:41:15.454,5,4
6836,1798,1798,175000,2025-09-23 14:55:10.505,CCA,,First Installment - Imported from Excel,2025-09-23 14:55:10.506,5,5
2319,1801,1801,15000,2025-09-23 12:44:46.629,CCA,,First Installment - Imported from Excel,2025-09-23 12:44:46.629,5,2
3825,1801,1801,15000,2025-09-23 13:31:16.223,CCA,,First Installment - Imported from Excel,2025-09-23 13:31:16.224,5,3
5331,1801,1801,15000,2025-09-23 14:41:15.608,CCA,,First Installment - Imported from Excel,2025-09-23 14:41:15.609,5,4
6837,1801,1801,15000,2025-09-23 14:55:10.678,CCA,,First Installment - Imported from Excel,2025-09-23 14:55:10.678,5,5
2320,1802,1802,175000,2025-09-23 12:44:46.634,CCA,,First Installment - Imported from Excel,2025-09-23 12:44:46.635,5,2
3826,1802,1802,175000,2025-09-23 13:31:16.229,CCA,,First Installment - Imported from Excel,2025-09-23 13:31:16.229,5,3
5332,1802,1802,175000,2025-09-23 14:41:15.619,CCA,,First Installment - Imported from Excel,2025-09-23 14:41:15.62,5,4
6838,1802,1802,175000,2025-09-23 14:55:10.684,CCA,,First Installment - Imported from Excel,2025-09-23 14:55:10.684,5,5
3827,1803,1803,15000,2025-09-23 13:31:16.236,CCA,,First Installment - Imported from Excel,2025-09-23 13:31:16.237,4,2
5333,1803,1803,15000,2025-09-23 14:41:15.627,CCA,,First Installment - Imported from Excel,2025-09-23 14:41:15.627,4,3
6839,1803,1803,15000,2025-09-23 14:55:10.689,CCA,,First Installment - Imported from Excel,2025-09-23 14:55:10.689,4,4
3828,1803,1803,160000,2025-09-23 13:31:16.238,CCA,,Second Installment - Imported from Excel,2025-09-23 13:31:16.239,4,2
5334,1803,1803,160000,2025-09-23 14:41:15.628,CCA,,Second Installment - Imported from Excel,2025-09-23 14:41:15.629,4,3
6840,1803,1803,160000,2025-09-23 14:55:10.69,CCA,,Second Installment - Imported from Excel,2025-09-23 14:55:10.691,4,4
3829,1804,1804,15000,2025-09-23 13:31:16.244,CCA,,First Installment - Imported from Excel,2025-09-23 13:31:16.244,4,2
5335,1804,1804,15000,2025-09-23 14:41:15.793,CCA,,First Installment - Imported from Excel,2025-09-23 14:41:15.793,4,3
6841,1804,1804,15000,2025-09-23 14:55:10.876,CCA,,First Installment - Imported from Excel,2025-09-23 14:55:10.877,4,4
3830,1804,1804,85000,2025-09-23 13:31:16.245,CCA,,Second Installment - Imported from Excel,2025-09-23 13:31:16.246,4,2
5336,1804,1804,85000,2025-09-23 14:41:15.794,CCA,,Second Installment - Imported from Excel,2025-09-23 14:41:15.795,4,3
6842,1804,1804,85000,2025-09-23 14:55:10.878,CCA,,Second Installment - Imported from Excel,2025-09-23 14:55:10.879,4,4
2325,1805,1805,150000,2025-09-23 12:44:46.654,CCA,,First Installment - Imported from Excel,2025-09-23 12:44:46.655,5,2
3831,1805,1805,150000,2025-09-23 13:31:16.254,CCA,,First Installment - Imported from Excel,2025-09-23 13:31:16.254,5,3
5337,1805,1805,150000,2025-09-23 14:41:15.8,CCA,,First Installment - Imported from Excel,2025-09-23 14:41:15.801,5,4
6843,1805,1805,150000,2025-09-23 14:55:10.887,CCA,,First Installment - Imported from Excel,2025-09-23 14:55:10.888,5,5
2326,1806,1806,15000,2025-09-23 12:44:46.661,CCA,,First Installment - Imported from Excel,2025-09-23 12:44:46.661,5,2
3832,1806,1806,15000,2025-09-23 13:31:16.26,CCA,,First Installment - Imported from Excel,2025-09-23 13:31:16.261,5,3
5338,1806,1806,15000,2025-09-23 14:41:15.991,CCA,,First Installment - Imported from Excel,2025-09-23 14:41:15.992,5,4
6844,1806,1806,15000,2025-09-23 14:55:11.055,CCA,,First Installment - Imported from Excel,2025-09-23 14:55:11.056,5,5
2327,1808,1808,25000,2025-09-23 12:44:46.666,CCA,,First Installment - Imported from Excel,2025-09-23 12:44:46.667,5,2
3833,1808,1808,25000,2025-09-23 13:31:16.267,CCA,,First Installment - Imported from Excel,2025-09-23 13:31:16.267,5,3
5339,1808,1808,25000,2025-09-23 14:41:15.997,CCA,,First Installment - Imported from Excel,2025-09-23 14:41:15.998,5,4
6845,1808,1808,25000,2025-09-23 14:55:11.062,CCA,,First Installment - Imported from Excel,2025-09-23 14:55:11.063,5,5
2328,1809,1809,120000,2025-09-23 12:44:46.672,CCA,,First Installment - Imported from Excel,2025-09-23 12:44:46.673,5,2
3834,1809,1809,120000,2025-09-23 13:31:16.274,CCA,,First Installment - Imported from Excel,2025-09-23 13:31:16.274,5,3
5340,1809,1809,120000,2025-09-23 14:41:16.01,CCA,,First Installment - Imported from Excel,2025-09-23 14:41:16.011,5,4
6846,1809,1809,120000,2025-09-23 14:55:11.07,CCA,,First Installment - Imported from Excel,2025-09-23 14:55:11.071,5,5
2329,1810,1810,100000,2025-09-23 12:44:46.679,CCA,,First Installment - Imported from Excel,2025-09-23 12:44:46.679,5,2
3835,1810,1810,100000,2025-09-23 13:31:16.28,CCA,,First Installment - Imported from Excel,2025-09-23 13:31:16.28,5,3
5341,1810,1810,100000,2025-09-23 14:41:16.017,CCA,,First Installment - Imported from Excel,2025-09-23 14:41:16.018,5,4
6847,1810,1810,100000,2025-09-23 14:55:11.076,CCA,,First Installment - Imported from Excel,2025-09-23 14:55:11.076,5,5
2330,1811,1811,25000,2025-09-23 12:44:46.685,CCA,,First Installment - Imported from Excel,2025-09-23 12:44:46.686,5,2
3836,1811,1811,25000,2025-09-23 13:31:16.287,CCA,,First Installment - Imported from Excel,2025-09-23 13:31:16.287,5,3
5342,1811,1811,25000,2025-09-23 14:41:16.17,CCA,,First Installment - Imported from Excel,2025-09-23 14:41:16.171,5,4
6848,1811,1811,25000,2025-09-23 14:55:11.277,CCA,,First Installment - Imported from Excel,2025-09-23 14:55:11.277,5,5
2331,1812,1812,100000,2025-09-23 12:44:46.69,CCA,,First Installment - Imported from Excel,2025-09-23 12:44:46.691,5,2
3837,1812,1812,100000,2025-09-23 13:31:16.293,CCA,,First Installment - Imported from Excel,2025-09-23 13:31:16.293,5,3
5343,1812,1812,100000,2025-09-23 14:41:16.333,CCA,,First Installment - Imported from Excel,2025-09-23 14:41:16.333,5,4
6849,1812,1812,100000,2025-09-23 14:55:11.464,CCA,,First Installment - Imported from Excel,2025-09-23 14:55:11.465,5,5
3838,1813,1813,30000,2025-09-23 13:31:16.298,CCA,,First Installment - Imported from Excel,2025-09-23 13:31:16.299,4,2
5344,1813,1813,30000,2025-09-23 14:41:16.505,CCA,,First Installment - Imported from Excel,2025-09-23 14:41:16.506,4,3
6850,1813,1813,30000,2025-09-23 14:55:11.628,CCA,,First Installment - Imported from Excel,2025-09-23 14:55:11.629,4,4
2383,1815,1815,100000,2025-09-23 12:44:46.999,CCA,,First Installment - Imported from Excel,2025-09-23 12:44:46.999,5,2
3889,1815,1815,100000,2025-09-23 13:31:16.562,CCA,,First Installment - Imported from Excel,2025-09-23 13:31:16.563,5,3
5395,1815,1815,100000,2025-09-23 14:41:19.524,CCA,,First Installment - Imported from Excel,2025-09-23 14:41:19.525,5,4
6901,1815,1815,100000,2025-09-23 14:55:14.642,CCA,,First Installment - Imported from Excel,2025-09-23 14:55:14.642,5,5
2384,1816,1816,175000,2025-09-23 12:44:47.009,CCA,,First Installment - Imported from Excel,2025-09-23 12:44:47.01,5,2
3890,1816,1816,175000,2025-09-23 13:31:16.568,CCA,,First Installment - Imported from Excel,2025-09-23 13:31:16.57,5,3
5396,1816,1816,175000,2025-09-23 14:41:19.691,CCA,,First Installment - Imported from Excel,2025-09-23 14:41:19.692,5,4
6902,1816,1816,175000,2025-09-23 14:55:14.806,CCA,,First Installment - Imported from Excel,2025-09-23 14:55:14.806,5,5
3891,1817,1817,15000,2025-09-23 13:31:16.575,CCA,,First Installment - Imported from Excel,2025-09-23 13:31:16.575,4,2
5397,1817,1817,15000,2025-09-23 14:41:19.697,CCA,,First Installment - Imported from Excel,2025-09-23 14:41:19.698,4,3
6903,1817,1817,15000,2025-09-23 14:55:14.814,CCA,,First Installment - Imported from Excel,2025-09-23 14:55:14.814,4,4
3892,1817,1817,160000,2025-09-23 13:31:16.576,CCA,,Second Installment - Imported from Excel,2025-09-23 13:31:16.576,4,2
5398,1817,1817,160000,2025-09-23 14:41:19.698,CCA,,Second Installment - Imported from Excel,2025-09-23 14:41:19.699,4,3
6904,1817,1817,160000,2025-09-23 14:55:14.816,CCA,,Second Installment - Imported from Excel,2025-09-23 14:55:14.816,4,4
2387,1819,1819,150000,2025-09-23 12:44:47.025,CCA,,First Installment - Imported from Excel,2025-09-23 12:44:47.026,5,2
3893,1819,1819,150000,2025-09-23 13:31:16.583,CCA,,First Installment - Imported from Excel,2025-09-23 13:31:16.583,5,3
5399,1819,1819,150000,2025-09-23 14:41:19.708,CCA,,First Installment - Imported from Excel,2025-09-23 14:41:19.709,5,4
6905,1819,1819,150000,2025-09-23 14:55:14.823,CCA,,First Installment - Imported from Excel,2025-09-23 14:55:14.823,5,5
2388,1820,1820,100000,2025-09-23 12:44:47.037,CCA,,First Installment - Imported from Excel,2025-09-23 12:44:47.038,5,2
3894,1820,1820,100000,2025-09-23 13:31:16.591,CCA,,First Installment - Imported from Excel,2025-09-23 13:31:16.591,5,3
5400,1820,1820,100000,2025-09-23 14:41:19.866,CCA,,First Installment - Imported from Excel,2025-09-23 14:41:19.866,5,4
6906,1820,1820,100000,2025-09-23 14:55:14.994,CCA,,First Installment - Imported from Excel,2025-09-23 14:55:14.995,5,5
3895,1821,1821,15000,2025-09-23 13:31:16.597,CCA,,First Installment - Imported from Excel,2025-09-23 13:31:16.598,4,2
5401,1821,1821,15000,2025-09-23 14:41:19.873,CCA,,First Installment - Imported from Excel,2025-09-23 14:41:19.873,4,3
6907,1821,1821,15000,2025-09-23 14:55:15.004,CCA,,First Installment - Imported from Excel,2025-09-23 14:55:15.005,4,4
3896,1821,1821,100000,2025-09-23 13:31:16.599,CCA,,Second Installment - Imported from Excel,2025-09-23 13:31:16.599,4,2
5402,1821,1821,100000,2025-09-23 14:41:19.874,CCA,,Second Installment - Imported from Excel,2025-09-23 14:41:19.874,4,3
6908,1821,1821,100000,2025-09-23 14:55:15.006,CCA,,Second Installment - Imported from Excel,2025-09-23 14:55:15.006,4,4
2391,1822,1822,50000,2025-09-23 12:44:47.053,CCA,,First Installment - Imported from Excel,2025-09-23 12:44:47.054,5,2
3897,1822,1822,50000,2025-09-23 13:31:16.604,CCA,,First Installment - Imported from Excel,2025-09-23 13:31:16.604,5,3
5403,1822,1822,50000,2025-09-23 14:41:19.88,CCA,,First Installment - Imported from Excel,2025-09-23 14:41:19.88,5,4
6909,1822,1822,50000,2025-09-23 14:55:15.014,CCA,,First Installment - Imported from Excel,2025-09-23 14:55:15.014,5,5
2392,1823,1823,15000,2025-09-23 12:44:47.06,CCA,,First Installment - Imported from Excel,2025-09-23 12:44:47.061,5,2
3898,1823,1823,15000,2025-09-23 13:31:16.609,CCA,,First Installment - Imported from Excel,2025-09-23 13:31:16.61,5,3
5404,1823,1823,15000,2025-09-23 14:41:19.887,CCA,,First Installment - Imported from Excel,2025-09-23 14:41:19.888,5,4
6910,1823,1823,15000,2025-09-23 14:55:15.022,CCA,,First Installment - Imported from Excel,2025-09-23 14:55:15.023,5,5
3899,1825,1825,20000,2025-09-23 13:31:16.616,CCA,,First Installment - Imported from Excel,2025-09-23 13:31:16.617,4,2
5405,1825,1825,20000,2025-09-23 14:41:20.056,CCA,,First Installment - Imported from Excel,2025-09-23 14:41:20.057,4,3
6911,1825,1825,20000,2025-09-23 14:55:15.206,CCA,,First Installment - Imported from Excel,2025-09-23 14:55:15.206,4,4
3900,1825,1825,50000,2025-09-23 13:31:16.617,CCA,,Second Installment - Imported from Excel,2025-09-23 13:31:16.618,4,2
5406,1825,1825,50000,2025-09-23 14:41:20.058,CCA,,Second Installment - Imported from Excel,2025-09-23 14:41:20.058,4,3
6912,1825,1825,50000,2025-09-23 14:55:15.208,CCA,,Second Installment - Imported from Excel,2025-09-23 14:55:15.208,4,4
2395,1827,1827,140000,2025-09-23 12:44:47.074,CCA,,First Installment - Imported from Excel,2025-09-23 12:44:47.075,5,2
3901,1827,1827,140000,2025-09-23 13:31:16.622,CCA,,First Installment - Imported from Excel,2025-09-23 13:31:16.623,5,3
5407,1827,1827,140000,2025-09-23 14:41:20.063,CCA,,First Installment - Imported from Excel,2025-09-23 14:41:20.064,5,4
6913,1827,1827,140000,2025-09-23 14:55:15.216,CCA,,First Installment - Imported from Excel,2025-09-23 14:55:15.217,5,5
2396,1828,1828,100000,2025-09-23 12:44:47.079,CCA,,First Installment - Imported from Excel,2025-09-23 12:44:47.08,5,2
3902,1828,1828,100000,2025-09-23 13:31:16.627,CCA,,First Installment - Imported from Excel,2025-09-23 13:31:16.627,5,3
5408,1828,1828,100000,2025-09-23 14:41:20.248,CCA,,First Installment - Imported from Excel,2025-09-23 14:41:20.248,5,4
6914,1828,1828,100000,2025-09-23 14:55:15.415,CCA,,First Installment - Imported from Excel,2025-09-23 14:55:15.416,5,5
2397,1829,1829,25000,2025-09-23 12:44:47.086,CCA,,First Installment - Imported from Excel,2025-09-23 12:44:47.086,5,2
3903,1829,1829,25000,2025-09-23 13:31:16.632,CCA,,First Installment - Imported from Excel,2025-09-23 13:31:16.632,5,3
5409,1829,1829,25000,2025-09-23 14:41:20.254,CCA,,First Installment - Imported from Excel,2025-09-23 14:41:20.255,5,4
6915,1829,1829,25000,2025-09-23 14:55:15.423,CCA,,First Installment - Imported from Excel,2025-09-23 14:55:15.424,5,5
3904,1831,1831,15000,2025-09-23 13:31:16.637,CCA,,First Installment - Imported from Excel,2025-09-23 13:31:16.638,4,2
5410,1831,1831,15000,2025-09-23 14:41:20.412,CCA,,First Installment - Imported from Excel,2025-09-23 14:41:20.412,4,3
6916,1831,1831,15000,2025-09-23 14:55:15.589,CCA,,First Installment - Imported from Excel,2025-09-23 14:55:15.59,4,4
3905,1831,1831,85000,2025-09-23 13:31:16.639,CCA,,Second Installment - Imported from Excel,2025-09-23 13:31:16.639,4,2
5411,1831,1831,85000,2025-09-23 14:41:20.413,CCA,,Second Installment - Imported from Excel,2025-09-23 14:41:20.414,4,3
6917,1831,1831,85000,2025-09-23 14:55:15.591,CCA,,Second Installment - Imported from Excel,2025-09-23 14:55:15.591,4,4
2400,1832,1832,25000,2025-09-23 12:44:47.1,CCA,,First Installment - Imported from Excel,2025-09-23 12:44:47.101,5,2
3906,1832,1832,25000,2025-09-23 13:31:16.644,CCA,,First Installment - Imported from Excel,2025-09-23 13:31:16.645,5,3
5412,1832,1832,25000,2025-09-23 14:41:20.42,CCA,,First Installment - Imported from Excel,2025-09-23 14:41:20.42,5,4
6918,1832,1832,25000,2025-09-23 14:55:15.597,CCA,,First Installment - Imported from Excel,2025-09-23 14:55:15.598,5,5
2401,1834,1834,15000,2025-09-23 12:44:47.106,CCA,,First Installment - Imported from Excel,2025-09-23 12:44:47.107,5,2
3907,1834,1834,15000,2025-09-23 13:31:16.652,CCA,,First Installment - Imported from Excel,2025-09-23 13:31:16.652,5,3
5413,1834,1834,15000,2025-09-23 14:41:20.426,CCA,,First Installment - Imported from Excel,2025-09-23 14:41:20.427,5,4
6919,1834,1834,15000,2025-09-23 14:55:15.603,CCA,,First Installment - Imported from Excel,2025-09-23 14:55:15.604,5,5
3908,1835,1835,15000,2025-09-23 13:31:16.661,CCA,,First Installment - Imported from Excel,2025-09-23 13:31:16.662,4,2
5414,1835,1835,15000,2025-09-23 14:41:20.432,CCA,,First Installment - Imported from Excel,2025-09-23 14:41:20.433,4,3
6920,1835,1835,15000,2025-09-23 14:55:15.609,CCA,,First Installment - Imported from Excel,2025-09-23 14:55:15.61,4,4
3909,1835,1835,78000,2025-09-23 13:31:16.663,CCA,,Second Installment - Imported from Excel,2025-09-23 13:31:16.663,4,2
5415,1835,1835,78000,2025-09-23 14:41:20.434,CCA,,Second Installment - Imported from Excel,2025-09-23 14:41:20.434,4,3
6921,1835,1835,78000,2025-09-23 14:55:15.61,CCA,,Second Installment - Imported from Excel,2025-09-23 14:55:15.611,4,4
2404,1836,1836,175000,2025-09-23 12:44:47.128,CCA,,First Installment - Imported from Excel,2025-09-23 12:44:47.129,5,2
3910,1836,1836,175000,2025-09-23 13:31:16.669,CCA,,First Installment - Imported from Excel,2025-09-23 13:31:16.67,5,3
5416,1836,1836,175000,2025-09-23 14:41:20.594,CCA,,First Installment - Imported from Excel,2025-09-23 14:41:20.595,5,4
6922,1836,1836,175000,2025-09-23 14:55:15.769,CCA,,First Installment - Imported from Excel,2025-09-23 14:55:15.769,5,5
3911,1840,1840,15000,2025-09-23 13:31:16.676,CCA,,First Installment - Imported from Excel,2025-09-23 13:31:16.677,4,2
5417,1840,1840,15000,2025-09-23 14:41:20.601,CCA,,First Installment - Imported from Excel,2025-09-23 14:41:20.602,4,3
6923,1840,1840,15000,2025-09-23 14:55:15.777,CCA,,First Installment - Imported from Excel,2025-09-23 14:55:15.777,4,4
3912,1840,1840,100000,2025-09-23 13:31:16.678,CCA,,Second Installment - Imported from Excel,2025-09-23 13:31:16.679,4,2
5418,1840,1840,100000,2025-09-23 14:41:20.602,CCA,,Second Installment - Imported from Excel,2025-09-23 14:41:20.603,4,3
6924,1840,1840,100000,2025-09-23 14:55:15.779,CCA,,Second Installment - Imported from Excel,2025-09-23 14:55:15.78,4,4
2407,1841,1841,100000,2025-09-23 12:44:47.152,CCA,,First Installment - Imported from Excel,2025-09-23 12:44:47.153,5,2
3913,1841,1841,100000,2025-09-23 13:31:16.685,CCA,,First Installment - Imported from Excel,2025-09-23 13:31:16.686,5,3
5419,1841,1841,100000,2025-09-23 14:41:20.608,CCA,,First Installment - Imported from Excel,2025-09-23 14:41:20.608,5,4
6925,1841,1841,100000,2025-09-23 14:55:15.788,CCA,,First Installment - Imported from Excel,2025-09-23 14:55:15.789,5,5
2408,1842,1842,30000,2025-09-23 12:44:47.161,CCA,,First Installment - Imported from Excel,2025-09-23 12:44:47.161,5,2
3914,1842,1842,30000,2025-09-23 13:31:16.696,CCA,,First Installment - Imported from Excel,2025-09-23 13:31:16.696,5,3
5420,1842,1842,30000,2025-09-23 14:41:20.615,CCA,,First Installment - Imported from Excel,2025-09-23 14:41:20.616,5,4
6926,1842,1842,30000,2025-09-23 14:55:15.797,CCA,,First Installment - Imported from Excel,2025-09-23 14:55:15.798,5,5
2409,1843,1843,20000,2025-09-23 12:44:47.17,CCA,,First Installment - Imported from Excel,2025-09-23 12:44:47.171,5,2
3915,1843,1843,20000,2025-09-23 13:31:16.701,CCA,,First Installment - Imported from Excel,2025-09-23 13:31:16.702,5,3
5421,1843,1843,20000,2025-09-23 14:41:20.621,CCA,,First Installment - Imported from Excel,2025-09-23 14:41:20.622,5,4
6927,1843,1843,20000,2025-09-23 14:55:15.805,CCA,,First Installment - Imported from Excel,2025-09-23 14:55:15.806,5,5
2410,1845,1845,105000,2025-09-23 12:44:47.178,CCA,,First Installment - Imported from Excel,2025-09-23 12:44:47.178,5,2
3916,1845,1845,105000,2025-09-23 13:31:16.707,CCA,,First Installment - Imported from Excel,2025-09-23 13:31:16.708,5,3
5422,1845,1845,105000,2025-09-23 14:41:20.786,CCA,,First Installment - Imported from Excel,2025-09-23 14:41:20.787,5,4
6928,1845,1845,105000,2025-09-23 14:55:15.984,CCA,,First Installment - Imported from Excel,2025-09-23 14:55:15.985,5,5
2411,1847,1847,20000,2025-09-23 12:44:47.184,CCA,,First Installment - Imported from Excel,2025-09-23 12:44:47.184,5,2
3917,1847,1847,20000,2025-09-23 13:31:16.713,CCA,,First Installment - Imported from Excel,2025-09-23 13:31:16.713,5,3
5423,1847,1847,20000,2025-09-23 14:41:20.792,CCA,,First Installment - Imported from Excel,2025-09-23 14:41:20.793,5,4
6929,1847,1847,20000,2025-09-23 14:55:15.99,CCA,,First Installment - Imported from Excel,2025-09-23 14:55:15.991,5,5
2412,1848,1848,100000,2025-09-23 12:44:47.193,CCA,,First Installment - Imported from Excel,2025-09-23 12:44:47.194,5,2
3918,1848,1848,100000,2025-09-23 13:31:16.718,CCA,,First Installment - Imported from Excel,2025-09-23 13:31:16.718,5,3
5424,1848,1848,100000,2025-09-23 14:41:20.799,CCA,,First Installment - Imported from Excel,2025-09-23 14:41:20.8,5,4
6930,1848,1848,100000,2025-09-23 14:55:15.996,CCA,,First Installment - Imported from Excel,2025-09-23 14:55:15.997,5,5
2413,1849,1849,100000,2025-09-23 12:44:47.205,CCA,,First Installment - Imported from Excel,2025-09-23 12:44:47.206,5,2
3919,1849,1849,100000,2025-09-23 13:31:16.723,CCA,,First Installment - Imported from Excel,2025-09-23 13:31:16.724,5,3
5425,1849,1849,100000,2025-09-23 14:41:20.807,CCA,,First Installment - Imported from Excel,2025-09-23 14:41:20.808,5,4
6931,1849,1849,100000,2025-09-23 14:55:16.004,CCA,,First Installment - Imported from Excel,2025-09-23 14:55:16.005,5,5
2414,1850,1850,15000,2025-09-23 12:44:47.219,CCA,,First Installment - Imported from Excel,2025-09-23 12:44:47.219,5,2
3920,1850,1850,15000,2025-09-23 13:31:16.728,CCA,,First Installment - Imported from Excel,2025-09-23 13:31:16.729,5,3
5426,1850,1850,15000,2025-09-23 14:41:20.815,CCA,,First Installment - Imported from Excel,2025-09-23 14:41:20.816,5,4
6932,1850,1850,15000,2025-09-23 14:55:16.012,CCA,,First Installment - Imported from Excel,2025-09-23 14:55:16.013,5,5
2415,1851,1851,100000,2025-09-23 12:44:47.226,CCA,,First Installment - Imported from Excel,2025-09-23 12:44:47.227,5,2
3921,1851,1851,100000,2025-09-23 13:31:16.734,CCA,,First Installment - Imported from Excel,2025-09-23 13:31:16.734,5,3
5427,1851,1851,100000,2025-09-23 14:41:20.821,CCA,,First Installment - Imported from Excel,2025-09-23 14:41:20.822,5,4
6933,1851,1851,100000,2025-09-23 14:55:16.017,CCA,,First Installment - Imported from Excel,2025-09-23 14:55:16.018,5,5
2416,1852,1852,100000,2025-09-23 12:44:47.236,CCA,,First Installment - Imported from Excel,2025-09-23 12:44:47.237,5,2
3922,1852,1852,100000,2025-09-23 13:31:16.739,CCA,,First Installment - Imported from Excel,2025-09-23 13:31:16.74,5,3
5428,1852,1852,100000,2025-09-23 14:41:20.996,CCA,,First Installment - Imported from Excel,2025-09-23 14:41:20.997,5,4
6934,1852,1852,100000,2025-09-23 14:55:16.212,CCA,,First Installment - Imported from Excel,2025-09-23 14:55:16.213,5,5
2417,1853,1853,15000,2025-09-23 12:44:47.244,CCA,,First Installment - Imported from Excel,2025-09-23 12:44:47.245,5,2
3923,1853,1853,15000,2025-09-23 13:31:16.744,CCA,,First Installment - Imported from Excel,2025-09-23 13:31:16.745,5,3
5429,1853,1853,15000,2025-09-23 14:41:21.007,CCA,,First Installment - Imported from Excel,2025-09-23 14:41:21.008,5,4
6935,1853,1853,15000,2025-09-23 14:55:16.218,CCA,,First Installment - Imported from Excel,2025-09-23 14:55:16.219,5,5
2418,1854,1854,15000,2025-09-23 12:44:47.253,CCA,,First Installment - Imported from Excel,2025-09-23 12:44:47.254,5,2
3924,1854,1854,15000,2025-09-23 13:31:16.749,CCA,,First Installment - Imported from Excel,2025-09-23 13:31:16.75,5,3
5430,1854,1854,15000,2025-09-23 14:41:21.184,CCA,,First Installment - Imported from Excel,2025-09-23 14:41:21.185,5,4
6936,1854,1854,15000,2025-09-23 14:55:16.367,CCA,,First Installment - Imported from Excel,2025-09-23 14:55:16.368,5,5
2419,1855,1855,15000,2025-09-23 12:44:47.262,CCA,,First Installment - Imported from Excel,2025-09-23 12:44:47.263,5,2
3925,1855,1855,15000,2025-09-23 13:31:16.755,CCA,,First Installment - Imported from Excel,2025-09-23 13:31:16.756,5,3
5431,1855,1855,15000,2025-09-23 14:41:21.193,CCA,,First Installment - Imported from Excel,2025-09-23 14:41:21.194,5,4
6937,1855,1855,15000,2025-09-23 14:55:16.372,CCA,,First Installment - Imported from Excel,2025-09-23 14:55:16.373,5,5
2420,1856,1856,100000,2025-09-23 12:44:47.271,CCA,,First Installment - Imported from Excel,2025-09-23 12:44:47.272,5,2
3926,1856,1856,100000,2025-09-23 13:31:16.759,CCA,,First Installment - Imported from Excel,2025-09-23 13:31:16.76,5,3
5432,1856,1856,100000,2025-09-23 14:41:21.364,CCA,,First Installment - Imported from Excel,2025-09-23 14:41:21.365,5,4
6938,1856,1856,100000,2025-09-23 14:55:16.562,CCA,,First Installment - Imported from Excel,2025-09-23 14:55:16.563,5,5
2421,1858,1858,25000,2025-09-23 12:44:47.279,CCA,,First Installment - Imported from Excel,2025-09-23 12:44:47.279,5,2
3927,1858,1858,25000,2025-09-23 13:31:16.765,CCA,,First Installment - Imported from Excel,2025-09-23 13:31:16.766,5,3
5433,1858,1858,25000,2025-09-23 14:41:21.543,CCA,,First Installment - Imported from Excel,2025-09-23 14:41:21.544,5,4
6939,1858,1858,25000,2025-09-23 14:55:16.734,CCA,,First Installment - Imported from Excel,2025-09-23 14:55:16.734,5,5
2422,1859,1859,125000,2025-09-23 12:44:47.287,CCA,,First Installment - Imported from Excel,2025-09-23 12:44:47.288,5,2
3928,1859,1859,125000,2025-09-23 13:31:16.77,CCA,,First Installment - Imported from Excel,2025-09-23 13:31:16.77,5,3
5434,1859,1859,125000,2025-09-23 14:41:21.714,CCA,,First Installment - Imported from Excel,2025-09-23 14:41:21.715,5,4
6940,1859,1859,125000,2025-09-23 14:55:16.895,CCA,,First Installment - Imported from Excel,2025-09-23 14:55:16.896,5,5
2423,1860,1860,70000,2025-09-23 12:44:47.297,CCA,,First Installment - Imported from Excel,2025-09-23 12:44:47.298,5,2
3929,1860,1860,70000,2025-09-23 13:31:16.776,CCA,,First Installment - Imported from Excel,2025-09-23 13:31:16.776,5,3
5435,1860,1860,70000,2025-09-23 14:41:21.722,CCA,,First Installment - Imported from Excel,2025-09-23 14:41:21.723,5,4
6941,1860,1860,70000,2025-09-23 14:55:16.901,CCA,,First Installment - Imported from Excel,2025-09-23 14:55:16.902,5,5
2424,1861,1861,80000,2025-09-23 12:44:47.307,CCA,,First Installment - Imported from Excel,2025-09-23 12:44:47.308,5,2
3930,1861,1861,80000,2025-09-23 13:31:16.781,CCA,,First Installment - Imported from Excel,2025-09-23 13:31:16.781,5,3
5436,1861,1861,80000,2025-09-23 14:41:21.731,CCA,,First Installment - Imported from Excel,2025-09-23 14:41:21.732,5,4
6942,1861,1861,80000,2025-09-23 14:55:16.907,CCA,,First Installment - Imported from Excel,2025-09-23 14:55:16.907,5,5
2425,1862,1862,100000,2025-09-23 12:44:47.317,CCA,,First Installment - Imported from Excel,2025-09-23 12:44:47.318,5,2
3931,1862,1862,100000,2025-09-23 13:31:16.786,CCA,,First Installment - Imported from Excel,2025-09-23 13:31:16.787,5,3
5437,1862,1862,100000,2025-09-23 14:41:21.739,CCA,,First Installment - Imported from Excel,2025-09-23 14:41:21.74,5,4
6943,1862,1862,100000,2025-09-23 14:55:16.912,CCA,,First Installment - Imported from Excel,2025-09-23 14:55:16.913,5,5
2426,1863,1863,25000,2025-09-23 12:44:47.327,CCA,,First Installment - Imported from Excel,2025-09-23 12:44:47.328,5,2
3932,1863,1863,25000,2025-09-23 13:31:16.79,CCA,,First Installment - Imported from Excel,2025-09-23 13:31:16.791,5,3
5438,1863,1863,25000,2025-09-23 14:41:21.745,CCA,,First Installment - Imported from Excel,2025-09-23 14:41:21.746,5,4
6944,1863,1863,25000,2025-09-23 14:55:16.921,CCA,,First Installment - Imported from Excel,2025-09-23 14:55:16.922,5,5
2427,1864,1864,100000,2025-09-23 12:44:47.335,CCA,,First Installment - Imported from Excel,2025-09-23 12:44:47.336,5,2
3933,1864,1864,100000,2025-09-23 13:31:16.795,CCA,,First Installment - Imported from Excel,2025-09-23 13:31:16.796,5,3
5439,1864,1864,100000,2025-09-23 14:41:21.752,CCA,,First Installment - Imported from Excel,2025-09-23 14:41:21.753,5,4
6945,1864,1864,100000,2025-09-23 14:55:16.927,CCA,,First Installment - Imported from Excel,2025-09-23 14:55:16.927,5,5
2428,1865,1865,100000,2025-09-23 12:44:47.344,CCA,,First Installment - Imported from Excel,2025-09-23 12:44:47.345,5,2
3934,1865,1865,100000,2025-09-23 13:31:16.8,CCA,,First Installment - Imported from Excel,2025-09-23 13:31:16.8,5,3
5440,1865,1865,100000,2025-09-23 14:41:21.938,CCA,,First Installment - Imported from Excel,2025-09-23 14:41:21.938,5,4
6946,1865,1865,100000,2025-09-23 14:55:17.086,CCA,,First Installment - Imported from Excel,2025-09-23 14:55:17.087,5,5
2429,1867,1867,50000,2025-09-23 12:44:47.352,CCA,,First Installment - Imported from Excel,2025-09-23 12:44:47.352,5,2
3935,1867,1867,50000,2025-09-23 13:31:16.805,CCA,,First Installment - Imported from Excel,2025-09-23 13:31:16.805,5,3
5441,1867,1867,50000,2025-09-23 14:41:21.944,CCA,,First Installment - Imported from Excel,2025-09-23 14:41:21.945,5,4
6947,1867,1867,50000,2025-09-23 14:55:17.093,CCA,,First Installment - Imported from Excel,2025-09-23 14:55:17.093,5,5
3936,1868,1868,15000,2025-09-23 13:31:16.809,CCA,,First Installment - Imported from Excel,2025-09-23 13:31:16.81,4,2
5442,1868,1868,15000,2025-09-23 14:41:21.95,CCA,,First Installment - Imported from Excel,2025-09-23 14:41:21.951,4,3
6948,1868,1868,15000,2025-09-23 14:55:17.1,CCA,,First Installment - Imported from Excel,2025-09-23 14:55:17.1,4,4
3937,1868,1868,95000,2025-09-23 13:31:16.811,CCA,,Second Installment - Imported from Excel,2025-09-23 13:31:16.811,4,2
5443,1868,1868,95000,2025-09-23 14:41:21.951,CCA,,Second Installment - Imported from Excel,2025-09-23 14:41:21.952,4,3
6949,1868,1868,95000,2025-09-23 14:55:17.101,CCA,,Second Installment - Imported from Excel,2025-09-23 14:55:17.101,4,4
2432,1870,1870,25000,2025-09-23 12:44:47.367,CCA,,First Installment - Imported from Excel,2025-09-23 12:44:47.368,5,2
3938,1870,1870,25000,2025-09-23 13:31:16.817,CCA,,First Installment - Imported from Excel,2025-09-23 13:31:16.817,5,3
5444,1870,1870,25000,2025-09-23 14:41:21.959,CCA,,First Installment - Imported from Excel,2025-09-23 14:41:21.959,5,4
6950,1870,1870,25000,2025-09-23 14:55:17.107,CCA,,First Installment - Imported from Excel,2025-09-23 14:55:17.107,5,5
3939,1871,1871,45000,2025-09-23 13:31:16.822,CCA,,First Installment - Imported from Excel,2025-09-23 13:31:16.823,4,2
5445,1871,1871,45000,2025-09-23 14:41:21.966,CCA,,First Installment - Imported from Excel,2025-09-23 14:41:21.967,4,3
6951,1871,1871,45000,2025-09-23 14:55:17.112,CCA,,First Installment - Imported from Excel,2025-09-23 14:55:17.112,4,4
3940,1871,1871,55000,2025-09-23 13:31:16.823,CCA,,Second Installment - Imported from Excel,2025-09-23 13:31:16.824,4,2
5446,1871,1871,55000,2025-09-23 14:41:21.967,CCA,,Second Installment - Imported from Excel,2025-09-23 14:41:21.968,4,3
6952,1871,1871,55000,2025-09-23 14:55:17.113,CCA,,Second Installment - Imported from Excel,2025-09-23 14:55:17.113,4,4
2334,1872,1872,50000,2025-09-23 12:44:46.705,CCA,,Second Installment - Imported from Excel,2025-09-23 12:44:46.706,8,2
3839,1872,1872,50000,2025-09-23 13:31:16.304,CCA,,First Installment - Imported from Excel,2025-09-23 13:31:16.304,8,3
3840,1872,1872,50000,2025-09-23 13:31:16.305,CCA,,Second Installment - Imported from Excel,2025-09-23 13:31:16.306,8,4
5345,1872,1872,50000,2025-09-23 14:41:16.51,CCA,,First Installment - Imported from Excel,2025-09-23 14:41:16.511,8,5
5346,1872,1872,50000,2025-09-23 14:41:16.511,CCA,,Second Installment - Imported from Excel,2025-09-23 14:41:16.512,8,6
6851,1872,1872,50000,2025-09-23 14:55:11.634,CCA,,First Installment - Imported from Excel,2025-09-23 14:55:11.635,8,7
6852,1872,1872,50000,2025-09-23 14:55:11.636,CCA,,Second Installment - Imported from Excel,2025-09-23 14:55:11.636,8,8
2335,1875,1875,175000,2025-09-23 12:44:46.711,CCA,,First Installment - Imported from Excel,2025-09-23 12:44:46.712,5,2
3841,1875,1875,175000,2025-09-23 13:31:16.312,CCA,,First Installment - Imported from Excel,2025-09-23 13:31:16.313,5,3
5347,1875,1875,175000,2025-09-23 14:41:16.682,CCA,,First Installment - Imported from Excel,2025-09-23 14:41:16.682,5,4
6853,1875,1875,175000,2025-09-23 14:55:11.794,CCA,,First Installment - Imported from Excel,2025-09-23 14:55:11.795,5,5
2336,1876,1876,25000,2025-09-23 12:44:46.72,CCA,,First Installment - Imported from Excel,2025-09-23 12:44:46.721,5,2
3842,1876,1876,25000,2025-09-23 13:31:16.318,CCA,,First Installment - Imported from Excel,2025-09-23 13:31:16.318,5,3
5348,1876,1876,25000,2025-09-23 14:41:16.856,CCA,,First Installment - Imported from Excel,2025-09-23 14:41:16.857,5,4
6854,1876,1876,25000,2025-09-23 14:55:11.959,CCA,,First Installment - Imported from Excel,2025-09-23 14:55:11.96,5,5
3843,1877,1877,15000,2025-09-23 13:31:16.325,CCA,,First Installment - Imported from Excel,2025-09-23 13:31:16.326,4,2
5349,1877,1877,15000,2025-09-23 14:41:16.863,CCA,,First Installment - Imported from Excel,2025-09-23 14:41:16.863,4,3
6855,1877,1877,15000,2025-09-23 14:55:11.969,CCA,,First Installment - Imported from Excel,2025-09-23 14:55:11.97,4,4
3844,1877,1877,100000,2025-09-23 13:31:16.327,CCA,,Second Installment - Imported from Excel,2025-09-23 13:31:16.327,4,2
5350,1877,1877,100000,2025-09-23 14:41:16.864,CCA,,Second Installment - Imported from Excel,2025-09-23 14:41:16.865,4,3
6856,1877,1877,100000,2025-09-23 14:55:11.97,CCA,,Second Installment - Imported from Excel,2025-09-23 14:55:11.971,4,4
2339,1878,1878,140000,2025-09-23 12:44:46.734,CCA,,First Installment - Imported from Excel,2025-09-23 12:44:46.735,5,2
3845,1878,1878,140000,2025-09-23 13:31:16.332,CCA,,First Installment - Imported from Excel,2025-09-23 13:31:16.333,5,3
5351,1878,1878,140000,2025-09-23 14:41:16.873,CCA,,First Installment - Imported from Excel,2025-09-23 14:41:16.873,5,4
6857,1878,1878,140000,2025-09-23 14:55:11.977,CCA,,First Installment - Imported from Excel,2025-09-23 14:55:11.977,5,5
2340,1879,1879,100000,2025-09-23 12:44:46.74,CCA,,First Installment - Imported from Excel,2025-09-23 12:44:46.74,5,2
3846,1879,1879,100000,2025-09-23 13:31:16.338,CCA,,First Installment - Imported from Excel,2025-09-23 13:31:16.339,5,3
5352,1879,1879,100000,2025-09-23 14:41:16.88,CCA,,First Installment - Imported from Excel,2025-09-23 14:41:16.881,5,4
6858,1879,1879,100000,2025-09-23 14:55:11.983,CCA,,First Installment - Imported from Excel,2025-09-23 14:55:11.984,5,5
2341,1881,1881,175000,2025-09-23 12:44:46.745,CCA,,First Installment - Imported from Excel,2025-09-23 12:44:46.746,5,2
3847,1881,1881,175000,2025-09-23 13:31:16.343,CCA,,First Installment - Imported from Excel,2025-09-23 13:31:16.344,5,3
5353,1881,1881,175000,2025-09-23 14:41:17.045,CCA,,First Installment - Imported from Excel,2025-09-23 14:41:17.046,5,4
6859,1881,1881,175000,2025-09-23 14:55:12.159,CCA,,First Installment - Imported from Excel,2025-09-23 14:55:12.16,5,5
2342,1882,1882,100000,2025-09-23 12:44:46.752,CCA,,First Installment - Imported from Excel,2025-09-23 12:44:46.753,5,2
3848,1882,1882,100000,2025-09-23 13:31:16.349,CCA,,First Installment - Imported from Excel,2025-09-23 13:31:16.349,5,3
5354,1882,1882,100000,2025-09-23 14:41:17.236,CCA,,First Installment - Imported from Excel,2025-09-23 14:41:17.237,5,4
6860,1882,1882,100000,2025-09-23 14:55:12.345,CCA,,First Installment - Imported from Excel,2025-09-23 14:55:12.346,5,5
2343,1883,1883,120000,2025-09-23 12:44:46.758,CCA,,First Installment - Imported from Excel,2025-09-23 12:44:46.759,5,2
3849,1883,1883,120000,2025-09-23 13:31:16.354,CCA,,First Installment - Imported from Excel,2025-09-23 13:31:16.355,5,3
5355,1883,1883,120000,2025-09-23 14:41:17.415,CCA,,First Installment - Imported from Excel,2025-09-23 14:41:17.416,5,4
6861,1883,1883,120000,2025-09-23 14:55:12.517,CCA,,First Installment - Imported from Excel,2025-09-23 14:55:12.518,5,5
2344,1884,1884,15000,2025-09-23 12:44:46.765,CCA,,First Installment - Imported from Excel,2025-09-23 12:44:46.765,5,2
3850,1884,1884,15000,2025-09-23 13:31:16.359,CCA,,First Installment - Imported from Excel,2025-09-23 13:31:16.359,5,3
5356,1884,1884,15000,2025-09-23 14:41:17.425,CCA,,First Installment - Imported from Excel,2025-09-23 14:41:17.426,5,4
6862,1884,1884,15000,2025-09-23 14:55:12.524,CCA,,First Installment - Imported from Excel,2025-09-23 14:55:12.525,5,5
3851,1886,1886,15000,2025-09-23 13:31:16.364,CCA,,First Installment - Imported from Excel,2025-09-23 13:31:16.364,4,2
5357,1886,1886,15000,2025-09-23 14:41:17.43,CCA,,First Installment - Imported from Excel,2025-09-23 14:41:17.431,4,3
6863,1886,1886,15000,2025-09-23 14:55:12.531,CCA,,First Installment - Imported from Excel,2025-09-23 14:55:12.531,4,4
3852,1886,1886,85000,2025-09-23 13:31:16.365,CCA,,Second Installment - Imported from Excel,2025-09-23 13:31:16.365,4,2
5358,1886,1886,85000,2025-09-23 14:41:17.432,CCA,,Second Installment - Imported from Excel,2025-09-23 14:41:17.432,4,3
6864,1886,1886,85000,2025-09-23 14:55:12.532,CCA,,Second Installment - Imported from Excel,2025-09-23 14:55:12.533,4,4
2347,1887,1887,40000,2025-09-23 12:44:46.779,CCA,,First Installment - Imported from Excel,2025-09-23 12:44:46.779,5,2
3853,1887,1887,40000,2025-09-23 13:31:16.37,CCA,,First Installment - Imported from Excel,2025-09-23 13:31:16.371,5,3
5359,1887,1887,40000,2025-09-23 14:41:17.439,CCA,,First Installment - Imported from Excel,2025-09-23 14:41:17.439,5,4
6865,1887,1887,40000,2025-09-23 14:55:12.538,CCA,,First Installment - Imported from Excel,2025-09-23 14:55:12.538,5,5
2348,1888,1888,100000,2025-09-23 12:44:46.785,CCA,,First Installment - Imported from Excel,2025-09-23 12:44:46.786,5,2
3854,1888,1888,100000,2025-09-23 13:31:16.375,CCA,,First Installment - Imported from Excel,2025-09-23 13:31:16.376,5,3
5360,1888,1888,100000,2025-09-23 14:41:17.446,CCA,,First Installment - Imported from Excel,2025-09-23 14:41:17.447,5,4
6866,1888,1888,100000,2025-09-23 14:55:12.544,CCA,,First Installment - Imported from Excel,2025-09-23 14:55:12.545,5,5
2349,1889,1889,175000,2025-09-23 12:44:46.791,CCA,,First Installment - Imported from Excel,2025-09-23 12:44:46.792,5,2
3855,1889,1889,175000,2025-09-23 13:31:16.38,CCA,,First Installment - Imported from Excel,2025-09-23 13:31:16.38,5,3
5361,1889,1889,175000,2025-09-23 14:41:17.628,CCA,,First Installment - Imported from Excel,2025-09-23 14:41:17.628,5,4
6867,1889,1889,175000,2025-09-23 14:55:12.734,CCA,,First Installment - Imported from Excel,2025-09-23 14:55:12.735,5,5
2350,1890,1890,24000,2025-09-23 12:44:46.796,CCA,,First Installment - Imported from Excel,2025-09-23 12:44:46.797,5,2
3856,1890,1890,24000,2025-09-23 13:31:16.384,CCA,,First Installment - Imported from Excel,2025-09-23 13:31:16.385,5,3
5362,1890,1890,24000,2025-09-23 14:41:17.805,CCA,,First Installment - Imported from Excel,2025-09-23 14:41:17.806,5,4
6868,1890,1890,24000,2025-09-23 14:55:12.899,CCA,,First Installment - Imported from Excel,2025-09-23 14:55:12.903,5,5
2351,1891,1891,100000,2025-09-23 12:44:46.802,CCA,,First Installment - Imported from Excel,2025-09-23 12:44:46.803,5,2
3857,1891,1891,100000,2025-09-23 13:31:16.389,CCA,,First Installment - Imported from Excel,2025-09-23 13:31:16.39,5,3
5363,1891,1891,100000,2025-09-23 14:41:17.815,CCA,,First Installment - Imported from Excel,2025-09-23 14:41:17.815,5,4
6869,1891,1891,100000,2025-09-23 14:55:12.92,CCA,,First Installment - Imported from Excel,2025-09-23 14:55:12.921,5,5
2352,1892,1892,80000,2025-09-23 12:44:46.809,CCA,,First Installment - Imported from Excel,2025-09-23 12:44:46.809,5,2
3858,1892,1892,80000,2025-09-23 13:31:16.395,CCA,,First Installment - Imported from Excel,2025-09-23 13:31:16.395,5,3
5364,1892,1892,80000,2025-09-23 14:41:17.824,CCA,,First Installment - Imported from Excel,2025-09-23 14:41:17.824,5,4
6870,1892,1892,80000,2025-09-23 14:55:12.942,CCA,,First Installment - Imported from Excel,2025-09-23 14:55:12.943,5,5
3859,1893,1893,15000,2025-09-23 13:31:16.401,CCA,,First Installment - Imported from Excel,2025-09-23 13:31:16.401,4,2
5365,1893,1893,15000,2025-09-23 14:41:17.832,CCA,,First Installment - Imported from Excel,2025-09-23 14:41:17.833,4,3
6871,1893,1893,15000,2025-09-23 14:55:12.964,CCA,,First Installment - Imported from Excel,2025-09-23 14:55:12.965,4,4
3860,1893,1893,85000,2025-09-23 13:31:16.402,CCA,,Second Installment - Imported from Excel,2025-09-23 13:31:16.403,4,2
5366,1893,1893,85000,2025-09-23 14:41:17.834,CCA,,Second Installment - Imported from Excel,2025-09-23 14:41:17.835,4,3
6872,1893,1893,85000,2025-09-23 14:55:12.97,CCA,,Second Installment - Imported from Excel,2025-09-23 14:55:12.972,4,4
2355,1894,1894,100000,2025-09-23 12:44:46.824,CCA,,First Installment - Imported from Excel,2025-09-23 12:44:46.824,5,2
3861,1894,1894,100000,2025-09-23 13:31:16.407,CCA,,First Installment - Imported from Excel,2025-09-23 13:31:16.408,5,3
5367,1894,1894,100000,2025-09-23 14:41:17.841,CCA,,First Installment - Imported from Excel,2025-09-23 14:41:17.842,5,4
6873,1894,1894,100000,2025-09-23 14:55:12.992,CCA,,First Installment - Imported from Excel,2025-09-23 14:55:12.993,5,5
3863,1895,1895,41800,2025-09-23 13:31:16.414,CCA,,Second Installment - Imported from Excel,2025-09-23 13:31:16.415,4,2
5369,1895,1895,41800,2025-09-23 14:41:18.005,CCA,,Second Installment - Imported from Excel,2025-09-23 14:41:18.006,4,3
6875,1895,1895,41800,2025-09-23 14:55:13.241,CCA,,Second Installment - Imported from Excel,2025-09-23 14:55:13.242,4,4
3862,1895,1895,50000,2025-09-23 13:31:16.413,CCA,,First Installment - Imported from Excel,2025-09-23 13:31:16.414,4,2
5368,1895,1895,50000,2025-09-23 14:41:18.003,CCA,,First Installment - Imported from Excel,2025-09-23 14:41:18.003,4,3
6874,1895,1895,50000,2025-09-23 14:55:13.239,CCA,,First Installment - Imported from Excel,2025-09-23 14:55:13.24,4,4
2358,1896,1896,80000,2025-09-23 12:44:46.841,CCA,,First Installment - Imported from Excel,2025-09-23 12:44:46.842,5,2
3864,1896,1896,80000,2025-09-23 13:31:16.421,CCA,,First Installment - Imported from Excel,2025-09-23 13:31:16.422,5,3
5370,1896,1896,80000,2025-09-23 14:41:18.192,CCA,,First Installment - Imported from Excel,2025-09-23 14:41:18.193,5,4
6876,1896,1896,80000,2025-09-23 14:55:13.394,CCA,,First Installment - Imported from Excel,2025-09-23 14:55:13.395,5,5
2359,1897,1897,100000,2025-09-23 12:44:46.849,CCA,,First Installment - Imported from Excel,2025-09-23 12:44:46.85,5,2
3865,1897,1897,100000,2025-09-23 13:31:16.429,CCA,,First Installment - Imported from Excel,2025-09-23 13:31:16.43,5,3
5371,1897,1897,100000,2025-09-23 14:41:18.201,CCA,,First Installment - Imported from Excel,2025-09-23 14:41:18.202,5,4
6877,1897,1897,100000,2025-09-23 14:55:13.402,CCA,,First Installment - Imported from Excel,2025-09-23 14:55:13.403,5,5
2360,1898,1898,50000,2025-09-23 12:44:46.856,CCA,,First Installment - Imported from Excel,2025-09-23 12:44:46.856,5,2
3866,1898,1898,50000,2025-09-23 13:31:16.437,CCA,,First Installment - Imported from Excel,2025-09-23 13:31:16.437,5,3
5372,1898,1898,50000,2025-09-23 14:41:18.208,CCA,,First Installment - Imported from Excel,2025-09-23 14:41:18.209,5,4
6878,1898,1898,50000,2025-09-23 14:55:13.408,CCA,,First Installment - Imported from Excel,2025-09-23 14:55:13.409,5,5
2361,1899,1899,15000,2025-09-23 12:44:46.863,CCA,,First Installment - Imported from Excel,2025-09-23 12:44:46.863,5,2
3867,1899,1899,15000,2025-09-23 13:31:16.443,CCA,,First Installment - Imported from Excel,2025-09-23 13:31:16.443,5,3
5373,1899,1899,15000,2025-09-23 14:41:18.214,CCA,,First Installment - Imported from Excel,2025-09-23 14:41:18.215,5,4
6879,1899,1899,15000,2025-09-23 14:55:13.415,CCA,,First Installment - Imported from Excel,2025-09-23 14:55:13.415,5,5
2362,1900,1900,175000,2025-09-23 12:44:46.87,CCA,,First Installment - Imported from Excel,2025-09-23 12:44:46.87,5,2
3868,1900,1900,175000,2025-09-23 13:31:16.448,CCA,,First Installment - Imported from Excel,2025-09-23 13:31:16.449,5,3
5374,1900,1900,175000,2025-09-23 14:41:18.386,CCA,,First Installment - Imported from Excel,2025-09-23 14:41:18.387,5,4
6880,1900,1900,175000,2025-09-23 14:55:13.587,CCA,,First Installment - Imported from Excel,2025-09-23 14:55:13.588,5,5
2363,1901,1901,100000,2025-09-23 12:44:46.877,CCA,,First Installment - Imported from Excel,2025-09-23 12:44:46.878,5,2
3869,1901,1901,100000,2025-09-23 13:31:16.454,CCA,,First Installment - Imported from Excel,2025-09-23 13:31:16.455,5,3
5375,1901,1901,100000,2025-09-23 14:41:18.392,CCA,,First Installment - Imported from Excel,2025-09-23 14:41:18.393,5,4
6881,1901,1901,100000,2025-09-23 14:55:13.597,CCA,,First Installment - Imported from Excel,2025-09-23 14:55:13.598,5,5
2364,1902,1902,100000,2025-09-23 12:44:46.884,CCA,,First Installment - Imported from Excel,2025-09-23 12:44:46.884,5,2
3870,1902,1902,100000,2025-09-23 13:31:16.46,CCA,,First Installment - Imported from Excel,2025-09-23 13:31:16.461,5,3
5376,1902,1902,100000,2025-09-23 14:41:18.588,CCA,,First Installment - Imported from Excel,2025-09-23 14:41:18.588,5,4
6882,1902,1902,100000,2025-09-23 14:55:13.761,CCA,,First Installment - Imported from Excel,2025-09-23 14:55:13.762,5,5
2365,1903,1903,81000,2025-09-23 12:44:46.889,CCA,,First Installment - Imported from Excel,2025-09-23 12:44:46.89,5,2
3871,1903,1903,81000,2025-09-23 13:31:16.466,CCA,,First Installment - Imported from Excel,2025-09-23 13:31:16.466,5,3
5377,1903,1903,81000,2025-09-23 14:41:18.596,CCA,,First Installment - Imported from Excel,2025-09-23 14:41:18.596,5,4
6883,1903,1903,81000,2025-09-23 14:55:13.768,CCA,,First Installment - Imported from Excel,2025-09-23 14:55:13.769,5,5
2366,1905,1905,50000,2025-09-23 12:44:46.895,CCA,,First Installment - Imported from Excel,2025-09-23 12:44:46.896,5,2
3872,1905,1905,50000,2025-09-23 13:31:16.471,CCA,,First Installment - Imported from Excel,2025-09-23 13:31:16.472,5,3
5378,1905,1905,50000,2025-09-23 14:41:18.764,CCA,,First Installment - Imported from Excel,2025-09-23 14:41:18.765,5,4
6884,1905,1905,50000,2025-09-23 14:55:13.918,CCA,,First Installment - Imported from Excel,2025-09-23 14:55:13.919,5,5
2367,1908,1908,25000,2025-09-23 12:44:46.9,CCA,,First Installment - Imported from Excel,2025-09-23 12:44:46.901,5,2
3873,1908,1908,25000,2025-09-23 13:31:16.477,CCA,,First Installment - Imported from Excel,2025-09-23 13:31:16.478,5,3
5379,1908,1908,25000,2025-09-23 14:41:18.934,CCA,,First Installment - Imported from Excel,2025-09-23 14:41:18.935,5,4
6885,1908,1908,25000,2025-09-23 14:55:14.075,CCA,,First Installment - Imported from Excel,2025-09-23 14:55:14.076,5,5
2368,1910,1910,100000,2025-09-23 12:44:46.906,CCA,,First Installment - Imported from Excel,2025-09-23 12:44:46.907,5,2
3874,1910,1910,100000,2025-09-23 13:31:16.482,CCA,,First Installment - Imported from Excel,2025-09-23 13:31:16.483,5,3
5380,1910,1910,100000,2025-09-23 14:41:19.108,CCA,,First Installment - Imported from Excel,2025-09-23 14:41:19.109,5,4
6886,1910,1910,100000,2025-09-23 14:55:14.24,CCA,,First Installment - Imported from Excel,2025-09-23 14:55:14.24,5,5
2369,1911,1911,80000,2025-09-23 12:44:46.912,CCA,,First Installment - Imported from Excel,2025-09-23 12:44:46.913,5,2
3875,1911,1911,80000,2025-09-23 13:31:16.49,CCA,,First Installment - Imported from Excel,2025-09-23 13:31:16.491,5,3
5381,1911,1911,80000,2025-09-23 14:41:19.115,CCA,,First Installment - Imported from Excel,2025-09-23 14:41:19.115,5,4
6887,1911,1911,80000,2025-09-23 14:55:14.247,CCA,,First Installment - Imported from Excel,2025-09-23 14:55:14.248,5,5
2370,1912,1912,175000,2025-09-23 12:44:46.92,CCA,,First Installment - Imported from Excel,2025-09-23 12:44:46.92,5,2
3876,1912,1912,175000,2025-09-23 13:31:16.497,CCA,,First Installment - Imported from Excel,2025-09-23 13:31:16.497,5,3
5382,1912,1912,175000,2025-09-23 14:41:19.12,CCA,,First Installment - Imported from Excel,2025-09-23 14:41:19.12,5,4
6888,1912,1912,175000,2025-09-23 14:55:14.252,CCA,,First Installment - Imported from Excel,2025-09-23 14:55:14.253,5,5
2371,1913,1913,175000,2025-09-23 12:44:46.925,CCA,,First Installment - Imported from Excel,2025-09-23 12:44:46.926,5,2
3877,1913,1913,175000,2025-09-23 13:31:16.501,CCA,,First Installment - Imported from Excel,2025-09-23 13:31:16.502,5,3
5383,1913,1913,175000,2025-09-23 14:41:19.124,CCA,,First Installment - Imported from Excel,2025-09-23 14:41:19.125,5,4
6889,1913,1913,175000,2025-09-23 14:55:14.257,CCA,,First Installment - Imported from Excel,2025-09-23 14:55:14.258,5,5
2372,1915,1915,110000,2025-09-23 12:44:46.932,CCA,,First Installment - Imported from Excel,2025-09-23 12:44:46.932,5,2
3878,1915,1915,110000,2025-09-23 13:31:16.507,CCA,,First Installment - Imported from Excel,2025-09-23 13:31:16.507,5,3
5384,1915,1915,110000,2025-09-23 14:41:19.129,CCA,,First Installment - Imported from Excel,2025-09-23 14:41:19.13,5,4
6890,1915,1915,110000,2025-09-23 14:55:14.263,CCA,,First Installment - Imported from Excel,2025-09-23 14:55:14.264,5,5
2373,1918,1918,100000,2025-09-23 12:44:46.938,CCA,,First Installment - Imported from Excel,2025-09-23 12:44:46.939,5,2
3879,1918,1918,100000,2025-09-23 13:31:16.513,CCA,,First Installment - Imported from Excel,2025-09-23 13:31:16.514,5,3
5385,1918,1918,100000,2025-09-23 14:41:19.137,CCA,,First Installment - Imported from Excel,2025-09-23 14:41:19.138,5,4
6891,1918,1918,100000,2025-09-23 14:55:14.269,CCA,,First Installment - Imported from Excel,2025-09-23 14:55:14.27,5,5
2374,1920,1920,15000,2025-09-23 12:44:46.945,CCA,,First Installment - Imported from Excel,2025-09-23 12:44:46.945,5,2
3880,1920,1920,15000,2025-09-23 13:31:16.519,CCA,,First Installment - Imported from Excel,2025-09-23 13:31:16.52,5,3
5386,1920,1920,15000,2025-09-23 14:41:19.145,CCA,,First Installment - Imported from Excel,2025-09-23 14:41:19.146,5,4
6892,1920,1920,15000,2025-09-23 14:55:14.277,CCA,,First Installment - Imported from Excel,2025-09-23 14:55:14.277,5,5
2375,1921,1921,15000,2025-09-23 12:44:46.952,CCA,,First Installment - Imported from Excel,2025-09-23 12:44:46.953,5,2
3881,1921,1921,15000,2025-09-23 13:31:16.525,CCA,,First Installment - Imported from Excel,2025-09-23 13:31:16.526,5,3
5387,1921,1921,15000,2025-09-23 14:41:19.152,CCA,,First Installment - Imported from Excel,2025-09-23 14:41:19.153,5,4
6893,1921,1921,15000,2025-09-23 14:55:14.283,CCA,,First Installment - Imported from Excel,2025-09-23 14:55:14.283,5,5
2376,1922,1922,15000,2025-09-23 12:44:46.96,CCA,,First Installment - Imported from Excel,2025-09-23 12:44:46.961,5,2
3882,1922,1922,15000,2025-09-23 13:31:16.531,CCA,,First Installment - Imported from Excel,2025-09-23 13:31:16.532,5,3
5388,1922,1922,15000,2025-09-23 14:41:19.337,CCA,,First Installment - Imported from Excel,2025-09-23 14:41:19.338,5,4
6894,1922,1922,15000,2025-09-23 14:55:14.45,CCA,,First Installment - Imported from Excel,2025-09-23 14:55:14.451,5,5
2377,1923,1923,105000,2025-09-23 12:44:46.967,CCA,,First Installment - Imported from Excel,2025-09-23 12:44:46.967,5,2
3883,1923,1923,105000,2025-09-23 13:31:16.537,CCA,,First Installment - Imported from Excel,2025-09-23 13:31:16.538,5,3
5389,1923,1923,105000,2025-09-23 14:41:19.494,CCA,,First Installment - Imported from Excel,2025-09-23 14:41:19.495,5,4
6895,1923,1923,105000,2025-09-23 14:55:14.61,CCA,,First Installment - Imported from Excel,2025-09-23 14:55:14.611,5,5
3884,1924,1924,15000,2025-09-23 13:31:16.542,CCA,,First Installment - Imported from Excel,2025-09-23 13:31:16.543,4,2
5390,1924,1924,15000,2025-09-23 14:41:19.501,CCA,,First Installment - Imported from Excel,2025-09-23 14:41:19.502,4,3
6896,1924,1924,15000,2025-09-23 14:55:14.619,CCA,,First Installment - Imported from Excel,2025-09-23 14:55:14.62,4,4
3885,1924,1924,85000,2025-09-23 13:31:16.543,CCA,,Second Installment - Imported from Excel,2025-09-23 13:31:16.544,4,2
5391,1924,1924,85000,2025-09-23 14:41:19.502,CCA,,Second Installment - Imported from Excel,2025-09-23 14:41:19.503,4,3
6897,1924,1924,85000,2025-09-23 14:55:14.621,CCA,,Second Installment - Imported from Excel,2025-09-23 14:55:14.622,4,4
3886,1925,1925,15000,2025-09-23 13:31:16.548,CCA,,First Installment - Imported from Excel,2025-09-23 13:31:16.549,4,2
5392,1925,1925,15000,2025-09-23 14:41:19.511,CCA,,First Installment - Imported from Excel,2025-09-23 14:41:19.512,4,3
6898,1925,1925,15000,2025-09-23 14:55:14.628,CCA,,First Installment - Imported from Excel,2025-09-23 14:55:14.628,4,4
3887,1925,1925,85000,2025-09-23 13:31:16.55,CCA,,Second Installment - Imported from Excel,2025-09-23 13:31:16.55,4,2
5393,1925,1925,85000,2025-09-23 14:41:19.512,CCA,,Second Installment - Imported from Excel,2025-09-23 14:41:19.513,4,3
6899,1925,1925,85000,2025-09-23 14:55:14.629,CCA,,Second Installment - Imported from Excel,2025-09-23 14:55:14.63,4,4
2382,1926,1926,25000,2025-09-23 12:44:46.993,CCA,,First Installment - Imported from Excel,2025-09-23 12:44:46.994,5,2
3888,1926,1926,25000,2025-09-23 13:31:16.556,CCA,,First Installment - Imported from Excel,2025-09-23 13:31:16.556,5,3
5394,1926,1926,25000,2025-09-23 14:41:19.519,CCA,,First Installment - Imported from Excel,2025-09-23 14:41:19.519,5,4
6900,1926,1926,25000,2025-09-23 14:55:14.636,CCA,,First Installment - Imported from Excel,2025-09-23 14:55:14.637,5,5
2240,1929,1929,100000,2025-09-23 12:44:46.204,CCA,,First Installment - Imported from Excel,2025-09-23 12:44:46.205,5,2
3746,1929,1929,100000,2025-09-23 13:31:15.78,CCA,,First Installment - Imported from Excel,2025-09-23 13:31:15.781,5,3
5252,1929,1929,100000,2025-09-23 14:41:10.973,CCA,,First Installment - Imported from Excel,2025-09-23 14:41:10.974,5,4
6758,1929,1929,100000,2025-09-23 14:55:05.95,CCA,,First Installment - Imported from Excel,2025-09-23 14:55:05.951,5,5
2241,1931,1931,100000,2025-09-23 12:44:46.21,CCA,,First Installment - Imported from Excel,2025-09-23 12:44:46.211,5,2
3747,1931,1931,100000,2025-09-23 13:31:15.786,CCA,,First Installment - Imported from Excel,2025-09-23 13:31:15.786,5,3
5253,1931,1931,100000,2025-09-23 14:41:10.983,CCA,,First Installment - Imported from Excel,2025-09-23 14:41:10.984,5,4
6759,1931,1931,100000,2025-09-23 14:55:05.956,CCA,,First Installment - Imported from Excel,2025-09-23 14:55:05.957,5,5
2242,1932,1932,15000,2025-09-23 12:44:46.218,CCA,,First Installment - Imported from Excel,2025-09-23 12:44:46.219,5,2
3748,1932,1932,15000,2025-09-23 13:31:15.792,CCA,,First Installment - Imported from Excel,2025-09-23 13:31:15.793,5,3
5254,1932,1932,15000,2025-09-23 14:41:10.992,CCA,,First Installment - Imported from Excel,2025-09-23 14:41:10.993,5,4
6760,1932,1932,15000,2025-09-23 14:55:05.962,CCA,,First Installment - Imported from Excel,2025-09-23 14:55:05.963,5,5
2243,1933,1933,175000,2025-09-23 12:44:46.223,CCA,,First Installment - Imported from Excel,2025-09-23 12:44:46.224,5,2
3749,1933,1933,175000,2025-09-23 13:31:15.798,CCA,,First Installment - Imported from Excel,2025-09-23 13:31:15.799,5,3
5255,1933,1933,175000,2025-09-23 14:41:11.188,CCA,,First Installment - Imported from Excel,2025-09-23 14:41:11.189,5,4
6761,1933,1933,175000,2025-09-23 14:55:06.129,CCA,,First Installment - Imported from Excel,2025-09-23 14:55:06.13,5,5
2244,1934,1934,15000,2025-09-23 12:44:46.23,CCA,,First Installment - Imported from Excel,2025-09-23 12:44:46.23,5,2
3750,1934,1934,15000,2025-09-23 13:31:15.804,CCA,,First Installment - Imported from Excel,2025-09-23 13:31:15.805,5,3
5256,1934,1934,15000,2025-09-23 14:41:11.199,CCA,,First Installment - Imported from Excel,2025-09-23 14:41:11.2,5,4
6762,1934,1934,15000,2025-09-23 14:55:06.136,CCA,,First Installment - Imported from Excel,2025-09-23 14:55:06.137,5,5
3751,1935,1935,15000,2025-09-23 13:31:15.811,CCA,,First Installment - Imported from Excel,2025-09-23 13:31:15.811,4,2
5257,1935,1935,15000,2025-09-23 14:41:11.211,CCA,,First Installment - Imported from Excel,2025-09-23 14:41:11.212,4,3
6763,1935,1935,15000,2025-09-23 14:55:06.142,CCA,,First Installment - Imported from Excel,2025-09-23 14:55:06.143,4,4
3752,1935,1935,85000,2025-09-23 13:31:15.812,CCA,,Second Installment - Imported from Excel,2025-09-23 13:31:15.812,4,2
5258,1935,1935,85000,2025-09-23 14:41:11.213,CCA,,Second Installment - Imported from Excel,2025-09-23 14:41:11.214,4,3
6764,1935,1935,85000,2025-09-23 14:55:06.144,CCA,,Second Installment - Imported from Excel,2025-09-23 14:55:06.144,4,4
2247,1937,1937,175000,2025-09-23 12:44:46.244,CCA,,First Installment - Imported from Excel,2025-09-23 12:44:46.244,5,2
3753,1937,1937,175000,2025-09-23 13:31:15.817,CCA,,First Installment - Imported from Excel,2025-09-23 13:31:15.818,5,3
5259,1937,1937,175000,2025-09-23 14:41:11.223,CCA,,First Installment - Imported from Excel,2025-09-23 14:41:11.224,5,4
6765,1937,1937,175000,2025-09-23 14:55:06.151,CCA,,First Installment - Imported from Excel,2025-09-23 14:55:06.151,5,5
2248,1938,1938,20000,2025-09-23 12:44:46.249,CCA,,First Installment - Imported from Excel,2025-09-23 12:44:46.25,5,2
3754,1938,1938,20000,2025-09-23 13:31:15.822,CCA,,First Installment - Imported from Excel,2025-09-23 13:31:15.823,5,3
5260,1938,1938,20000,2025-09-23 14:41:11.236,CCA,,First Installment - Imported from Excel,2025-09-23 14:41:11.237,5,4
6766,1938,1938,20000,2025-09-23 14:55:06.156,CCA,,First Installment - Imported from Excel,2025-09-23 14:55:06.157,5,5
2249,1939,1939,30000,2025-09-23 12:44:46.256,CCA,,First Installment - Imported from Excel,2025-09-23 12:44:46.256,5,2
3755,1939,1939,30000,2025-09-23 13:31:15.828,CCA,,First Installment - Imported from Excel,2025-09-23 13:31:15.829,5,3
5261,1939,1939,30000,2025-09-23 14:41:11.246,CCA,,First Installment - Imported from Excel,2025-09-23 14:41:11.247,5,4
6767,1939,1939,30000,2025-09-23 14:55:06.163,CCA,,First Installment - Imported from Excel,2025-09-23 14:55:06.163,5,5
2250,1941,1941,15000,2025-09-23 12:44:46.262,CCA,,First Installment - Imported from Excel,2025-09-23 12:44:46.262,5,2
3756,1941,1941,15000,2025-09-23 13:31:15.836,CCA,,First Installment - Imported from Excel,2025-09-23 13:31:15.837,5,3
5262,1941,1941,15000,2025-09-23 14:41:11.412,CCA,,First Installment - Imported from Excel,2025-09-23 14:41:11.413,5,4
6768,1941,1941,15000,2025-09-23 14:55:06.334,CCA,,First Installment - Imported from Excel,2025-09-23 14:55:06.335,5,5
2251,1944,1944,100000,2025-09-23 12:44:46.267,CCA,,First Installment - Imported from Excel,2025-09-23 12:44:46.268,5,2
3757,1944,1944,100000,2025-09-23 13:31:15.843,CCA,,First Installment - Imported from Excel,2025-09-23 13:31:15.844,5,3
5263,1944,1944,100000,2025-09-23 14:41:11.419,CCA,,First Installment - Imported from Excel,2025-09-23 14:41:11.42,5,4
6769,1944,1944,100000,2025-09-23 14:55:06.343,CCA,,First Installment - Imported from Excel,2025-09-23 14:55:06.344,5,5
2252,1947,1947,100000,2025-09-23 12:44:46.272,CCA,,First Installment - Imported from Excel,2025-09-23 12:44:46.273,5,2
3758,1947,1947,100000,2025-09-23 13:31:15.849,CCA,,First Installment - Imported from Excel,2025-09-23 13:31:15.85,5,3
5264,1947,1947,100000,2025-09-23 14:41:11.428,CCA,,First Installment - Imported from Excel,2025-09-23 14:41:11.429,5,4
6770,1947,1947,100000,2025-09-23 14:55:06.35,CCA,,First Installment - Imported from Excel,2025-09-23 14:55:06.35,5,5
2253,1950,1950,40000,2025-09-23 12:44:46.278,CCA,,First Installment - Imported from Excel,2025-09-23 12:44:46.279,5,2
3759,1950,1950,40000,2025-09-23 13:31:15.857,CCA,,First Installment - Imported from Excel,2025-09-23 13:31:15.857,5,3
5265,1950,1950,40000,2025-09-23 14:41:11.436,CCA,,First Installment - Imported from Excel,2025-09-23 14:41:11.436,5,4
6771,1950,1950,40000,2025-09-23 14:55:06.356,CCA,,First Installment - Imported from Excel,2025-09-23 14:55:06.356,5,5
3760,1951,1951,15000,2025-09-23 13:31:15.864,CCA,,First Installment - Imported from Excel,2025-09-23 13:31:15.865,4,2
5266,1951,1951,15000,2025-09-23 14:41:11.445,CCA,,First Installment - Imported from Excel,2025-09-23 14:41:11.445,4,3
6772,1951,1951,15000,2025-09-23 14:55:06.363,CCA,,First Installment - Imported from Excel,2025-09-23 14:55:06.363,4,4
3761,1951,1951,85000,2025-09-23 13:31:15.866,CCA,,Second Installment - Imported from Excel,2025-09-23 13:31:15.867,4,2
5267,1951,1951,85000,2025-09-23 14:41:11.447,CCA,,Second Installment - Imported from Excel,2025-09-23 14:41:11.447,4,3
6773,1951,1951,85000,2025-09-23 14:55:06.364,CCA,,Second Installment - Imported from Excel,2025-09-23 14:55:06.365,4,4
3762,1954,1954,30000,2025-09-23 13:31:15.873,CCA,,First Installment - Imported from Excel,2025-09-23 13:31:15.873,4,2
5268,1954,1954,30000,2025-09-23 14:41:11.454,CCA,,First Installment - Imported from Excel,2025-09-23 14:41:11.455,4,3
6774,1954,1954,30000,2025-09-23 14:55:06.371,CCA,,First Installment - Imported from Excel,2025-09-23 14:55:06.371,4,4
3763,1954,1954,50000,2025-09-23 13:31:15.874,CCA,,Second Installment - Imported from Excel,2025-09-23 13:31:15.874,4,2
5269,1954,1954,50000,2025-09-23 14:41:11.455,CCA,,Second Installment - Imported from Excel,2025-09-23 14:41:11.456,4,3
6775,1954,1954,50000,2025-09-23 14:55:06.372,CCA,,Second Installment - Imported from Excel,2025-09-23 14:55:06.372,4,4
2258,1955,1955,50000,2025-09-23 12:44:46.3,CCA,,First Installment - Imported from Excel,2025-09-23 12:44:46.3,5,2
3764,1955,1955,50000,2025-09-23 13:31:15.879,CCA,,First Installment - Imported from Excel,2025-09-23 13:31:15.879,5,3
5270,1955,1955,50000,2025-09-23 14:41:11.462,CCA,,First Installment - Imported from Excel,2025-09-23 14:41:11.463,5,4
6776,1955,1955,50000,2025-09-23 14:55:06.378,CCA,,First Installment - Imported from Excel,2025-09-23 14:55:06.379,5,5
2259,1956,1956,100000,2025-09-23 12:44:46.305,CCA,,First Installment - Imported from Excel,2025-09-23 12:44:46.305,5,2
3765,1956,1956,100000,2025-09-23 13:31:15.884,CCA,,First Installment - Imported from Excel,2025-09-23 13:31:15.885,5,3
5271,1956,1956,100000,2025-09-23 14:41:11.642,CCA,,First Installment - Imported from Excel,2025-09-23 14:41:11.642,5,4
6777,1956,1956,100000,2025-09-23 14:55:06.544,CCA,,First Installment - Imported from Excel,2025-09-23 14:55:06.545,5,5
2260,1957,1957,110000,2025-09-23 12:44:46.312,CCA,,First Installment - Imported from Excel,2025-09-23 12:44:46.312,5,2
3766,1957,1957,110000,2025-09-23 13:31:15.89,CCA,,First Installment - Imported from Excel,2025-09-23 13:31:15.891,5,3
5272,1957,1957,110000,2025-09-23 14:41:11.652,CCA,,First Installment - Imported from Excel,2025-09-23 14:41:11.652,5,4
6778,1957,1957,110000,2025-09-23 14:55:06.555,CCA,,First Installment - Imported from Excel,2025-09-23 14:55:06.556,5,5
3767,1958,1958,15000,2025-09-23 13:31:15.896,CCA,,First Installment - Imported from Excel,2025-09-23 13:31:15.897,4,2
5273,1958,1958,15000,2025-09-23 14:41:11.861,CCA,,First Installment - Imported from Excel,2025-09-23 14:41:11.862,4,3
6779,1958,1958,15000,2025-09-23 14:55:06.733,CCA,,First Installment - Imported from Excel,2025-09-23 14:55:06.734,4,4
3768,1958,1958,100000,2025-09-23 13:31:15.897,CCA,,Second Installment - Imported from Excel,2025-09-23 13:31:15.898,4,2
5274,1958,1958,100000,2025-09-23 14:41:11.864,CCA,,Second Installment - Imported from Excel,2025-09-23 14:41:11.865,4,3
6780,1958,1958,100000,2025-09-23 14:55:06.735,CCA,,Second Installment - Imported from Excel,2025-09-23 14:55:06.736,4,4
2263,1959,1959,25000,2025-09-23 12:44:46.327,CCA,,First Installment - Imported from Excel,2025-09-23 12:44:46.327,5,2
3769,1959,1959,25000,2025-09-23 13:31:15.902,CCA,,First Installment - Imported from Excel,2025-09-23 13:31:15.903,5,3
5275,1959,1959,25000,2025-09-23 14:41:11.871,CCA,,First Installment - Imported from Excel,2025-09-23 14:41:11.872,5,4
6781,1959,1959,25000,2025-09-23 14:55:06.743,CCA,,First Installment - Imported from Excel,2025-09-23 14:55:06.744,5,5
3770,1959,1959,50000,2025-09-23 13:31:15.903,CCA,,Second Installment - Imported from Excel,2025-09-23 13:31:15.904,4,2
5276,1959,1959,50000,2025-09-23 14:41:11.872,CCA,,Second Installment - Imported from Excel,2025-09-23 14:41:11.873,4,3
6782,1959,1959,50000,2025-09-23 14:55:06.745,CCA,,Second Installment - Imported from Excel,2025-09-23 14:55:06.746,4,4
2265,1960,1960,100000,2025-09-23 12:44:46.333,CCA,,First Installment - Imported from Excel,2025-09-23 12:44:46.334,5,2
3771,1960,1960,100000,2025-09-23 13:31:15.909,CCA,,First Installment - Imported from Excel,2025-09-23 13:31:15.909,5,3
5277,1960,1960,100000,2025-09-23 14:41:11.881,CCA,,First Installment - Imported from Excel,2025-09-23 14:41:11.882,5,4
6783,1960,1960,100000,2025-09-23 14:55:06.753,CCA,,First Installment - Imported from Excel,2025-09-23 14:55:06.754,5,5
2266,1961,1961,100000,2025-09-23 12:44:46.341,CCA,,First Installment - Imported from Excel,2025-09-23 12:44:46.342,5,2
3772,1961,1961,100000,2025-09-23 13:31:15.914,CCA,,First Installment - Imported from Excel,2025-09-23 13:31:15.914,5,3
5278,1961,1961,100000,2025-09-23 14:41:11.89,CCA,,First Installment - Imported from Excel,2025-09-23 14:41:11.891,5,4
6784,1961,1961,100000,2025-09-23 14:55:06.761,CCA,,First Installment - Imported from Excel,2025-09-23 14:55:06.762,5,5
2267,1962,1962,20000,2025-09-23 12:44:46.347,CCA,,First Installment - Imported from Excel,2025-09-23 12:44:46.348,5,2
3773,1962,1962,20000,2025-09-23 13:31:15.919,CCA,,First Installment - Imported from Excel,2025-09-23 13:31:15.92,5,3
5279,1962,1962,20000,2025-09-23 14:41:12.082,CCA,,First Installment - Imported from Excel,2025-09-23 14:41:12.083,5,4
6785,1962,1962,20000,2025-09-23 14:55:06.961,CCA,,First Installment - Imported from Excel,2025-09-23 14:55:06.962,5,5
2268,1963,1963,100000,2025-09-23 12:44:46.353,CCA,,First Installment - Imported from Excel,2025-09-23 12:44:46.353,5,2
3774,1963,1963,100000,2025-09-23 13:31:15.925,CCA,,First Installment - Imported from Excel,2025-09-23 13:31:15.926,5,3
5280,1963,1963,100000,2025-09-23 14:41:12.091,CCA,,First Installment - Imported from Excel,2025-09-23 14:41:12.092,5,4
6786,1963,1963,100000,2025-09-23 14:55:06.973,CCA,,First Installment - Imported from Excel,2025-09-23 14:55:06.974,5,5
2269,1964,1964,150000,2025-09-23 12:44:46.359,CCA,,First Installment - Imported from Excel,2025-09-23 12:44:46.36,5,2
3775,1964,1964,150000,2025-09-23 13:31:15.931,CCA,,First Installment - Imported from Excel,2025-09-23 13:31:15.932,5,3
5281,1964,1964,150000,2025-09-23 14:41:12.098,CCA,,First Installment - Imported from Excel,2025-09-23 14:41:12.099,5,4
6787,1964,1964,150000,2025-09-23 14:55:06.983,CCA,,First Installment - Imported from Excel,2025-09-23 14:55:06.984,5,5
3776,1965,1965,100000,2025-09-23 13:31:15.937,CCA,,First Installment - Imported from Excel,2025-09-23 13:31:15.938,4,2
5282,1965,1965,100000,2025-09-23 14:41:12.263,CCA,,First Installment - Imported from Excel,2025-09-23 14:41:12.263,4,3
6788,1965,1965,100000,2025-09-23 14:55:07.173,CCA,,First Installment - Imported from Excel,2025-09-23 14:55:07.173,4,4
2271,1966,1966,100000,2025-09-23 12:44:46.371,CCA,,First Installment - Imported from Excel,2025-09-23 12:44:46.371,5,2
3777,1966,1966,100000,2025-09-23 13:31:15.943,CCA,,First Installment - Imported from Excel,2025-09-23 13:31:15.944,5,3
5283,1966,1966,100000,2025-09-23 14:41:12.424,CCA,,First Installment - Imported from Excel,2025-09-23 14:41:12.428,5,4
6789,1966,1966,100000,2025-09-23 14:55:07.34,CCA,,First Installment - Imported from Excel,2025-09-23 14:55:07.34,5,5
2272,1967,1967,25000,2025-09-23 12:44:46.376,CCA,,First Installment - Imported from Excel,2025-09-23 12:44:46.377,5,2
3778,1967,1967,25000,2025-09-23 13:31:15.949,CCA,,First Installment - Imported from Excel,2025-09-23 13:31:15.95,5,3
5284,1967,1967,25000,2025-09-23 14:41:12.745,CCA,,First Installment - Imported from Excel,2025-09-23 14:41:12.746,5,4
6790,1967,1967,25000,2025-09-23 14:55:07.529,CCA,,First Installment - Imported from Excel,2025-09-23 14:55:07.53,5,5
2273,1970,1970,15000,2025-09-23 12:44:46.381,CCA,,First Installment - Imported from Excel,2025-09-23 12:44:46.382,5,2
3779,1970,1970,15000,2025-09-23 13:31:15.953,CCA,,First Installment - Imported from Excel,2025-09-23 13:31:15.954,5,3
5285,1970,1970,15000,2025-09-23 14:41:12.751,CCA,,First Installment - Imported from Excel,2025-09-23 14:41:12.751,5,4
6791,1970,1970,15000,2025-09-23 14:55:07.536,CCA,,First Installment - Imported from Excel,2025-09-23 14:55:07.536,5,5
2274,1971,1971,50000,2025-09-23 12:44:46.386,CCA,,First Installment - Imported from Excel,2025-09-23 12:44:46.387,5,2
3780,1971,1971,50000,2025-09-23 13:31:15.959,CCA,,First Installment - Imported from Excel,2025-09-23 13:31:15.959,5,3
5286,1971,1971,50000,2025-09-23 14:41:12.756,CCA,,First Installment - Imported from Excel,2025-09-23 14:41:12.757,5,4
6792,1971,1971,50000,2025-09-23 14:55:07.543,CCA,,First Installment - Imported from Excel,2025-09-23 14:55:07.544,5,5
3782,1973,1973,45000,2025-09-23 13:31:15.965,CCA,,Second Installment - Imported from Excel,2025-09-23 13:31:15.966,4,2
5288,1973,1973,45000,2025-09-23 14:41:12.762,CCA,,Second Installment - Imported from Excel,2025-09-23 14:41:12.763,4,3
6794,1973,1973,45000,2025-09-23 14:55:07.551,CCA,,Second Installment - Imported from Excel,2025-09-23 14:55:07.551,4,4
3781,1973,1973,50000,2025-09-23 13:31:15.964,CCA,,First Installment - Imported from Excel,2025-09-23 13:31:15.965,4,2
5287,1973,1973,50000,2025-09-23 14:41:12.761,CCA,,First Installment - Imported from Excel,2025-09-23 14:41:12.762,4,3
6793,1973,1973,50000,2025-09-23 14:55:07.549,CCA,,First Installment - Imported from Excel,2025-09-23 14:55:07.55,4,4
3783,1974,1974,25000,2025-09-23 13:31:15.971,CCA,,First Installment - Imported from Excel,2025-09-23 13:31:15.972,4,2
5289,1974,1974,25000,2025-09-23 14:41:12.768,CCA,,First Installment - Imported from Excel,2025-09-23 14:41:12.768,4,3
6795,1974,1974,25000,2025-09-23 14:55:07.557,CCA,,First Installment - Imported from Excel,2025-09-23 14:55:07.558,4,4
3784,1974,1974,50000,2025-09-23 13:31:15.972,CCA,,Second Installment - Imported from Excel,2025-09-23 13:31:15.973,4,2
5290,1974,1974,50000,2025-09-23 14:41:12.769,CCA,,Second Installment - Imported from Excel,2025-09-23 14:41:12.769,4,3
6796,1974,1974,50000,2025-09-23 14:55:07.558,CCA,,Second Installment - Imported from Excel,2025-09-23 14:55:07.559,4,4
2279,1975,1975,15000,2025-09-23 12:44:46.411,CCA,,First Installment - Imported from Excel,2025-09-23 12:44:46.412,5,2
3785,1975,1975,15000,2025-09-23 13:31:15.979,CCA,,First Installment - Imported from Excel,2025-09-23 13:31:15.979,5,3
5291,1975,1975,15000,2025-09-23 14:41:12.775,CCA,,First Installment - Imported from Excel,2025-09-23 14:41:12.775,5,4
6797,1975,1975,15000,2025-09-23 14:55:07.568,CCA,,First Installment - Imported from Excel,2025-09-23 14:55:07.569,5,5
2280,1976,1976,75000,2025-09-23 12:44:46.42,CCA,,First Installment - Imported from Excel,2025-09-23 12:44:46.42,5,2
3786,1976,1976,75000,2025-09-23 13:31:15.985,CCA,,First Installment - Imported from Excel,2025-09-23 13:31:15.986,5,3
5292,1976,1976,75000,2025-09-23 14:41:12.78,CCA,,First Installment - Imported from Excel,2025-09-23 14:41:12.781,5,4
6798,1976,1976,75000,2025-09-23 14:55:07.579,CCA,,First Installment - Imported from Excel,2025-09-23 14:55:07.579,5,5
2281,1978,1978,100000,2025-09-23 12:44:46.426,CCA,,First Installment - Imported from Excel,2025-09-23 12:44:46.426,5,2
3787,1978,1978,100000,2025-09-23 13:31:15.994,CCA,,First Installment - Imported from Excel,2025-09-23 13:31:15.994,5,3
5293,1978,1978,100000,2025-09-23 14:41:12.786,CCA,,First Installment - Imported from Excel,2025-09-23 14:41:12.787,5,4
6799,1978,1978,100000,2025-09-23 14:55:07.587,CCA,,First Installment - Imported from Excel,2025-09-23 14:55:07.587,5,5
2282,1979,1979,175000,2025-09-23 12:44:46.433,CCA,,First Installment - Imported from Excel,2025-09-23 12:44:46.434,5,2
3788,1979,1979,175000,2025-09-23 13:31:16.004,CCA,,First Installment - Imported from Excel,2025-09-23 13:31:16.005,5,3
5294,1979,1979,175000,2025-09-23 14:41:12.792,CCA,,First Installment - Imported from Excel,2025-09-23 14:41:12.793,5,4
6800,1979,1979,175000,2025-09-23 14:55:07.593,CCA,,First Installment - Imported from Excel,2025-09-23 14:55:07.594,5,5
2283,1980,1980,65000,2025-09-23 12:44:46.44,CCA,,First Installment - Imported from Excel,2025-09-23 12:44:46.441,5,2
3789,1980,1980,65000,2025-09-23 13:31:16.018,CCA,,First Installment - Imported from Excel,2025-09-23 13:31:16.019,5,3
5295,1980,1980,65000,2025-09-23 14:41:12.95,CCA,,First Installment - Imported from Excel,2025-09-23 14:41:12.951,5,4
6801,1980,1980,65000,2025-09-23 14:55:07.78,CCA,,First Installment - Imported from Excel,2025-09-23 14:55:07.781,5,5
3791,1981,1981,5000,2025-09-23 13:31:16.026,CCA,,Second Installment - Imported from Excel,2025-09-23 13:31:16.026,4,2
5297,1981,1981,5000,2025-09-23 14:41:12.959,CCA,,Second Installment - Imported from Excel,2025-09-23 14:41:12.96,4,3
6803,1981,1981,5000,2025-09-23 14:55:07.788,CCA,,Second Installment - Imported from Excel,2025-09-23 14:55:07.789,4,4
3790,1981,1981,100000,2025-09-23 13:31:16.025,CCA,,First Installment - Imported from Excel,2025-09-23 13:31:16.025,4,2
5296,1981,1981,100000,2025-09-23 14:41:12.958,CCA,,First Installment - Imported from Excel,2025-09-23 14:41:12.959,4,3
6802,1981,1981,100000,2025-09-23 14:55:07.787,CCA,,First Installment - Imported from Excel,2025-09-23 14:55:07.787,4,4
2435,1983,1983,175000,2025-09-23 12:44:47.387,CCA,,First Installment - Imported from Excel,2025-09-23 12:44:47.387,5,2
3941,1983,1983,175000,2025-09-23 13:31:16.83,CCA,,First Installment - Imported from Excel,2025-09-23 13:31:16.83,5,3
5447,1983,1983,175000,2025-09-23 14:41:21.976,CCA,,First Installment - Imported from Excel,2025-09-23 14:41:21.977,5,4
6953,1983,1983,175000,2025-09-23 14:55:17.118,CCA,,First Installment - Imported from Excel,2025-09-23 14:55:17.118,5,5
2436,1984,1984,100000,2025-09-23 12:44:47.402,CCA,,First Installment - Imported from Excel,2025-09-23 12:44:47.402,5,2
3942,1984,1984,100000,2025-09-23 13:31:16.836,CCA,,First Installment - Imported from Excel,2025-09-23 13:31:16.837,5,3
5448,1984,1984,100000,2025-09-23 14:41:22.163,CCA,,First Installment - Imported from Excel,2025-09-23 14:41:22.164,5,4
6954,1984,1984,100000,2025-09-23 14:55:17.273,CCA,,First Installment - Imported from Excel,2025-09-23 14:55:17.274,5,5
2437,1986,1986,100000,2025-09-23 12:44:47.408,CCA,,First Installment - Imported from Excel,2025-09-23 12:44:47.409,5,2
3943,1986,1986,100000,2025-09-23 13:31:16.845,CCA,,First Installment - Imported from Excel,2025-09-23 13:31:16.846,5,3
5449,1986,1986,100000,2025-09-23 14:41:22.171,CCA,,First Installment - Imported from Excel,2025-09-23 14:41:22.172,5,4
6955,1986,1986,100000,2025-09-23 14:55:17.279,CCA,,First Installment - Imported from Excel,2025-09-23 14:55:17.279,5,5
2438,1987,1987,100000,2025-09-23 12:44:47.418,CCA,,First Installment - Imported from Excel,2025-09-23 12:44:47.418,5,2
3944,1987,1987,100000,2025-09-23 13:31:16.853,CCA,,First Installment - Imported from Excel,2025-09-23 13:31:16.854,5,3
5450,1987,1987,100000,2025-09-23 14:41:22.177,CCA,,First Installment - Imported from Excel,2025-09-23 14:41:22.178,5,4
6956,1987,1987,100000,2025-09-23 14:55:17.284,CCA,,First Installment - Imported from Excel,2025-09-23 14:55:17.285,5,5
2439,1989,1989,15000,2025-09-23 12:44:47.433,CCA,,First Installment - Imported from Excel,2025-09-23 12:44:47.433,5,2
3945,1989,1989,15000,2025-09-23 13:31:16.859,CCA,,First Installment - Imported from Excel,2025-09-23 13:31:16.859,5,3
5451,1989,1989,15000,2025-09-23 14:41:22.367,CCA,,First Installment - Imported from Excel,2025-09-23 14:41:22.368,5,4
6957,1989,1989,15000,2025-09-23 14:55:17.467,CCA,,First Installment - Imported from Excel,2025-09-23 14:55:17.468,5,5
2440,1990,1990,100000,2025-09-23 12:44:47.44,CCA,,First Installment - Imported from Excel,2025-09-23 12:44:47.441,5,2
3946,1990,1990,100000,2025-09-23 13:31:16.864,CCA,,First Installment - Imported from Excel,2025-09-23 13:31:16.864,5,3
5452,1990,1990,100000,2025-09-23 14:41:22.375,CCA,,First Installment - Imported from Excel,2025-09-23 14:41:22.376,5,4
6958,1990,1990,100000,2025-09-23 14:55:17.474,CCA,,First Installment - Imported from Excel,2025-09-23 14:55:17.475,5,5
2441,1992,1992,100000,2025-09-23 12:44:47.449,CCA,,First Installment - Imported from Excel,2025-09-23 12:44:47.45,5,2
3947,1992,1992,100000,2025-09-23 13:31:16.868,CCA,,First Installment - Imported from Excel,2025-09-23 13:31:16.869,5,3
5453,1992,1992,100000,2025-09-23 14:41:22.382,CCA,,First Installment - Imported from Excel,2025-09-23 14:41:22.383,5,4
6959,1992,1992,100000,2025-09-23 14:55:17.479,CCA,,First Installment - Imported from Excel,2025-09-23 14:55:17.48,5,5
2442,1995,1995,56000,2025-09-23 12:44:47.457,CCA,,First Installment - Imported from Excel,2025-09-23 12:44:47.458,5,2
3948,1995,1995,56000,2025-09-23 13:31:16.874,CCA,,First Installment - Imported from Excel,2025-09-23 13:31:16.875,5,3
5454,1995,1995,56000,2025-09-23 14:41:22.569,CCA,,First Installment - Imported from Excel,2025-09-23 14:41:22.57,5,4
6960,1995,1995,56000,2025-09-23 14:55:17.644,CCA,,First Installment - Imported from Excel,2025-09-23 14:55:17.645,5,5
3949,1996,1996,15000,2025-09-23 13:31:16.879,CCA,,First Installment - Imported from Excel,2025-09-23 13:31:16.88,4,2
5455,1996,1996,15000,2025-09-23 14:41:22.577,CCA,,First Installment - Imported from Excel,2025-09-23 14:41:22.578,4,3
6961,1996,1996,15000,2025-09-23 14:55:17.65,CCA,,First Installment - Imported from Excel,2025-09-23 14:55:17.651,4,4
3950,1996,1996,85000,2025-09-23 13:31:16.88,CCA,,Second Installment - Imported from Excel,2025-09-23 13:31:16.881,4,2
5456,1996,1996,85000,2025-09-23 14:41:22.579,CCA,,Second Installment - Imported from Excel,2025-09-23 14:41:22.579,4,3
6962,1996,1996,85000,2025-09-23 14:55:17.651,CCA,,Second Installment - Imported from Excel,2025-09-23 14:55:17.652,4,4
3951,1997,1997,30000,2025-09-23 13:31:16.885,CCA,,First Installment - Imported from Excel,2025-09-23 13:31:16.886,4,2
5457,1997,1997,30000,2025-09-23 14:41:22.585,CCA,,First Installment - Imported from Excel,2025-09-23 14:41:22.585,4,3
6963,1997,1997,30000,2025-09-23 14:55:17.657,CCA,,First Installment - Imported from Excel,2025-09-23 14:55:17.657,4,4
2446,1999,1999,25000,2025-09-23 12:44:47.481,CCA,,First Installment - Imported from Excel,2025-09-23 12:44:47.482,5,2
3952,1999,1999,25000,2025-09-23 13:31:16.89,CCA,,First Installment - Imported from Excel,2025-09-23 13:31:16.891,5,3
5458,1999,1999,25000,2025-09-23 14:41:22.59,CCA,,First Installment - Imported from Excel,2025-09-23 14:41:22.591,5,4
6964,1999,1999,25000,2025-09-23 14:55:17.662,CCA,,First Installment - Imported from Excel,2025-09-23 14:55:17.663,5,5
2447,2000,2000,50000,2025-09-23 12:44:47.494,CCA,,First Installment - Imported from Excel,2025-09-23 12:44:47.495,5,2
3953,2000,2000,50000,2025-09-23 13:31:16.896,CCA,,First Installment - Imported from Excel,2025-09-23 13:31:16.896,5,3
5459,2000,2000,50000,2025-09-23 14:41:22.597,CCA,,First Installment - Imported from Excel,2025-09-23 14:41:22.598,5,4
6965,2000,2000,50000,2025-09-23 14:55:17.67,CCA,,First Installment - Imported from Excel,2025-09-23 14:55:17.671,5,5
2448,2001,2001,15000,2025-09-23 12:44:47.503,CCA,,First Installment - Imported from Excel,2025-09-23 12:44:47.504,5,2
3954,2001,2001,15000,2025-09-23 13:31:16.903,CCA,,First Installment - Imported from Excel,2025-09-23 13:31:16.903,5,3
5460,2001,2001,15000,2025-09-23 14:41:22.603,CCA,,First Installment - Imported from Excel,2025-09-23 14:41:22.604,5,4
6966,2001,2001,15000,2025-09-23 14:55:17.675,CCA,,First Installment - Imported from Excel,2025-09-23 14:55:17.676,5,5
2449,2002,2002,100000,2025-09-23 12:44:47.512,CCA,,First Installment - Imported from Excel,2025-09-23 12:44:47.513,5,2
3955,2002,2002,100000,2025-09-23 13:31:16.908,CCA,,First Installment - Imported from Excel,2025-09-23 13:31:16.909,5,3
5461,2002,2002,100000,2025-09-23 14:41:22.609,CCA,,First Installment - Imported from Excel,2025-09-23 14:41:22.61,5,4
6967,2002,2002,100000,2025-09-23 14:55:17.681,CCA,,First Installment - Imported from Excel,2025-09-23 14:55:17.681,5,5
2450,2003,2003,100000,2025-09-23 12:44:47.52,CCA,,First Installment - Imported from Excel,2025-09-23 12:44:47.521,5,2
3956,2003,2003,100000,2025-09-23 13:31:16.914,CCA,,First Installment - Imported from Excel,2025-09-23 13:31:16.915,5,3
5462,2003,2003,100000,2025-09-23 14:41:22.616,CCA,,First Installment - Imported from Excel,2025-09-23 14:41:22.616,5,4
6968,2003,2003,100000,2025-09-23 14:55:17.687,CCA,,First Installment - Imported from Excel,2025-09-23 14:55:17.688,5,5
2451,2004,2004,120000,2025-09-23 12:44:47.532,CCA,,First Installment - Imported from Excel,2025-09-23 12:44:47.534,5,2
3957,2004,2004,120000,2025-09-23 13:31:16.919,CCA,,First Installment - Imported from Excel,2025-09-23 13:31:16.92,5,3
5463,2004,2004,120000,2025-09-23 14:41:22.621,CCA,,First Installment - Imported from Excel,2025-09-23 14:41:22.622,5,4
6969,2004,2004,120000,2025-09-23 14:55:17.693,CCA,,First Installment - Imported from Excel,2025-09-23 14:55:17.694,5,5
2452,2005,2005,120000,2025-09-23 12:44:47.541,CCA,,First Installment - Imported from Excel,2025-09-23 12:44:47.542,5,2
3958,2005,2005,120000,2025-09-23 13:31:16.924,CCA,,First Installment - Imported from Excel,2025-09-23 13:31:16.925,5,3
5464,2005,2005,120000,2025-09-23 14:41:22.627,CCA,,First Installment - Imported from Excel,2025-09-23 14:41:22.627,5,4
6970,2005,2005,120000,2025-09-23 14:55:17.699,CCA,,First Installment - Imported from Excel,2025-09-23 14:55:17.699,5,5
2453,2007,2007,100000,2025-09-23 12:44:47.549,CCA,,First Installment - Imported from Excel,2025-09-23 12:44:47.55,5,2
3959,2007,2007,100000,2025-09-23 13:31:16.929,CCA,,First Installment - Imported from Excel,2025-09-23 13:31:16.93,5,3
5465,2007,2007,100000,2025-09-23 14:41:22.632,CCA,,First Installment - Imported from Excel,2025-09-23 14:41:22.633,5,4
6971,2007,2007,100000,2025-09-23 14:55:17.704,CCA,,First Installment - Imported from Excel,2025-09-23 14:55:17.704,5,5
2454,2009,2009,15000,2025-09-23 12:44:47.557,CCA,,First Installment - Imported from Excel,2025-09-23 12:44:47.558,5,2
3960,2009,2009,15000,2025-09-23 13:31:16.934,CCA,,First Installment - Imported from Excel,2025-09-23 13:31:16.935,5,3
5466,2009,2009,15000,2025-09-23 14:41:22.788,CCA,,First Installment - Imported from Excel,2025-09-23 14:41:22.789,5,4
6972,2009,2009,15000,2025-09-23 14:55:17.876,CCA,,First Installment - Imported from Excel,2025-09-23 14:55:17.876,5,5
2455,2010,2010,100000,2025-09-23 12:44:47.565,CCA,,First Installment - Imported from Excel,2025-09-23 12:44:47.566,5,2
3961,2010,2010,100000,2025-09-23 13:31:16.94,CCA,,First Installment - Imported from Excel,2025-09-23 13:31:16.94,5,3
5467,2010,2010,100000,2025-09-23 14:41:22.954,CCA,,First Installment - Imported from Excel,2025-09-23 14:41:22.955,5,4
6973,2010,2010,100000,2025-09-23 14:55:18.037,CCA,,First Installment - Imported from Excel,2025-09-23 14:55:18.038,5,5
2456,2011,2011,100000,2025-09-23 12:44:47.574,CCA,,First Installment - Imported from Excel,2025-09-23 12:44:47.574,5,2
3962,2011,2011,100000,2025-09-23 13:31:16.945,CCA,,First Installment - Imported from Excel,2025-09-23 13:31:16.946,5,3
5468,2011,2011,100000,2025-09-23 14:41:23.123,CCA,,First Installment - Imported from Excel,2025-09-23 14:41:23.124,5,4
6974,2011,2011,100000,2025-09-23 14:55:18.194,CCA,,First Installment - Imported from Excel,2025-09-23 14:55:18.194,5,5
2457,2012,2012,85000,2025-09-23 12:44:47.583,CCA,,First Installment - Imported from Excel,2025-09-23 12:44:47.584,5,2
3963,2012,2012,85000,2025-09-23 13:31:16.95,CCA,,First Installment - Imported from Excel,2025-09-23 13:31:16.951,5,3
5469,2012,2012,85000,2025-09-23 14:41:23.131,CCA,,First Installment - Imported from Excel,2025-09-23 14:41:23.131,5,4
6975,2012,2012,85000,2025-09-23 14:55:18.2,CCA,,First Installment - Imported from Excel,2025-09-23 14:55:18.201,5,5
2458,2013,2013,70000,2025-09-23 12:44:47.591,CCA,,First Installment - Imported from Excel,2025-09-23 12:44:47.591,5,2
3964,2013,2013,70000,2025-09-23 13:31:16.957,CCA,,First Installment - Imported from Excel,2025-09-23 13:31:16.958,5,3
5470,2013,2013,70000,2025-09-23 14:41:23.294,CCA,,First Installment - Imported from Excel,2025-09-23 14:41:23.295,5,4
6976,2013,2013,70000,2025-09-23 14:55:18.402,CCA,,First Installment - Imported from Excel,2025-09-23 14:55:18.403,5,5
2459,2016,2016,50000,2025-09-23 12:44:47.597,CCA,,First Installment - Imported from Excel,2025-09-23 12:44:47.598,5,2
3965,2016,2016,50000,2025-09-23 13:31:16.965,CCA,,First Installment - Imported from Excel,2025-09-23 13:31:16.965,5,3
5471,2016,2016,50000,2025-09-23 14:41:23.302,CCA,,First Installment - Imported from Excel,2025-09-23 14:41:23.303,5,4
6977,2016,2016,50000,2025-09-23 14:55:18.412,CCA,,First Installment - Imported from Excel,2025-09-23 14:55:18.413,5,5
2460,2019,2019,100000,2025-09-23 12:44:47.604,CCA,,First Installment - Imported from Excel,2025-09-23 12:44:47.604,5,2
3966,2019,2019,100000,2025-09-23 13:31:16.972,CCA,,First Installment - Imported from Excel,2025-09-23 13:31:16.973,5,3
5472,2019,2019,100000,2025-09-23 14:41:23.311,CCA,,First Installment - Imported from Excel,2025-09-23 14:41:23.312,5,4
6978,2019,2019,100000,2025-09-23 14:55:18.427,CCA,,First Installment - Imported from Excel,2025-09-23 14:55:18.428,5,5
2461,2020,2020,50000,2025-09-23 12:44:47.612,CCA,,First Installment - Imported from Excel,2025-09-23 12:44:47.612,5,2
3967,2020,2020,50000,2025-09-23 13:31:16.979,CCA,,First Installment - Imported from Excel,2025-09-23 13:31:16.979,5,3
5473,2020,2020,50000,2025-09-23 14:41:23.319,CCA,,First Installment - Imported from Excel,2025-09-23 14:41:23.319,5,4
6979,2020,2020,50000,2025-09-23 14:55:18.436,CCA,,First Installment - Imported from Excel,2025-09-23 14:55:18.436,5,5
2462,2021,2021,100000,2025-09-23 12:44:47.619,CCA,,First Installment - Imported from Excel,2025-09-23 12:44:47.62,5,2
3968,2021,2021,100000,2025-09-23 13:31:16.985,CCA,,First Installment - Imported from Excel,2025-09-23 13:31:16.985,5,3
5474,2021,2021,100000,2025-09-23 14:41:23.326,CCA,,First Installment - Imported from Excel,2025-09-23 14:41:23.327,5,4
6980,2021,2021,100000,2025-09-23 14:55:18.446,CCA,,First Installment - Imported from Excel,2025-09-23 14:55:18.447,5,5
2463,2022,2022,100000,2025-09-23 12:44:47.626,CCA,,First Installment - Imported from Excel,2025-09-23 12:44:47.627,5,2
3969,2022,2022,100000,2025-09-23 13:31:16.991,CCA,,First Installment - Imported from Excel,2025-09-23 13:31:16.992,5,3
5475,2022,2022,100000,2025-09-23 14:41:23.334,CCA,,First Installment - Imported from Excel,2025-09-23 14:41:23.335,5,4
6981,2022,2022,100000,2025-09-23 14:55:18.453,CCA,,First Installment - Imported from Excel,2025-09-23 14:55:18.454,5,5
2464,2025,2025,50000,2025-09-23 12:44:47.633,CCA,,First Installment - Imported from Excel,2025-09-23 12:44:47.634,5,2
3970,2025,2025,50000,2025-09-23 13:31:16.998,CCA,,First Installment - Imported from Excel,2025-09-23 13:31:16.998,5,3
5476,2025,2025,50000,2025-09-23 14:41:23.34,CCA,,First Installment - Imported from Excel,2025-09-23 14:41:23.341,5,4
6982,2025,2025,50000,2025-09-23 14:55:18.459,CCA,,First Installment - Imported from Excel,2025-09-23 14:55:18.46,5,5
2465,2026,2026,100000,2025-09-23 12:44:47.642,CCA,,First Installment - Imported from Excel,2025-09-23 12:44:47.643,5,2
3971,2026,2026,100000,2025-09-23 13:31:17.006,CCA,,First Installment - Imported from Excel,2025-09-23 13:31:17.006,5,3
5477,2026,2026,100000,2025-09-23 14:41:23.346,CCA,,First Installment - Imported from Excel,2025-09-23 14:41:23.347,5,4
6983,2026,2026,100000,2025-09-23 14:55:18.472,CCA,,First Installment - Imported from Excel,2025-09-23 14:55:18.473,5,5
2466,2028,2028,25000,2025-09-23 12:44:47.651,CCA,,First Installment - Imported from Excel,2025-09-23 12:44:47.652,5,2
3972,2028,2028,25000,2025-09-23 13:31:17.012,CCA,,First Installment - Imported from Excel,2025-09-23 13:31:17.013,5,3
5478,2028,2028,25000,2025-09-23 14:41:23.351,CCA,,First Installment - Imported from Excel,2025-09-23 14:41:23.352,5,4
6984,2028,2028,25000,2025-09-23 14:55:18.483,CCA,,First Installment - Imported from Excel,2025-09-23 14:55:18.484,5,5
2467,2030,2030,100000,2025-09-23 12:44:47.658,CCA,,First Installment - Imported from Excel,2025-09-23 12:44:47.659,5,2
3973,2030,2030,100000,2025-09-23 13:31:17.018,CCA,,First Installment - Imported from Excel,2025-09-23 13:31:17.019,5,3
5479,2030,2030,100000,2025-09-23 14:41:23.501,CCA,,First Installment - Imported from Excel,2025-09-23 14:41:23.502,5,4
6985,2030,2030,100000,2025-09-23 14:55:18.667,CCA,,First Installment - Imported from Excel,2025-09-23 14:55:18.667,5,5
2468,2032,2032,50000,2025-09-23 12:44:47.663,CCA,,First Installment - Imported from Excel,2025-09-23 12:44:47.664,5,2
3974,2032,2032,50000,2025-09-23 13:31:17.024,CCA,,First Installment - Imported from Excel,2025-09-23 13:31:17.025,5,3
5480,2032,2032,50000,2025-09-23 14:41:23.508,CCA,,First Installment - Imported from Excel,2025-09-23 14:41:23.509,5,4
6986,2032,2032,50000,2025-09-23 14:55:18.674,CCA,,First Installment - Imported from Excel,2025-09-23 14:55:18.674,5,5
3975,2033,2033,35000,2025-09-23 13:31:17.03,CCA,,First Installment - Imported from Excel,2025-09-23 13:31:17.031,4,2
5481,2033,2033,35000,2025-09-23 14:41:23.515,CCA,,First Installment - Imported from Excel,2025-09-23 14:41:23.516,4,3
6987,2033,2033,35000,2025-09-23 14:55:18.681,CCA,,First Installment - Imported from Excel,2025-09-23 14:55:18.682,4,4
3976,2033,2033,135000,2025-09-23 13:31:17.032,CCA,,Second Installment - Imported from Excel,2025-09-23 13:31:17.033,4,2
5482,2033,2033,135000,2025-09-23 14:41:23.517,CCA,,Second Installment - Imported from Excel,2025-09-23 14:41:23.517,4,3
6988,2033,2033,135000,2025-09-23 14:55:18.684,CCA,,Second Installment - Imported from Excel,2025-09-23 14:55:18.685,4,4
3977,2033,2033,170000,2025-09-23 13:31:17.034,CCA,,Third Installment - Imported from Excel,2025-09-23 13:31:17.034,4,2
5483,2033,2033,170000,2025-09-23 14:41:23.518,CCA,,Third Installment - Imported from Excel,2025-09-23 14:41:23.518,4,3
6989,2033,2033,170000,2025-09-23 14:55:18.686,CCA,,Third Installment - Imported from Excel,2025-09-23 14:55:18.687,4,4
3978,2034,2034,50000,2025-09-23 13:31:17.04,CCA,,First Installment - Imported from Excel,2025-09-23 13:31:17.041,4,2
5484,2034,2034,50000,2025-09-23 14:41:23.523,CCA,,First Installment - Imported from Excel,2025-09-23 14:41:23.524,4,3
6990,2034,2034,50000,2025-09-23 14:55:18.693,CCA,,First Installment - Imported from Excel,2025-09-23 14:55:18.694,4,4
3979,2034,2034,120000,2025-09-23 13:31:17.041,CCA,,Second Installment - Imported from Excel,2025-09-23 13:31:17.042,4,2
5485,2034,2034,120000,2025-09-23 14:41:23.524,CCA,,Second Installment - Imported from Excel,2025-09-23 14:41:23.525,4,3
6991,2034,2034,120000,2025-09-23 14:55:18.695,CCA,,Second Installment - Imported from Excel,2025-09-23 14:55:18.695,4,4
3980,2034,2034,170000,2025-09-23 13:31:17.042,CCA,,Third Installment - Imported from Excel,2025-09-23 13:31:17.043,4,2
5486,2034,2034,170000,2025-09-23 14:41:23.525,CCA,,Third Installment - Imported from Excel,2025-09-23 14:41:23.526,4,3
6992,2034,2034,170000,2025-09-23 14:55:18.696,CCA,,Third Installment - Imported from Excel,2025-09-23 14:55:18.696,4,4
3981,2036,2036,175000,2025-09-23 13:31:17.048,CCA,,First Installment - Imported from Excel,2025-09-23 13:31:17.049,4,2
5487,2036,2036,175000,2025-09-23 14:41:23.686,CCA,,First Installment - Imported from Excel,2025-09-23 14:41:23.687,4,3
6993,2036,2036,175000,2025-09-23 14:55:18.862,CCA,,First Installment - Imported from Excel,2025-09-23 14:55:18.862,4,4
2496,2037,2037,50000,2025-09-23 12:44:47.948,CCA,,First Installment - Imported from Excel,2025-09-23 12:44:47.949,5,2
4002,2037,2037,50000,2025-09-23 13:31:17.158,CCA,,First Installment - Imported from Excel,2025-09-23 13:31:17.158,5,3
5508,2037,2037,50000,2025-09-23 14:41:23.98,CCA,,First Installment - Imported from Excel,2025-09-23 14:41:23.98,5,4
7014,2037,2037,50000,2025-09-23 14:55:19.164,CCA,,First Installment - Imported from Excel,2025-09-23 14:55:19.165,5,5
2497,2038,2038,55000,2025-09-23 12:44:47.953,CCA,,First Installment - Imported from Excel,2025-09-23 12:44:47.953,5,2
4003,2038,2038,55000,2025-09-23 13:31:17.164,CCA,,First Installment - Imported from Excel,2025-09-23 13:31:17.164,5,3
5509,2038,2038,55000,2025-09-23 14:41:23.987,CCA,,First Installment - Imported from Excel,2025-09-23 14:41:23.987,5,4
7015,2038,2038,55000,2025-09-23 14:55:19.17,CCA,,First Installment - Imported from Excel,2025-09-23 14:55:19.171,5,5
2498,2040,2040,100000,2025-09-23 12:44:47.958,CCA,,First Installment - Imported from Excel,2025-09-23 12:44:47.959,5,2
4004,2040,2040,100000,2025-09-23 13:31:17.169,CCA,,First Installment - Imported from Excel,2025-09-23 13:31:17.17,5,3
5510,2040,2040,100000,2025-09-23 14:41:24.158,CCA,,First Installment - Imported from Excel,2025-09-23 14:41:24.158,5,4
7016,2040,2040,100000,2025-09-23 14:55:19.336,CCA,,First Installment - Imported from Excel,2025-09-23 14:55:19.336,5,5
4005,2041,2041,15000,2025-09-23 13:31:17.174,CCA,,First Installment - Imported from Excel,2025-09-23 13:31:17.175,4,2
5511,2041,2041,15000,2025-09-23 14:41:24.164,CCA,,First Installment - Imported from Excel,2025-09-23 14:41:24.165,4,3
7017,2041,2041,15000,2025-09-23 14:55:19.343,CCA,,First Installment - Imported from Excel,2025-09-23 14:55:19.343,4,4
4006,2041,2041,80000,2025-09-23 13:31:17.175,CCA,,Second Installment - Imported from Excel,2025-09-23 13:31:17.176,4,2
5512,2041,2041,80000,2025-09-23 14:41:24.165,CCA,,Second Installment - Imported from Excel,2025-09-23 14:41:24.166,4,3
7018,2041,2041,80000,2025-09-23 14:55:19.344,CCA,,Second Installment - Imported from Excel,2025-09-23 14:55:19.345,4,4
2501,2043,2043,100000,2025-09-23 12:44:47.972,CCA,,First Installment - Imported from Excel,2025-09-23 12:44:47.973,5,2
4007,2043,2043,100000,2025-09-23 13:31:17.182,CCA,,First Installment - Imported from Excel,2025-09-23 13:31:17.183,5,3
5513,2043,2043,100000,2025-09-23 14:41:24.171,CCA,,First Installment - Imported from Excel,2025-09-23 14:41:24.171,5,4
7019,2043,2043,100000,2025-09-23 14:55:19.349,CCA,,First Installment - Imported from Excel,2025-09-23 14:55:19.349,5,5
2502,2044,2044,20000,2025-09-23 12:44:47.978,CCA,,First Installment - Imported from Excel,2025-09-23 12:44:47.979,5,2
4008,2044,2044,20000,2025-09-23 13:31:17.188,CCA,,First Installment - Imported from Excel,2025-09-23 13:31:17.189,5,3
5514,2044,2044,20000,2025-09-23 14:41:24.339,CCA,,First Installment - Imported from Excel,2025-09-23 14:41:24.339,5,4
7020,2044,2044,20000,2025-09-23 14:55:19.535,CCA,,First Installment - Imported from Excel,2025-09-23 14:55:19.536,5,5
2503,2045,2045,175000,2025-09-23 12:44:47.984,CCA,,First Installment - Imported from Excel,2025-09-23 12:44:47.985,5,2
4009,2045,2045,175000,2025-09-23 13:31:17.194,CCA,,First Installment - Imported from Excel,2025-09-23 13:31:17.195,5,3
5515,2045,2045,175000,2025-09-23 14:41:24.347,CCA,,First Installment - Imported from Excel,2025-09-23 14:41:24.348,5,4
7021,2045,2045,175000,2025-09-23 14:55:19.542,CCA,,First Installment - Imported from Excel,2025-09-23 14:55:19.543,5,5
2504,2047,2047,100000,2025-09-23 12:44:47.99,CCA,,First Installment - Imported from Excel,2025-09-23 12:44:47.991,5,2
4010,2047,2047,100000,2025-09-23 13:31:17.202,CCA,,First Installment - Imported from Excel,2025-09-23 13:31:17.203,5,3
5516,2047,2047,100000,2025-09-23 14:41:24.352,CCA,,First Installment - Imported from Excel,2025-09-23 14:41:24.353,5,4
7022,2047,2047,100000,2025-09-23 14:55:19.55,CCA,,First Installment - Imported from Excel,2025-09-23 14:55:19.551,5,5
2505,2048,2048,100000,2025-09-23 12:44:47.997,CCA,,First Installment - Imported from Excel,2025-09-23 12:44:47.998,5,2
4011,2048,2048,100000,2025-09-23 13:31:17.209,CCA,,First Installment - Imported from Excel,2025-09-23 13:31:17.21,5,3
5517,2048,2048,100000,2025-09-23 14:41:24.522,CCA,,First Installment - Imported from Excel,2025-09-23 14:41:24.523,5,4
7023,2048,2048,100000,2025-09-23 14:55:19.764,CCA,,First Installment - Imported from Excel,2025-09-23 14:55:19.765,5,5
2506,2052,2052,15000,2025-09-23 12:44:48.007,CCA,,First Installment - Imported from Excel,2025-09-23 12:44:48.008,5,2
4012,2052,2052,15000,2025-09-23 13:31:17.216,CCA,,First Installment - Imported from Excel,2025-09-23 13:31:17.217,5,3
5518,2052,2052,15000,2025-09-23 14:41:24.69,CCA,,First Installment - Imported from Excel,2025-09-23 14:41:24.691,5,4
7024,2052,2052,15000,2025-09-23 14:55:19.935,CCA,,First Installment - Imported from Excel,2025-09-23 14:55:19.936,5,5
2507,2054,2054,15000,2025-09-23 12:44:48.015,CCA,,First Installment - Imported from Excel,2025-09-23 12:44:48.016,5,2
4013,2054,2054,15000,2025-09-23 13:31:17.224,CCA,,First Installment - Imported from Excel,2025-09-23 13:31:17.225,5,3
5519,2054,2054,15000,2025-09-23 14:41:24.698,CCA,,First Installment - Imported from Excel,2025-09-23 14:41:24.699,5,4
7025,2054,2054,15000,2025-09-23 14:55:19.944,CCA,,First Installment - Imported from Excel,2025-09-23 14:55:19.945,5,5
2508,2055,2055,100000,2025-09-23 12:44:48.023,CCA,,First Installment - Imported from Excel,2025-09-23 12:44:48.024,5,2
4014,2055,2055,100000,2025-09-23 13:31:17.231,CCA,,First Installment - Imported from Excel,2025-09-23 13:31:17.231,5,3
5520,2055,2055,100000,2025-09-23 14:41:24.704,CCA,,First Installment - Imported from Excel,2025-09-23 14:41:24.705,5,4
7026,2055,2055,100000,2025-09-23 14:55:19.955,CCA,,First Installment - Imported from Excel,2025-09-23 14:55:19.956,5,5
2509,2058,2058,15000,2025-09-23 12:44:48.029,CCA,,First Installment - Imported from Excel,2025-09-23 12:44:48.03,5,2
4015,2058,2058,15000,2025-09-23 13:31:17.237,CCA,,First Installment - Imported from Excel,2025-09-23 13:31:17.237,5,3
5521,2058,2058,15000,2025-09-23 14:41:24.71,CCA,,First Installment - Imported from Excel,2025-09-23 14:41:24.711,5,4
7027,2058,2058,15000,2025-09-23 14:55:19.964,CCA,,First Installment - Imported from Excel,2025-09-23 14:55:19.965,5,5
2510,2059,2059,50000,2025-09-23 12:44:48.035,CCA,,First Installment - Imported from Excel,2025-09-23 12:44:48.036,5,2
4016,2059,2059,50000,2025-09-23 13:31:17.243,CCA,,First Installment - Imported from Excel,2025-09-23 13:31:17.244,5,3
5522,2059,2059,50000,2025-09-23 14:41:24.717,CCA,,First Installment - Imported from Excel,2025-09-23 14:41:24.718,5,4
7028,2059,2059,50000,2025-09-23 14:55:19.972,CCA,,First Installment - Imported from Excel,2025-09-23 14:55:19.972,5,5
4017,2060,2060,15000,2025-09-23 13:31:17.249,CCA,,First Installment - Imported from Excel,2025-09-23 13:31:17.25,4,2
5523,2060,2060,15000,2025-09-23 14:41:24.723,CCA,,First Installment - Imported from Excel,2025-09-23 14:41:24.724,4,3
7029,2060,2060,15000,2025-09-23 14:55:19.978,CCA,,First Installment - Imported from Excel,2025-09-23 14:55:19.979,4,4
4018,2060,2060,100000,2025-09-23 13:31:17.251,CCA,,Second Installment - Imported from Excel,2025-09-23 13:31:17.251,4,2
5524,2060,2060,100000,2025-09-23 14:41:24.724,CCA,,Second Installment - Imported from Excel,2025-09-23 14:41:24.725,4,3
7030,2060,2060,100000,2025-09-23 14:55:19.98,CCA,,Second Installment - Imported from Excel,2025-09-23 14:55:19.98,4,4
4019,2061,2061,15000,2025-09-23 13:31:17.256,CCA,,First Installment - Imported from Excel,2025-09-23 13:31:17.257,4,2
5525,2061,2061,15000,2025-09-23 14:41:24.73,CCA,,First Installment - Imported from Excel,2025-09-23 14:41:24.731,4,3
7031,2061,2061,15000,2025-09-23 14:55:19.986,CCA,,First Installment - Imported from Excel,2025-09-23 14:55:19.987,4,4
4020,2061,2061,100000,2025-09-23 13:31:17.257,CCA,,Second Installment - Imported from Excel,2025-09-23 13:31:17.258,4,2
5526,2061,2061,100000,2025-09-23 14:41:24.731,CCA,,Second Installment - Imported from Excel,2025-09-23 14:41:24.732,4,3
7032,2061,2061,100000,2025-09-23 14:55:19.987,CCA,,Second Installment - Imported from Excel,2025-09-23 14:55:19.988,4,4
4021,2062,2062,15000,2025-09-23 13:31:17.265,CCA,,First Installment - Imported from Excel,2025-09-23 13:31:17.266,4,2
5527,2062,2062,15000,2025-09-23 14:41:24.915,CCA,,First Installment - Imported from Excel,2025-09-23 14:41:24.916,4,3
7033,2062,2062,15000,2025-09-23 14:55:20.157,CCA,,First Installment - Imported from Excel,2025-09-23 14:55:20.158,4,4
4022,2062,2062,50000,2025-09-23 13:31:17.267,CCA,,Second Installment - Imported from Excel,2025-09-23 13:31:17.267,4,2
5528,2062,2062,50000,2025-09-23 14:41:24.917,CCA,,Second Installment - Imported from Excel,2025-09-23 14:41:24.917,4,3
7034,2062,2062,50000,2025-09-23 14:55:20.159,CCA,,Second Installment - Imported from Excel,2025-09-23 14:55:20.16,4,4
4023,2063,2063,15000,2025-09-23 13:31:17.273,CCA,,First Installment - Imported from Excel,2025-09-23 13:31:17.274,4,2
5529,2063,2063,15000,2025-09-23 14:41:24.923,CCA,,First Installment - Imported from Excel,2025-09-23 14:41:24.924,4,3
7035,2063,2063,15000,2025-09-23 14:55:20.166,CCA,,First Installment - Imported from Excel,2025-09-23 14:55:20.166,4,4
4024,2063,2063,85000,2025-09-23 13:31:17.275,CCA,,Second Installment - Imported from Excel,2025-09-23 13:31:17.276,4,2
5530,2063,2063,85000,2025-09-23 14:41:24.924,CCA,,Second Installment - Imported from Excel,2025-09-23 14:41:24.925,4,3
7036,2063,2063,85000,2025-09-23 14:55:20.167,CCA,,Second Installment - Imported from Excel,2025-09-23 14:55:20.168,4,4
4026,2064,2064,30000,2025-09-23 13:31:17.282,CCA,,Second Installment - Imported from Excel,2025-09-23 13:31:17.283,4,2
5532,2064,2064,30000,2025-09-23 14:41:24.931,CCA,,Second Installment - Imported from Excel,2025-09-23 14:41:24.931,4,3
7038,2064,2064,30000,2025-09-23 14:55:20.174,CCA,,Second Installment - Imported from Excel,2025-09-23 14:55:20.175,4,4
4025,2064,2064,70000,2025-09-23 13:31:17.281,CCA,,First Installment - Imported from Excel,2025-09-23 13:31:17.282,4,2
5531,2064,2064,70000,2025-09-23 14:41:24.929,CCA,,First Installment - Imported from Excel,2025-09-23 14:41:24.93,4,3
7037,2064,2064,70000,2025-09-23 14:55:20.173,CCA,,First Installment - Imported from Excel,2025-09-23 14:55:20.174,4,4
2521,2065,2065,100000,2025-09-23 12:44:48.077,CCA,,First Installment - Imported from Excel,2025-09-23 12:44:48.078,5,2
4027,2065,2065,100000,2025-09-23 13:31:17.287,CCA,,First Installment - Imported from Excel,2025-09-23 13:31:17.288,5,3
5533,2065,2065,100000,2025-09-23 14:41:25.09,CCA,,First Installment - Imported from Excel,2025-09-23 14:41:25.091,5,4
7039,2065,2065,100000,2025-09-23 14:55:20.332,CCA,,First Installment - Imported from Excel,2025-09-23 14:55:20.332,5,5
2522,2066,2066,50000,2025-09-23 12:44:48.083,CCA,,First Installment - Imported from Excel,2025-09-23 12:44:48.083,5,2
4028,2066,2066,50000,2025-09-23 13:31:17.293,CCA,,First Installment - Imported from Excel,2025-09-23 13:31:17.293,5,3
5534,2066,2066,50000,2025-09-23 14:41:25.098,CCA,,First Installment - Imported from Excel,2025-09-23 14:41:25.099,5,4
7040,2066,2066,50000,2025-09-23 14:55:20.337,CCA,,First Installment - Imported from Excel,2025-09-23 14:55:20.338,5,5
2523,2067,2067,75000,2025-09-23 12:44:48.09,CCA,,First Installment - Imported from Excel,2025-09-23 12:44:48.091,5,2
4029,2067,2067,75000,2025-09-23 13:31:17.299,CCA,,First Installment - Imported from Excel,2025-09-23 13:31:17.299,5,3
5535,2067,2067,75000,2025-09-23 14:41:25.104,CCA,,First Installment - Imported from Excel,2025-09-23 14:41:25.105,5,4
7041,2067,2067,75000,2025-09-23 14:55:20.342,CCA,,First Installment - Imported from Excel,2025-09-23 14:55:20.343,5,5
2524,2070,2070,100000,2025-09-23 12:44:48.098,CCA,,First Installment - Imported from Excel,2025-09-23 12:44:48.098,5,2
4030,2070,2070,100000,2025-09-23 13:31:17.307,CCA,,First Installment - Imported from Excel,2025-09-23 13:31:17.307,5,3
5536,2070,2070,100000,2025-09-23 14:41:25.268,CCA,,First Installment - Imported from Excel,2025-09-23 14:41:25.269,5,4
7042,2070,2070,100000,2025-09-23 14:55:20.498,CCA,,First Installment - Imported from Excel,2025-09-23 14:55:20.499,5,5
2525,2071,2071,175000,2025-09-23 12:44:48.104,CCA,,First Installment - Imported from Excel,2025-09-23 12:44:48.105,5,2
4031,2071,2071,175000,2025-09-23 13:31:17.313,CCA,,First Installment - Imported from Excel,2025-09-23 13:31:17.313,5,3
5537,2071,2071,175000,2025-09-23 14:41:25.277,CCA,,First Installment - Imported from Excel,2025-09-23 14:41:25.277,5,4
7043,2071,2071,175000,2025-09-23 14:55:20.504,CCA,,First Installment - Imported from Excel,2025-09-23 14:55:20.505,5,5
2526,2072,2072,50000,2025-09-23 12:44:48.111,CCA,,First Installment - Imported from Excel,2025-09-23 12:44:48.112,5,2
4032,2072,2072,50000,2025-09-23 13:31:17.318,CCA,,First Installment - Imported from Excel,2025-09-23 13:31:17.318,5,3
5538,2072,2072,50000,2025-09-23 14:41:25.285,CCA,,First Installment - Imported from Excel,2025-09-23 14:41:25.286,5,4
7044,2072,2072,50000,2025-09-23 14:55:20.511,CCA,,First Installment - Imported from Excel,2025-09-23 14:55:20.512,5,5
2527,2073,2073,170000,2025-09-23 12:44:48.118,CCA,,First Installment - Imported from Excel,2025-09-23 12:44:48.119,5,2
4033,2073,2073,170000,2025-09-23 13:31:17.323,CCA,,First Installment - Imported from Excel,2025-09-23 13:31:17.323,5,3
5539,2073,2073,170000,2025-09-23 14:41:25.486,CCA,,First Installment - Imported from Excel,2025-09-23 14:41:25.486,5,4
7045,2073,2073,170000,2025-09-23 14:55:20.676,CCA,,First Installment - Imported from Excel,2025-09-23 14:55:20.677,5,5
2528,2074,2074,15000,2025-09-23 12:44:48.125,CCA,,First Installment - Imported from Excel,2025-09-23 12:44:48.125,5,2
4034,2074,2074,15000,2025-09-23 13:31:17.328,CCA,,First Installment - Imported from Excel,2025-09-23 13:31:17.329,5,3
5540,2074,2074,15000,2025-09-23 14:41:25.692,CCA,,First Installment - Imported from Excel,2025-09-23 14:41:25.693,5,4
7046,2074,2074,15000,2025-09-23 14:55:20.855,CCA,,First Installment - Imported from Excel,2025-09-23 14:55:20.856,5,5
2529,2075,2075,99800,2025-09-23 12:44:48.131,CCA,,First Installment - Imported from Excel,2025-09-23 12:44:48.132,5,2
4035,2075,2075,99800,2025-09-23 13:31:17.333,CCA,,First Installment - Imported from Excel,2025-09-23 13:31:17.334,5,3
5541,2075,2075,99800,2025-09-23 14:41:25.7,CCA,,First Installment - Imported from Excel,2025-09-23 14:41:25.701,5,4
7047,2075,2075,99800,2025-09-23 14:55:20.865,CCA,,First Installment - Imported from Excel,2025-09-23 14:55:20.865,5,5
2530,2076,2076,75000,2025-09-23 12:44:48.138,CCA,,First Installment - Imported from Excel,2025-09-23 12:44:48.138,5,2
4036,2076,2076,75000,2025-09-23 13:31:17.338,CCA,,First Installment - Imported from Excel,2025-09-23 13:31:17.339,5,3
5542,2076,2076,75000,2025-09-23 14:41:25.707,CCA,,First Installment - Imported from Excel,2025-09-23 14:41:25.708,5,4
7048,2076,2076,75000,2025-09-23 14:55:20.871,CCA,,First Installment - Imported from Excel,2025-09-23 14:55:20.872,5,5
2531,2077,2077,50000,2025-09-23 12:44:48.144,CCA,,First Installment - Imported from Excel,2025-09-23 12:44:48.145,5,2
4037,2077,2077,50000,2025-09-23 13:31:17.343,CCA,,First Installment - Imported from Excel,2025-09-23 13:31:17.344,5,3
5543,2077,2077,50000,2025-09-23 14:41:25.714,CCA,,First Installment - Imported from Excel,2025-09-23 14:41:25.715,5,4
7049,2077,2077,50000,2025-09-23 14:55:20.878,CCA,,First Installment - Imported from Excel,2025-09-23 14:55:20.88,5,5
2532,2078,2078,100000,2025-09-23 12:44:48.152,CCA,,First Installment - Imported from Excel,2025-09-23 12:44:48.152,5,2
4038,2078,2078,100000,2025-09-23 13:31:17.349,CCA,,First Installment - Imported from Excel,2025-09-23 13:31:17.349,5,3
5544,2078,2078,100000,2025-09-23 14:41:25.722,CCA,,First Installment - Imported from Excel,2025-09-23 14:41:25.723,5,4
7050,2078,2078,100000,2025-09-23 14:55:20.885,CCA,,First Installment - Imported from Excel,2025-09-23 14:55:20.886,5,5
2533,2080,2080,30000,2025-09-23 12:44:48.158,CCA,,First Installment - Imported from Excel,2025-09-23 12:44:48.159,5,2
4039,2080,2080,30000,2025-09-23 13:31:17.355,CCA,,First Installment - Imported from Excel,2025-09-23 13:31:17.355,5,3
5545,2080,2080,30000,2025-09-23 14:41:25.729,CCA,,First Installment - Imported from Excel,2025-09-23 14:41:25.73,5,4
7051,2080,2080,30000,2025-09-23 14:55:20.892,CCA,,First Installment - Imported from Excel,2025-09-23 14:55:20.893,5,5
2534,2081,2081,10000,2025-09-23 12:44:48.165,CCA,,First Installment - Imported from Excel,2025-09-23 12:44:48.166,5,2
4040,2081,2081,10000,2025-09-23 13:31:17.361,CCA,,First Installment - Imported from Excel,2025-09-23 13:31:17.362,5,3
5546,2081,2081,10000,2025-09-23 14:41:25.909,CCA,,First Installment - Imported from Excel,2025-09-23 14:41:25.91,5,4
7052,2081,2081,10000,2025-09-23 14:55:21.08,CCA,,First Installment - Imported from Excel,2025-09-23 14:55:21.081,5,5
2535,2085,2085,100000,2025-09-23 12:44:48.172,CCA,,First Installment - Imported from Excel,2025-09-23 12:44:48.172,5,2
4041,2085,2085,100000,2025-09-23 13:31:17.368,CCA,,First Installment - Imported from Excel,2025-09-23 13:31:17.368,5,3
5547,2085,2085,100000,2025-09-23 14:41:26.08,CCA,,First Installment - Imported from Excel,2025-09-23 14:41:26.08,5,4
7053,2085,2085,100000,2025-09-23 14:55:21.255,CCA,,First Installment - Imported from Excel,2025-09-23 14:55:21.256,5,5
4042,2086,2086,15000,2025-09-23 13:31:17.373,CCA,,First Installment - Imported from Excel,2025-09-23 13:31:17.374,4,2
5548,2086,2086,15000,2025-09-23 14:41:26.088,CCA,,First Installment - Imported from Excel,2025-09-23 14:41:26.089,4,3
7054,2086,2086,15000,2025-09-23 14:55:21.261,CCA,,First Installment - Imported from Excel,2025-09-23 14:55:21.262,4,4
4043,2086,2086,85000,2025-09-23 13:31:17.374,CCA,,Second Installment - Imported from Excel,2025-09-23 13:31:17.375,4,2
5549,2086,2086,85000,2025-09-23 14:41:26.09,CCA,,Second Installment - Imported from Excel,2025-09-23 14:41:26.09,4,3
7055,2086,2086,85000,2025-09-23 14:55:21.262,CCA,,Second Installment - Imported from Excel,2025-09-23 14:55:21.263,4,4
4044,2088,2088,15000,2025-09-23 13:31:17.38,CCA,,First Installment - Imported from Excel,2025-09-23 13:31:17.381,4,2
5550,2088,2088,15000,2025-09-23 14:41:26.097,CCA,,First Installment - Imported from Excel,2025-09-23 14:41:26.097,4,3
7056,2088,2088,15000,2025-09-23 14:55:21.268,CCA,,First Installment - Imported from Excel,2025-09-23 14:55:21.268,4,4
4045,2088,2088,95000,2025-09-23 13:31:17.381,CCA,,Second Installment - Imported from Excel,2025-09-23 13:31:17.382,4,2
5551,2088,2088,95000,2025-09-23 14:41:26.098,CCA,,Second Installment - Imported from Excel,2025-09-23 14:41:26.099,4,3
7057,2088,2088,95000,2025-09-23 14:55:21.269,CCA,,Second Installment - Imported from Excel,2025-09-23 14:55:21.269,4,4
2540,2089,2089,100000,2025-09-23 12:44:48.188,CCA,,First Installment - Imported from Excel,2025-09-23 12:44:48.189,5,2
4046,2089,2089,100000,2025-09-23 13:31:17.387,CCA,,First Installment - Imported from Excel,2025-09-23 13:31:17.388,5,3
5552,2089,2089,100000,2025-09-23 14:41:26.105,CCA,,First Installment - Imported from Excel,2025-09-23 14:41:26.105,5,4
7058,2089,2089,100000,2025-09-23 14:55:21.274,CCA,,First Installment - Imported from Excel,2025-09-23 14:55:21.275,5,5
4047,2090,2090,50000,2025-09-23 13:31:17.392,CCA,,First Installment - Imported from Excel,2025-09-23 13:31:17.393,4,2
5553,2090,2090,50000,2025-09-23 14:41:26.272,CCA,,First Installment - Imported from Excel,2025-09-23 14:41:26.273,4,3
7059,2090,2090,50000,2025-09-23 14:55:21.428,CCA,,First Installment - Imported from Excel,2025-09-23 14:55:21.428,4,4
4048,2090,2090,75000,2025-09-23 13:31:17.393,CCA,,Second Installment - Imported from Excel,2025-09-23 13:31:17.394,4,2
5554,2090,2090,75000,2025-09-23 14:41:26.274,CCA,,Second Installment - Imported from Excel,2025-09-23 14:41:26.275,4,3
7060,2090,2090,75000,2025-09-23 14:55:21.429,CCA,,Second Installment - Imported from Excel,2025-09-23 14:55:21.43,4,4
2543,2091,2091,100000,2025-09-23 12:44:48.2,CCA,,First Installment - Imported from Excel,2025-09-23 12:44:48.201,5,2
4049,2091,2091,100000,2025-09-23 13:31:17.398,CCA,,First Installment - Imported from Excel,2025-09-23 13:31:17.398,5,3
5555,2091,2091,100000,2025-09-23 14:41:26.281,CCA,,First Installment - Imported from Excel,2025-09-23 14:41:26.282,5,4
7061,2091,2091,100000,2025-09-23 14:55:21.437,CCA,,First Installment - Imported from Excel,2025-09-23 14:55:21.438,5,5
4133,2093,2093,85000,2025-09-23 13:31:18.229,CCA,,Second Installment - Imported from Excel,2025-09-23 13:31:18.23,4,2
5639,2093,2093,85000,2025-09-23 14:41:28.186,CCA,,Second Installment - Imported from Excel,2025-09-23 14:41:28.187,4,3
7145,2093,2093,85000,2025-09-23 14:55:23.097,CCA,,Second Installment - Imported from Excel,2025-09-23 14:55:23.097,4,4
4132,2093,2093,100000,2025-09-23 13:31:18.228,CCA,,First Installment - Imported from Excel,2025-09-23 13:31:18.228,4,2
5638,2093,2093,100000,2025-09-23 14:41:28.185,CCA,,First Installment - Imported from Excel,2025-09-23 14:41:28.185,4,3
7144,2093,2093,100000,2025-09-23 14:55:23.096,CCA,,First Installment - Imported from Excel,2025-09-23 14:55:23.096,4,4
2628,2095,2095,15000,2025-09-23 12:44:49.79,CCA,,First Installment - Imported from Excel,2025-09-23 12:44:49.791,5,2
4134,2095,2095,15000,2025-09-23 13:31:18.24,CCA,,First Installment - Imported from Excel,2025-09-23 13:31:18.241,5,3
5640,2095,2095,15000,2025-09-23 14:41:28.193,CCA,,First Installment - Imported from Excel,2025-09-23 14:41:28.194,5,4
7146,2095,2095,15000,2025-09-23 14:55:23.102,CCA,,First Installment - Imported from Excel,2025-09-23 14:55:23.103,5,5
2629,2097,2097,100000,2025-09-23 12:44:49.797,CCA,,First Installment - Imported from Excel,2025-09-23 12:44:49.798,5,2
4135,2097,2097,100000,2025-09-23 13:31:18.251,CCA,,First Installment - Imported from Excel,2025-09-23 13:31:18.251,5,3
5641,2097,2097,100000,2025-09-23 14:41:28.21,CCA,,First Installment - Imported from Excel,2025-09-23 14:41:28.211,5,4
7147,2097,2097,100000,2025-09-23 14:55:23.109,CCA,,First Installment - Imported from Excel,2025-09-23 14:55:23.109,5,5
2630,2099,2099,100000,2025-09-23 12:44:49.805,CCA,,First Installment - Imported from Excel,2025-09-23 12:44:49.806,5,2
4136,2099,2099,100000,2025-09-23 13:31:18.261,CCA,,First Installment - Imported from Excel,2025-09-23 13:31:18.261,5,3
5642,2099,2099,100000,2025-09-23 14:41:28.22,CCA,,First Installment - Imported from Excel,2025-09-23 14:41:28.221,5,4
7148,2099,2099,100000,2025-09-23 14:55:23.115,CCA,,First Installment - Imported from Excel,2025-09-23 14:55:23.116,5,5
2631,2100,2100,50000,2025-09-23 12:44:49.813,CCA,,First Installment - Imported from Excel,2025-09-23 12:44:49.814,5,2
4137,2100,2100,50000,2025-09-23 13:31:18.269,CCA,,First Installment - Imported from Excel,2025-09-23 13:31:18.269,5,3
5643,2100,2100,50000,2025-09-23 14:41:28.23,CCA,,First Installment - Imported from Excel,2025-09-23 14:41:28.231,5,4
7149,2100,2100,50000,2025-09-23 14:55:23.121,CCA,,First Installment - Imported from Excel,2025-09-23 14:55:23.122,5,5
2632,2101,2101,50000,2025-09-23 12:44:49.821,CCA,,First Installment - Imported from Excel,2025-09-23 12:44:49.822,5,2
4138,2101,2101,50000,2025-09-23 13:31:18.278,CCA,,First Installment - Imported from Excel,2025-09-23 13:31:18.279,5,3
5644,2101,2101,50000,2025-09-23 14:41:28.239,CCA,,First Installment - Imported from Excel,2025-09-23 14:41:28.239,5,4
7150,2101,2101,50000,2025-09-23 14:55:23.126,CCA,,First Installment - Imported from Excel,2025-09-23 14:55:23.127,5,5
2633,2102,2102,150000,2025-09-23 12:44:49.831,CCA,,First Installment - Imported from Excel,2025-09-23 12:44:49.832,5,2
4139,2102,2102,150000,2025-09-23 13:31:18.287,CCA,,First Installment - Imported from Excel,2025-09-23 13:31:18.288,5,3
5645,2102,2102,150000,2025-09-23 14:41:28.246,CCA,,First Installment - Imported from Excel,2025-09-23 14:41:28.247,5,4
7151,2102,2102,150000,2025-09-23 14:55:23.132,CCA,,First Installment - Imported from Excel,2025-09-23 14:55:23.132,5,5
2634,2103,2103,15300,2025-09-23 12:44:49.84,CCA,,First Installment - Imported from Excel,2025-09-23 12:44:49.841,5,2
4140,2103,2103,15300,2025-09-23 13:31:18.294,CCA,,First Installment - Imported from Excel,2025-09-23 13:31:18.295,5,3
5646,2103,2103,15300,2025-09-23 14:41:28.254,CCA,,First Installment - Imported from Excel,2025-09-23 14:41:28.254,5,4
7152,2103,2103,15300,2025-09-23 14:55:23.137,CCA,,First Installment - Imported from Excel,2025-09-23 14:55:23.138,5,5
2635,2105,2105,50000,2025-09-23 12:44:49.847,CCA,,First Installment - Imported from Excel,2025-09-23 12:44:49.847,5,2
4141,2105,2105,50000,2025-09-23 13:31:18.302,CCA,,First Installment - Imported from Excel,2025-09-23 13:31:18.303,5,3
5647,2105,2105,50000,2025-09-23 14:41:28.261,CCA,,First Installment - Imported from Excel,2025-09-23 14:41:28.262,5,4
7153,2105,2105,50000,2025-09-23 14:55:23.142,CCA,,First Installment - Imported from Excel,2025-09-23 14:55:23.143,5,5
2636,2106,2106,15000,2025-09-23 12:44:49.852,CCA,,First Installment - Imported from Excel,2025-09-23 12:44:49.853,5,2
4142,2106,2106,15000,2025-09-23 13:31:18.307,CCA,,First Installment - Imported from Excel,2025-09-23 13:31:18.308,5,3
5648,2106,2106,15000,2025-09-23 14:41:28.435,CCA,,First Installment - Imported from Excel,2025-09-23 14:41:28.436,5,4
7154,2106,2106,15000,2025-09-23 14:55:23.312,CCA,,First Installment - Imported from Excel,2025-09-23 14:55:23.313,5,5
2637,2107,2107,15000,2025-09-23 12:44:49.859,CCA,,First Installment - Imported from Excel,2025-09-23 12:44:49.86,5,2
4143,2107,2107,15000,2025-09-23 13:31:18.314,CCA,,First Installment - Imported from Excel,2025-09-23 13:31:18.314,5,3
5649,2107,2107,15000,2025-09-23 14:41:28.625,CCA,,First Installment - Imported from Excel,2025-09-23 14:41:28.626,5,4
7155,2107,2107,15000,2025-09-23 14:55:23.485,CCA,,First Installment - Imported from Excel,2025-09-23 14:55:23.486,5,5
2638,2110,2110,175000,2025-09-23 12:44:49.868,CCA,,First Installment - Imported from Excel,2025-09-23 12:44:49.868,5,2
4144,2110,2110,175000,2025-09-23 13:31:18.32,CCA,,First Installment - Imported from Excel,2025-09-23 13:31:18.321,5,3
5650,2110,2110,175000,2025-09-23 14:41:28.635,CCA,,First Installment - Imported from Excel,2025-09-23 14:41:28.635,5,4
7156,2110,2110,175000,2025-09-23 14:55:23.492,CCA,,First Installment - Imported from Excel,2025-09-23 14:55:23.492,5,5
4145,2111,2111,69800,2025-09-23 13:31:18.328,CCA,,First Installment - Imported from Excel,2025-09-23 13:31:18.329,4,2
5651,2111,2111,69800,2025-09-23 14:41:28.642,CCA,,First Installment - Imported from Excel,2025-09-23 14:41:28.642,4,3
7157,2111,2111,69800,2025-09-23 14:55:23.498,CCA,,First Installment - Imported from Excel,2025-09-23 14:55:23.498,4,4
2640,2112,2112,60000,2025-09-23 12:44:49.884,CCA,,First Installment - Imported from Excel,2025-09-23 12:44:49.884,5,2
4146,2112,2112,60000,2025-09-23 13:31:18.335,CCA,,First Installment - Imported from Excel,2025-09-23 13:31:18.335,5,3
5652,2112,2112,60000,2025-09-23 14:41:28.807,CCA,,First Installment - Imported from Excel,2025-09-23 14:41:28.808,5,4
7158,2112,2112,60000,2025-09-23 14:55:23.674,CCA,,First Installment - Imported from Excel,2025-09-23 14:55:23.674,5,5
2641,2113,2113,99800,2025-09-23 12:44:49.891,CCA,,First Installment - Imported from Excel,2025-09-23 12:44:49.891,5,2
4147,2113,2113,99800,2025-09-23 13:31:18.341,CCA,,First Installment - Imported from Excel,2025-09-23 13:31:18.342,5,3
5653,2113,2113,99800,2025-09-23 14:41:28.969,CCA,,First Installment - Imported from Excel,2025-09-23 14:41:28.971,5,4
7159,2113,2113,99800,2025-09-23 14:55:23.846,CCA,,First Installment - Imported from Excel,2025-09-23 14:55:23.847,5,5
2642,2114,2114,85000,2025-09-23 12:44:49.898,CCA,,First Installment - Imported from Excel,2025-09-23 12:44:49.899,5,2
4148,2114,2114,85000,2025-09-23 13:31:18.35,CCA,,First Installment - Imported from Excel,2025-09-23 13:31:18.35,5,3
5654,2114,2114,85000,2025-09-23 14:41:29.03,CCA,,First Installment - Imported from Excel,2025-09-23 14:41:29.032,5,4
7160,2114,2114,85000,2025-09-23 14:55:23.856,CCA,,First Installment - Imported from Excel,2025-09-23 14:55:23.857,5,5
2643,2115,2115,145000,2025-09-23 12:44:49.908,CCA,,First Installment - Imported from Excel,2025-09-23 12:44:49.909,5,2
4149,2115,2115,145000,2025-09-23 13:31:18.356,CCA,,First Installment - Imported from Excel,2025-09-23 13:31:18.357,5,3
5655,2115,2115,145000,2025-09-23 14:41:29.077,CCA,,First Installment - Imported from Excel,2025-09-23 14:41:29.078,5,4
7161,2115,2115,145000,2025-09-23 14:55:23.874,CCA,,First Installment - Imported from Excel,2025-09-23 14:55:23.874,5,5
2644,2116,2116,100000,2025-09-23 12:44:49.917,CCA,,First Installment - Imported from Excel,2025-09-23 12:44:49.918,5,2
4150,2116,2116,100000,2025-09-23 13:31:18.362,CCA,,First Installment - Imported from Excel,2025-09-23 13:31:18.363,5,3
5656,2116,2116,100000,2025-09-23 14:41:29.096,CCA,,First Installment - Imported from Excel,2025-09-23 14:41:29.097,5,4
7162,2116,2116,100000,2025-09-23 14:55:23.891,CCA,,First Installment - Imported from Excel,2025-09-23 14:55:23.891,5,5
4151,2117,2117,30000,2025-09-23 13:31:18.368,CCA,,First Installment - Imported from Excel,2025-09-23 13:31:18.369,4,2
5657,2117,2117,30000,2025-09-23 14:41:29.111,CCA,,First Installment - Imported from Excel,2025-09-23 14:41:29.112,4,3
7163,2117,2117,30000,2025-09-23 14:55:23.901,CCA,,First Installment - Imported from Excel,2025-09-23 14:55:23.901,4,4
4152,2117,2117,70000,2025-09-23 13:31:18.369,CCA,,Second Installment - Imported from Excel,2025-09-23 13:31:18.37,4,2
5658,2117,2117,70000,2025-09-23 14:41:29.113,CCA,,Second Installment - Imported from Excel,2025-09-23 14:41:29.114,4,3
7164,2117,2117,70000,2025-09-23 14:55:23.902,CCA,,Second Installment - Imported from Excel,2025-09-23 14:55:23.903,4,4
2647,2118,2118,175000,2025-09-23 12:44:49.932,CCA,,First Installment - Imported from Excel,2025-09-23 12:44:49.933,5,2
4153,2118,2118,175000,2025-09-23 13:31:18.379,CCA,,First Installment - Imported from Excel,2025-09-23 13:31:18.379,5,3
5659,2118,2118,175000,2025-09-23 14:41:29.436,CCA,,First Installment - Imported from Excel,2025-09-23 14:41:29.436,5,4
7165,2118,2118,175000,2025-09-23 14:55:24.099,CCA,,First Installment - Imported from Excel,2025-09-23 14:55:24.1,5,5
2648,2119,2119,100000,2025-09-23 12:44:49.942,CCA,,First Installment - Imported from Excel,2025-09-23 12:44:49.942,5,2
4154,2119,2119,100000,2025-09-23 13:31:18.384,CCA,,First Installment - Imported from Excel,2025-09-23 13:31:18.385,5,3
5660,2119,2119,100000,2025-09-23 14:41:29.453,CCA,,First Installment - Imported from Excel,2025-09-23 14:41:29.453,5,4
7166,2119,2119,100000,2025-09-23 14:55:24.108,CCA,,First Installment - Imported from Excel,2025-09-23 14:55:24.109,5,5
2649,2120,2120,100000,2025-09-23 12:44:49.948,CCA,,First Installment - Imported from Excel,2025-09-23 12:44:49.949,5,2
4155,2120,2120,100000,2025-09-23 13:31:18.389,CCA,,First Installment - Imported from Excel,2025-09-23 13:31:18.39,5,3
5661,2120,2120,100000,2025-09-23 14:41:29.463,CCA,,First Installment - Imported from Excel,2025-09-23 14:41:29.463,5,4
7167,2120,2120,100000,2025-09-23 14:55:24.115,CCA,,First Installment - Imported from Excel,2025-09-23 14:55:24.116,5,5
2650,2123,2123,65000,2025-09-23 12:44:49.956,CCA,,First Installment - Imported from Excel,2025-09-23 12:44:49.956,5,2
4156,2123,2123,65000,2025-09-23 13:31:18.394,CCA,,First Installment - Imported from Excel,2025-09-23 13:31:18.395,5,3
5662,2123,2123,65000,2025-09-23 14:41:29.468,CCA,,First Installment - Imported from Excel,2025-09-23 14:41:29.469,5,4
7168,2123,2123,65000,2025-09-23 14:55:24.122,CCA,,First Installment - Imported from Excel,2025-09-23 14:55:24.122,5,5
2651,2125,2125,100000,2025-09-23 12:44:49.963,CCA,,First Installment - Imported from Excel,2025-09-23 12:44:49.964,5,2
4157,2125,2125,100000,2025-09-23 13:31:18.403,CCA,,First Installment - Imported from Excel,2025-09-23 13:31:18.403,5,3
5663,2125,2125,100000,2025-09-23 14:41:29.632,CCA,,First Installment - Imported from Excel,2025-09-23 14:41:29.633,5,4
7169,2125,2125,100000,2025-09-23 14:55:24.318,CCA,,First Installment - Imported from Excel,2025-09-23 14:55:24.319,5,5
2652,2126,2126,15000,2025-09-23 12:44:49.97,CCA,,First Installment - Imported from Excel,2025-09-23 12:44:49.971,5,2
4158,2126,2126,15000,2025-09-23 13:31:18.41,CCA,,First Installment - Imported from Excel,2025-09-23 13:31:18.411,5,3
5664,2126,2126,15000,2025-09-23 14:41:29.64,CCA,,First Installment - Imported from Excel,2025-09-23 14:41:29.641,5,4
7170,2126,2126,15000,2025-09-23 14:55:24.327,CCA,,First Installment - Imported from Excel,2025-09-23 14:55:24.327,5,5
2653,2127,2127,15000,2025-09-23 12:44:49.979,CCA,,First Installment - Imported from Excel,2025-09-23 12:44:49.979,5,2
4159,2127,2127,15000,2025-09-23 13:31:18.42,CCA,,First Installment - Imported from Excel,2025-09-23 13:31:18.421,5,3
5665,2127,2127,15000,2025-09-23 14:41:29.793,CCA,,First Installment - Imported from Excel,2025-09-23 14:41:29.794,5,4
7171,2127,2127,15000,2025-09-23 14:55:24.513,CCA,,First Installment - Imported from Excel,2025-09-23 14:55:24.513,5,5
2654,2128,2128,15000,2025-09-23 12:44:49.988,CCA,,First Installment - Imported from Excel,2025-09-23 12:44:49.989,5,2
4160,2128,2128,15000,2025-09-23 13:31:18.429,CCA,,First Installment - Imported from Excel,2025-09-23 13:31:18.43,5,3
5666,2128,2128,15000,2025-09-23 14:41:29.967,CCA,,First Installment - Imported from Excel,2025-09-23 14:41:29.968,5,4
7172,2128,2128,15000,2025-09-23 14:55:24.674,CCA,,First Installment - Imported from Excel,2025-09-23 14:55:24.675,5,5
2655,2132,2132,100000,2025-09-23 12:44:49.998,CCA,,First Installment - Imported from Excel,2025-09-23 12:44:49.998,5,2
4161,2132,2132,100000,2025-09-23 13:31:18.437,CCA,,First Installment - Imported from Excel,2025-09-23 13:31:18.438,5,3
5667,2132,2132,100000,2025-09-23 14:41:29.979,CCA,,First Installment - Imported from Excel,2025-09-23 14:41:29.979,5,4
7173,2132,2132,100000,2025-09-23 14:55:24.681,CCA,,First Installment - Imported from Excel,2025-09-23 14:55:24.682,5,5
2656,2133,2133,15000,2025-09-23 12:44:50.008,CCA,,First Installment - Imported from Excel,2025-09-23 12:44:50.009,5,2
4162,2133,2133,15000,2025-09-23 13:31:18.446,CCA,,First Installment - Imported from Excel,2025-09-23 13:31:18.447,5,3
5668,2133,2133,15000,2025-09-23 14:41:29.986,CCA,,First Installment - Imported from Excel,2025-09-23 14:41:29.987,5,4
7174,2133,2133,15000,2025-09-23 14:55:24.69,CCA,,First Installment - Imported from Excel,2025-09-23 14:55:24.691,5,5
2657,2135,2135,105000,2025-09-23 12:44:50.016,CCA,,First Installment - Imported from Excel,2025-09-23 12:44:50.016,5,2
4163,2135,2135,105000,2025-09-23 13:31:18.456,CCA,,First Installment - Imported from Excel,2025-09-23 13:31:18.457,5,3
5669,2135,2135,105000,2025-09-23 14:41:29.993,CCA,,First Installment - Imported from Excel,2025-09-23 14:41:29.993,5,4
7175,2135,2135,105000,2025-09-23 14:55:24.696,CCA,,First Installment - Imported from Excel,2025-09-23 14:55:24.697,5,5
2658,2137,2137,60000,2025-09-23 12:44:50.024,CCA,,First Installment - Imported from Excel,2025-09-23 12:44:50.024,5,2
4164,2137,2137,60000,2025-09-23 13:31:18.465,CCA,,First Installment - Imported from Excel,2025-09-23 13:31:18.466,5,3
5670,2137,2137,60000,2025-09-23 14:41:29.998,CCA,,First Installment - Imported from Excel,2025-09-23 14:41:29.999,5,4
7176,2137,2137,60000,2025-09-23 14:55:24.702,CCA,,First Installment - Imported from Excel,2025-09-23 14:55:24.702,5,5
2659,2138,2138,15000,2025-09-23 12:44:50.032,CCA,,First Installment - Imported from Excel,2025-09-23 12:44:50.032,5,2
4165,2138,2138,15000,2025-09-23 13:31:18.473,CCA,,First Installment - Imported from Excel,2025-09-23 13:31:18.474,5,3
5671,2138,2138,15000,2025-09-23 14:41:30.011,CCA,,First Installment - Imported from Excel,2025-09-23 14:41:30.012,5,4
7177,2138,2138,15000,2025-09-23 14:55:24.708,CCA,,First Installment - Imported from Excel,2025-09-23 14:55:24.709,5,5
2660,2139,2139,15000,2025-09-23 12:44:50.039,CCA,,First Installment - Imported from Excel,2025-09-23 12:44:50.04,5,2
4166,2139,2139,15000,2025-09-23 13:31:18.483,CCA,,First Installment - Imported from Excel,2025-09-23 13:31:18.483,5,3
5672,2139,2139,15000,2025-09-23 14:41:30.02,CCA,,First Installment - Imported from Excel,2025-09-23 14:41:30.021,5,4
7178,2139,2139,15000,2025-09-23 14:55:24.715,CCA,,First Installment - Imported from Excel,2025-09-23 14:55:24.716,5,5
4167,2140,2140,15000,2025-09-23 13:31:18.489,CCA,,First Installment - Imported from Excel,2025-09-23 13:31:18.49,4,2
5673,2140,2140,15000,2025-09-23 14:41:30.028,CCA,,First Installment - Imported from Excel,2025-09-23 14:41:30.028,4,3
7179,2140,2140,15000,2025-09-23 14:55:24.723,CCA,,First Installment - Imported from Excel,2025-09-23 14:55:24.724,4,4
4168,2140,2140,105000,2025-09-23 13:31:18.491,CCA,,Second Installment - Imported from Excel,2025-09-23 13:31:18.491,4,2
5674,2140,2140,105000,2025-09-23 14:41:30.029,CCA,,Second Installment - Imported from Excel,2025-09-23 14:41:30.03,4,3
7180,2140,2140,105000,2025-09-23 14:55:24.724,CCA,,Second Installment - Imported from Excel,2025-09-23 14:55:24.725,4,4
2663,2141,2141,90000,2025-09-23 12:44:50.055,CCA,,First Installment - Imported from Excel,2025-09-23 12:44:50.056,5,2
4169,2141,2141,90000,2025-09-23 13:31:18.496,CCA,,First Installment - Imported from Excel,2025-09-23 13:31:18.497,5,3
5675,2141,2141,90000,2025-09-23 14:41:30.036,CCA,,First Installment - Imported from Excel,2025-09-23 14:41:30.036,5,4
7181,2141,2141,90000,2025-09-23 14:55:24.73,CCA,,First Installment - Imported from Excel,2025-09-23 14:55:24.731,5,5
4170,2142,2142,15000,2025-09-23 13:31:18.503,CCA,,First Installment - Imported from Excel,2025-09-23 13:31:18.504,4,2
5676,2142,2142,15000,2025-09-23 14:41:30.042,CCA,,First Installment - Imported from Excel,2025-09-23 14:41:30.043,4,3
7182,2142,2142,15000,2025-09-23 14:55:24.738,CCA,,First Installment - Imported from Excel,2025-09-23 14:55:24.738,4,4
4171,2142,2142,84700,2025-09-23 13:31:18.504,CCA,,Second Installment - Imported from Excel,2025-09-23 13:31:18.505,4,2
5677,2142,2142,84700,2025-09-23 14:41:30.043,CCA,,Second Installment - Imported from Excel,2025-09-23 14:41:30.044,4,3
7183,2142,2142,84700,2025-09-23 14:55:24.739,CCA,,Second Installment - Imported from Excel,2025-09-23 14:55:24.74,4,4
2666,2143,2143,100000,2025-09-23 12:44:50.07,CCA,,First Installment - Imported from Excel,2025-09-23 12:44:50.07,5,2
4172,2143,2143,100000,2025-09-23 13:31:18.511,CCA,,First Installment - Imported from Excel,2025-09-23 13:31:18.512,5,3
5678,2143,2143,100000,2025-09-23 14:41:30.049,CCA,,First Installment - Imported from Excel,2025-09-23 14:41:30.05,5,4
7184,2143,2143,100000,2025-09-23 14:55:24.744,CCA,,First Installment - Imported from Excel,2025-09-23 14:55:24.745,5,5
2667,2144,2144,100000,2025-09-23 12:44:50.076,CCA,,First Installment - Imported from Excel,2025-09-23 12:44:50.077,5,2
4173,2144,2144,100000,2025-09-23 13:31:18.517,CCA,,First Installment - Imported from Excel,2025-09-23 13:31:18.518,5,3
5679,2144,2144,100000,2025-09-23 14:41:30.058,CCA,,First Installment - Imported from Excel,2025-09-23 14:41:30.059,5,4
7185,2144,2144,100000,2025-09-23 14:55:24.751,CCA,,First Installment - Imported from Excel,2025-09-23 14:55:24.752,5,5
4174,2145,2145,15000,2025-09-23 13:31:18.525,CCA,,First Installment - Imported from Excel,2025-09-23 13:31:18.525,4,2
5680,2145,2145,15000,2025-09-23 14:41:30.069,CCA,,First Installment - Imported from Excel,2025-09-23 14:41:30.07,4,3
7186,2145,2145,15000,2025-09-23 14:55:24.756,CCA,,First Installment - Imported from Excel,2025-09-23 14:55:24.757,4,4
4175,2145,2145,85000,2025-09-23 13:31:18.526,CCA,,Second Installment - Imported from Excel,2025-09-23 13:31:18.527,4,2
5681,2145,2145,85000,2025-09-23 14:41:30.071,CCA,,Second Installment - Imported from Excel,2025-09-23 14:41:30.071,4,3
7187,2145,2145,85000,2025-09-23 14:55:24.757,CCA,,Second Installment - Imported from Excel,2025-09-23 14:55:24.758,4,4
2670,2146,2146,175000,2025-09-23 12:44:50.09,CCA,,First Installment - Imported from Excel,2025-09-23 12:44:50.09,5,2
4176,2146,2146,175000,2025-09-23 13:31:18.533,CCA,,First Installment - Imported from Excel,2025-09-23 13:31:18.534,5,3
5682,2146,2146,175000,2025-09-23 14:41:30.077,CCA,,First Installment - Imported from Excel,2025-09-23 14:41:30.078,5,4
7188,2146,2146,175000,2025-09-23 14:55:24.763,CCA,,First Installment - Imported from Excel,2025-09-23 14:55:24.763,5,5
2671,2149,2149,175000,2025-09-23 12:44:50.098,CCA,,First Installment - Imported from Excel,2025-09-23 12:44:50.099,5,2
4177,2149,2149,175000,2025-09-23 13:31:18.541,CCA,,First Installment - Imported from Excel,2025-09-23 13:31:18.542,5,3
5683,2149,2149,175000,2025-09-23 14:41:30.083,CCA,,First Installment - Imported from Excel,2025-09-23 14:41:30.084,5,4
7189,2149,2149,175000,2025-09-23 14:55:24.768,CCA,,First Installment - Imported from Excel,2025-09-23 14:55:24.769,5,5
4178,2151,2151,15000,2025-09-23 13:31:18.55,CCA,,First Installment - Imported from Excel,2025-09-23 13:31:18.551,4,2
5684,2151,2151,15000,2025-09-23 14:41:30.256,CCA,,First Installment - Imported from Excel,2025-09-23 14:41:30.256,4,3
7190,2151,2151,15000,2025-09-23 14:55:24.931,CCA,,First Installment - Imported from Excel,2025-09-23 14:55:24.932,4,4
4179,2151,2151,85000,2025-09-23 13:31:18.552,CCA,,Second Installment - Imported from Excel,2025-09-23 13:31:18.553,4,2
5685,2151,2151,85000,2025-09-23 14:41:30.257,CCA,,Second Installment - Imported from Excel,2025-09-23 14:41:30.258,4,3
7191,2151,2151,85000,2025-09-23 14:55:24.932,CCA,,Second Installment - Imported from Excel,2025-09-23 14:55:24.933,4,4
2674,2153,2153,15000,2025-09-23 12:44:50.115,CCA,,First Installment - Imported from Excel,2025-09-23 12:44:50.115,5,2
4180,2153,2153,15000,2025-09-23 13:31:18.562,CCA,,First Installment - Imported from Excel,2025-09-23 13:31:18.563,5,3
5686,2153,2153,15000,2025-09-23 14:41:30.264,CCA,,First Installment - Imported from Excel,2025-09-23 14:41:30.265,5,4
7192,2153,2153,15000,2025-09-23 14:55:24.938,CCA,,First Installment - Imported from Excel,2025-09-23 14:55:24.939,5,5
2675,2154,2154,100000,2025-09-23 12:44:50.121,CCA,,First Installment - Imported from Excel,2025-09-23 12:44:50.122,5,2
4181,2154,2154,100000,2025-09-23 13:31:18.57,CCA,,First Installment - Imported from Excel,2025-09-23 13:31:18.571,5,3
5687,2154,2154,100000,2025-09-23 14:41:30.27,CCA,,First Installment - Imported from Excel,2025-09-23 14:41:30.271,5,4
7193,2154,2154,100000,2025-09-23 14:55:24.946,CCA,,First Installment - Imported from Excel,2025-09-23 14:55:24.947,5,5
2676,2155,2155,75000,2025-09-23 12:44:50.128,CCA,,First Installment - Imported from Excel,2025-09-23 12:44:50.129,5,2
4182,2155,2155,75000,2025-09-23 13:31:18.576,CCA,,First Installment - Imported from Excel,2025-09-23 13:31:18.577,5,3
5688,2155,2155,75000,2025-09-23 14:41:30.276,CCA,,First Installment - Imported from Excel,2025-09-23 14:41:30.277,5,4
7194,2155,2155,75000,2025-09-23 14:55:24.955,CCA,,First Installment - Imported from Excel,2025-09-23 14:55:24.956,5,5
4183,2159,2159,15000,2025-09-23 13:31:18.581,CCA,,First Installment - Imported from Excel,2025-09-23 13:31:18.582,4,2
5689,2159,2159,15000,2025-09-23 14:41:30.287,CCA,,First Installment - Imported from Excel,2025-09-23 14:41:30.287,4,3
7195,2159,2159,15000,2025-09-23 14:55:24.965,CCA,,First Installment - Imported from Excel,2025-09-23 14:55:24.965,4,4
4184,2159,2159,145000,2025-09-23 13:31:18.582,CCA,,Second Installment - Imported from Excel,2025-09-23 13:31:18.583,4,2
5690,2159,2159,145000,2025-09-23 14:41:30.288,CCA,,Second Installment - Imported from Excel,2025-09-23 14:41:30.289,4,3
7196,2159,2159,145000,2025-09-23 14:55:24.966,CCA,,Second Installment - Imported from Excel,2025-09-23 14:55:24.966,4,4
2679,2161,2161,100000,2025-09-23 12:44:50.144,CCA,,First Installment - Imported from Excel,2025-09-23 12:44:50.145,5,2
4185,2161,2161,100000,2025-09-23 13:31:18.589,CCA,,First Installment - Imported from Excel,2025-09-23 13:31:18.59,5,3
5691,2161,2161,100000,2025-09-23 14:41:30.296,CCA,,First Installment - Imported from Excel,2025-09-23 14:41:30.297,5,4
7197,2161,2161,100000,2025-09-23 14:55:24.973,CCA,,First Installment - Imported from Excel,2025-09-23 14:55:24.973,5,5
2680,2162,2162,60000,2025-09-23 12:44:50.151,CCA,,First Installment - Imported from Excel,2025-09-23 12:44:50.151,5,2
4186,2162,2162,60000,2025-09-23 13:31:18.6,CCA,,First Installment - Imported from Excel,2025-09-23 13:31:18.601,5,3
5692,2162,2162,60000,2025-09-23 14:41:30.301,CCA,,First Installment - Imported from Excel,2025-09-23 14:41:30.302,5,4
7198,2162,2162,60000,2025-09-23 14:55:24.979,CCA,,First Installment - Imported from Excel,2025-09-23 14:55:24.98,5,5
2681,2163,2163,75000,2025-09-23 12:44:50.157,CCA,,First Installment - Imported from Excel,2025-09-23 12:44:50.158,5,2
4187,2163,2163,75000,2025-09-23 13:31:18.608,CCA,,First Installment - Imported from Excel,2025-09-23 13:31:18.609,5,3
5693,2163,2163,75000,2025-09-23 14:41:30.307,CCA,,First Installment - Imported from Excel,2025-09-23 14:41:30.308,5,4
7199,2163,2163,75000,2025-09-23 14:55:24.987,CCA,,First Installment - Imported from Excel,2025-09-23 14:55:24.988,5,5
2682,2164,2164,100000,2025-09-23 12:44:50.165,CCA,,First Installment - Imported from Excel,2025-09-23 12:44:50.166,5,2
4188,2164,2164,100000,2025-09-23 13:31:18.619,CCA,,First Installment - Imported from Excel,2025-09-23 13:31:18.62,5,3
5694,2164,2164,100000,2025-09-23 14:41:30.48,CCA,,First Installment - Imported from Excel,2025-09-23 14:41:30.481,5,4
7200,2164,2164,100000,2025-09-23 14:55:25.161,CCA,,First Installment - Imported from Excel,2025-09-23 14:55:25.162,5,5
2683,2165,2165,85000,2025-09-23 12:44:50.172,CCA,,First Installment - Imported from Excel,2025-09-23 12:44:50.172,5,2
4189,2165,2165,85000,2025-09-23 13:31:18.63,CCA,,First Installment - Imported from Excel,2025-09-23 13:31:18.631,5,3
5695,2165,2165,85000,2025-09-23 14:41:30.489,CCA,,First Installment - Imported from Excel,2025-09-23 14:41:30.49,5,4
7201,2165,2165,85000,2025-09-23 14:55:25.17,CCA,,First Installment - Imported from Excel,2025-09-23 14:55:25.171,5,5
2544,2167,2167,75000,2025-09-23 12:44:48.205,CCA,,First Installment - Imported from Excel,2025-09-23 12:44:48.205,5,2
4050,2167,2167,75000,2025-09-23 13:31:17.402,CCA,,First Installment - Imported from Excel,2025-09-23 13:31:17.403,5,3
5556,2167,2167,75000,2025-09-23 14:41:26.288,CCA,,First Installment - Imported from Excel,2025-09-23 14:41:26.289,5,4
7062,2167,2167,75000,2025-09-23 14:55:21.444,CCA,,First Installment - Imported from Excel,2025-09-23 14:55:21.444,5,5
2545,2168,2168,100000,2025-09-23 12:44:48.212,CCA,,First Installment - Imported from Excel,2025-09-23 12:44:48.212,5,2
4051,2168,2168,100000,2025-09-23 13:31:17.407,CCA,,First Installment - Imported from Excel,2025-09-23 13:31:17.407,5,3
5557,2168,2168,100000,2025-09-23 14:41:26.294,CCA,,First Installment - Imported from Excel,2025-09-23 14:41:26.294,5,4
7063,2168,2168,100000,2025-09-23 14:55:21.452,CCA,,First Installment - Imported from Excel,2025-09-23 14:55:21.453,5,5
2546,2169,2169,15000,2025-09-23 12:44:48.218,CCA,,First Installment - Imported from Excel,2025-09-23 12:44:48.219,5,2
4052,2169,2169,15000,2025-09-23 13:31:17.412,CCA,,First Installment - Imported from Excel,2025-09-23 13:31:17.412,5,3
5558,2169,2169,15000,2025-09-23 14:41:26.301,CCA,,First Installment - Imported from Excel,2025-09-23 14:41:26.302,5,4
7064,2169,2169,15000,2025-09-23 14:55:21.459,CCA,,First Installment - Imported from Excel,2025-09-23 14:55:21.46,5,5
2547,2171,2171,85000,2025-09-23 12:44:48.226,CCA,,First Installment - Imported from Excel,2025-09-23 12:44:48.227,5,2
4053,2171,2171,85000,2025-09-23 13:31:17.418,CCA,,First Installment - Imported from Excel,2025-09-23 13:31:17.418,5,3
5559,2171,2171,85000,2025-09-23 14:41:26.481,CCA,,First Installment - Imported from Excel,2025-09-23 14:41:26.482,5,4
7065,2171,2171,85000,2025-09-23 14:55:21.622,CCA,,First Installment - Imported from Excel,2025-09-23 14:55:21.623,5,5
2548,2172,2172,100000,2025-09-23 12:44:48.234,CCA,,First Installment - Imported from Excel,2025-09-23 12:44:48.234,5,2
4054,2172,2172,100000,2025-09-23 13:31:17.425,CCA,,First Installment - Imported from Excel,2025-09-23 13:31:17.426,5,3
5560,2172,2172,100000,2025-09-23 14:41:26.492,CCA,,First Installment - Imported from Excel,2025-09-23 14:41:26.492,5,4
7066,2172,2172,100000,2025-09-23 14:55:21.632,CCA,,First Installment - Imported from Excel,2025-09-23 14:55:21.633,5,5
2549,2173,2173,50000,2025-09-23 12:44:48.239,CCA,,First Installment - Imported from Excel,2025-09-23 12:44:48.24,5,2
4055,2173,2173,50000,2025-09-23 13:31:17.431,CCA,,First Installment - Imported from Excel,2025-09-23 13:31:17.432,5,3
5561,2173,2173,50000,2025-09-23 14:41:26.501,CCA,,First Installment - Imported from Excel,2025-09-23 14:41:26.501,5,4
7067,2173,2173,50000,2025-09-23 14:55:21.643,CCA,,First Installment - Imported from Excel,2025-09-23 14:55:21.644,5,5
4056,2174,2174,15000,2025-09-23 13:31:17.437,CCA,,First Installment - Imported from Excel,2025-09-23 13:31:17.437,4,2
5562,2174,2174,15000,2025-09-23 14:41:26.511,CCA,,First Installment - Imported from Excel,2025-09-23 14:41:26.512,4,3
7068,2174,2174,15000,2025-09-23 14:55:21.65,CCA,,First Installment - Imported from Excel,2025-09-23 14:55:21.651,4,4
4057,2174,2174,85000,2025-09-23 13:31:17.438,CCA,,Second Installment - Imported from Excel,2025-09-23 13:31:17.438,4,2
5563,2174,2174,85000,2025-09-23 14:41:26.513,CCA,,Second Installment - Imported from Excel,2025-09-23 14:41:26.513,4,3
7069,2174,2174,85000,2025-09-23 14:55:21.652,CCA,,Second Installment - Imported from Excel,2025-09-23 14:55:21.653,4,4
2552,2175,2175,85000,2025-09-23 12:44:48.253,CCA,,First Installment - Imported from Excel,2025-09-23 12:44:48.254,5,2
4058,2175,2175,85000,2025-09-23 13:31:17.443,CCA,,First Installment - Imported from Excel,2025-09-23 13:31:17.444,5,3
5564,2175,2175,85000,2025-09-23 14:41:26.521,CCA,,First Installment - Imported from Excel,2025-09-23 14:41:26.522,5,4
7070,2175,2175,85000,2025-09-23 14:55:21.659,CCA,,First Installment - Imported from Excel,2025-09-23 14:55:21.66,5,5
2553,2176,2176,175000,2025-09-23 12:44:48.259,CCA,,First Installment - Imported from Excel,2025-09-23 12:44:48.26,5,2
4059,2176,2176,175000,2025-09-23 13:31:17.448,CCA,,First Installment - Imported from Excel,2025-09-23 13:31:17.449,5,3
5565,2176,2176,175000,2025-09-23 14:41:26.532,CCA,,First Installment - Imported from Excel,2025-09-23 14:41:26.533,5,4
7071,2176,2176,175000,2025-09-23 14:55:21.667,CCA,,First Installment - Imported from Excel,2025-09-23 14:55:21.668,5,5
2554,2177,2177,175000,2025-09-23 12:44:48.266,CCA,,First Installment - Imported from Excel,2025-09-23 12:44:48.266,5,2
4060,2177,2177,175000,2025-09-23 13:31:17.455,CCA,,First Installment - Imported from Excel,2025-09-23 13:31:17.456,5,3
5566,2177,2177,175000,2025-09-23 14:41:26.541,CCA,,First Installment - Imported from Excel,2025-09-23 14:41:26.542,5,4
7072,2177,2177,175000,2025-09-23 14:55:21.676,CCA,,First Installment - Imported from Excel,2025-09-23 14:55:21.677,5,5
2555,2178,2178,100000,2025-09-23 12:44:48.271,CCA,,First Installment - Imported from Excel,2025-09-23 12:44:48.272,5,2
4061,2178,2178,100000,2025-09-23 13:31:17.461,CCA,,First Installment - Imported from Excel,2025-09-23 13:31:17.461,5,3
5567,2178,2178,100000,2025-09-23 14:41:26.552,CCA,,First Installment - Imported from Excel,2025-09-23 14:41:26.553,5,4
7073,2178,2178,100000,2025-09-23 14:55:21.686,CCA,,First Installment - Imported from Excel,2025-09-23 14:55:21.687,5,5
4062,2180,2180,15000,2025-09-23 13:31:17.467,CCA,,First Installment - Imported from Excel,2025-09-23 13:31:17.467,4,2
5568,2180,2180,15000,2025-09-23 14:41:26.745,CCA,,First Installment - Imported from Excel,2025-09-23 14:41:26.746,4,3
7074,2180,2180,15000,2025-09-23 14:55:21.87,CCA,,First Installment - Imported from Excel,2025-09-23 14:55:21.871,4,4
4063,2180,2180,85000,2025-09-23 13:31:17.469,CCA,,Second Installment - Imported from Excel,2025-09-23 13:31:17.47,4,2
5569,2180,2180,85000,2025-09-23 14:41:26.747,CCA,,Second Installment - Imported from Excel,2025-09-23 14:41:26.748,4,3
7075,2180,2180,85000,2025-09-23 14:55:21.872,CCA,,Second Installment - Imported from Excel,2025-09-23 14:55:21.872,4,4
2558,2181,2181,100000,2025-09-23 12:44:48.284,CCA,,First Installment - Imported from Excel,2025-09-23 12:44:48.284,5,2
4064,2181,2181,100000,2025-09-23 13:31:17.475,CCA,,First Installment - Imported from Excel,2025-09-23 13:31:17.476,5,3
5570,2181,2181,100000,2025-09-23 14:41:26.949,CCA,,First Installment - Imported from Excel,2025-09-23 14:41:26.95,5,4
7076,2181,2181,100000,2025-09-23 14:55:22.044,CCA,,First Installment - Imported from Excel,2025-09-23 14:55:22.044,5,5
2559,2182,2182,15000,2025-09-23 12:44:48.291,CCA,,First Installment - Imported from Excel,2025-09-23 12:44:48.291,5,2
4065,2182,2182,15000,2025-09-23 13:31:17.482,CCA,,First Installment - Imported from Excel,2025-09-23 13:31:17.482,5,3
5571,2182,2182,15000,2025-09-23 14:41:26.96,CCA,,First Installment - Imported from Excel,2025-09-23 14:41:26.961,5,4
7077,2182,2182,15000,2025-09-23 14:55:22.053,CCA,,First Installment - Imported from Excel,2025-09-23 14:55:22.054,5,5
4066,2182,2182,85000,2025-09-23 13:31:17.483,CCA,,Second Installment - Imported from Excel,2025-09-23 13:31:17.484,4,2
5572,2182,2182,85000,2025-09-23 14:41:26.965,CCA,,Second Installment - Imported from Excel,2025-09-23 14:41:26.966,4,3
7078,2182,2182,85000,2025-09-23 14:55:22.055,CCA,,Second Installment - Imported from Excel,2025-09-23 14:55:22.055,4,4
2561,2183,2183,100000,2025-09-23 12:44:48.298,CCA,,First Installment - Imported from Excel,2025-09-23 12:44:48.299,5,2
4067,2183,2183,100000,2025-09-23 13:31:17.49,CCA,,First Installment - Imported from Excel,2025-09-23 13:31:17.491,5,3
5573,2183,2183,100000,2025-09-23 14:41:26.974,CCA,,First Installment - Imported from Excel,2025-09-23 14:41:26.975,5,4
7079,2183,2183,100000,2025-09-23 14:55:22.063,CCA,,First Installment - Imported from Excel,2025-09-23 14:55:22.064,5,5
2562,2185,2185,100000,2025-09-23 12:44:48.304,CCA,,First Installment - Imported from Excel,2025-09-23 12:44:48.305,5,2
4068,2185,2185,100000,2025-09-23 13:31:17.498,CCA,,First Installment - Imported from Excel,2025-09-23 13:31:17.499,5,3
5574,2185,2185,100000,2025-09-23 14:41:26.982,CCA,,First Installment - Imported from Excel,2025-09-23 14:41:26.983,5,4
7080,2185,2185,100000,2025-09-23 14:55:22.071,CCA,,First Installment - Imported from Excel,2025-09-23 14:55:22.072,5,5
4069,2186,2186,15000,2025-09-23 13:31:17.505,CCA,,First Installment - Imported from Excel,2025-09-23 13:31:17.505,4,2
5575,2186,2186,15000,2025-09-23 14:41:26.99,CCA,,First Installment - Imported from Excel,2025-09-23 14:41:26.991,4,3
7081,2186,2186,15000,2025-09-23 14:55:22.081,CCA,,First Installment - Imported from Excel,2025-09-23 14:55:22.082,4,4
4070,2186,2186,100000,2025-09-23 13:31:17.506,CCA,,Second Installment - Imported from Excel,2025-09-23 13:31:17.506,4,2
5576,2186,2186,100000,2025-09-23 14:41:26.991,CCA,,Second Installment - Imported from Excel,2025-09-23 14:41:26.992,4,3
7082,2186,2186,100000,2025-09-23 14:55:22.082,CCA,,Second Installment - Imported from Excel,2025-09-23 14:55:22.083,4,4
2565,2187,2187,100000,2025-09-23 12:44:48.319,CCA,,First Installment - Imported from Excel,2025-09-23 12:44:48.32,5,2
4071,2187,2187,100000,2025-09-23 13:31:17.512,CCA,,First Installment - Imported from Excel,2025-09-23 13:31:17.513,5,3
5577,2187,2187,100000,2025-09-23 14:41:26.998,CCA,,First Installment - Imported from Excel,2025-09-23 14:41:26.999,5,4
7083,2187,2187,100000,2025-09-23 14:55:22.088,CCA,,First Installment - Imported from Excel,2025-09-23 14:55:22.089,5,5
4072,2188,2188,15000,2025-09-23 13:31:17.519,CCA,,First Installment - Imported from Excel,2025-09-23 13:31:17.519,4,2
5578,2188,2188,15000,2025-09-23 14:41:27.015,CCA,,First Installment - Imported from Excel,2025-09-23 14:41:27.015,4,3
7084,2188,2188,15000,2025-09-23 14:55:22.097,CCA,,First Installment - Imported from Excel,2025-09-23 14:55:22.098,4,4
4073,2188,2188,145000,2025-09-23 13:31:17.52,CCA,,Second Installment - Imported from Excel,2025-09-23 13:31:17.521,4,2
5579,2188,2188,145000,2025-09-23 14:41:27.017,CCA,,Second Installment - Imported from Excel,2025-09-23 14:41:27.018,4,3
7085,2188,2188,145000,2025-09-23 14:55:22.099,CCA,,Second Installment - Imported from Excel,2025-09-23 14:55:22.1,4,4
4074,2190,2190,50000,2025-09-23 13:31:17.53,CCA,,First Installment - Imported from Excel,2025-09-23 13:31:17.53,4,2
5580,2190,2190,50000,2025-09-23 14:41:27.032,CCA,,First Installment - Imported from Excel,2025-09-23 14:41:27.033,4,3
7086,2190,2190,50000,2025-09-23 14:55:22.106,CCA,,First Installment - Imported from Excel,2025-09-23 14:55:22.106,4,4
4075,2190,2190,105000,2025-09-23 13:31:17.531,CCA,,Second Installment - Imported from Excel,2025-09-23 13:31:17.532,4,2
5581,2190,2190,105000,2025-09-23 14:41:27.034,CCA,,Second Installment - Imported from Excel,2025-09-23 14:41:27.035,4,3
7087,2190,2190,105000,2025-09-23 14:55:22.107,CCA,,Second Installment - Imported from Excel,2025-09-23 14:55:22.108,4,4
4076,2191,2191,15000,2025-09-23 13:31:17.539,CCA,,First Installment - Imported from Excel,2025-09-23 13:31:17.54,4,2
5582,2191,2191,15000,2025-09-23 14:41:27.041,CCA,,First Installment - Imported from Excel,2025-09-23 14:41:27.041,4,3
7088,2191,2191,15000,2025-09-23 14:55:22.115,CCA,,First Installment - Imported from Excel,2025-09-23 14:55:22.116,4,4
4077,2191,2191,85000,2025-09-23 13:31:17.541,CCA,,Second Installment - Imported from Excel,2025-09-23 13:31:17.542,4,2
5583,2191,2191,85000,2025-09-23 14:41:27.043,CCA,,Second Installment - Imported from Excel,2025-09-23 14:41:27.044,4,3
7089,2191,2191,85000,2025-09-23 14:55:22.116,CCA,,Second Installment - Imported from Excel,2025-09-23 14:55:22.117,4,4
2572,2192,2192,100000,2025-09-23 12:44:48.352,CCA,,First Installment - Imported from Excel,2025-09-23 12:44:48.353,5,2
4078,2192,2192,100000,2025-09-23 13:31:17.549,CCA,,First Installment - Imported from Excel,2025-09-23 13:31:17.55,5,3
5584,2192,2192,100000,2025-09-23 14:41:27.051,CCA,,First Installment - Imported from Excel,2025-09-23 14:41:27.051,5,4
7090,2192,2192,100000,2025-09-23 14:55:22.125,CCA,,First Installment - Imported from Excel,2025-09-23 14:55:22.126,5,5
2573,2194,2194,15000,2025-09-23 12:44:48.359,CCA,,First Installment - Imported from Excel,2025-09-23 12:44:48.359,5,2
4079,2194,2194,15000,2025-09-23 13:31:17.556,CCA,,First Installment - Imported from Excel,2025-09-23 13:31:17.557,5,3
5585,2194,2194,15000,2025-09-23 14:41:27.063,CCA,,First Installment - Imported from Excel,2025-09-23 14:41:27.064,5,4
7091,2194,2194,15000,2025-09-23 14:55:22.132,CCA,,First Installment - Imported from Excel,2025-09-23 14:55:22.132,5,5
2574,2197,2197,40000,2025-09-23 12:44:48.365,CCA,,First Installment - Imported from Excel,2025-09-23 12:44:48.366,5,2
4080,2197,2197,40000,2025-09-23 13:31:17.564,CCA,,First Installment - Imported from Excel,2025-09-23 13:31:17.565,5,3
5586,2197,2197,40000,2025-09-23 14:41:27.073,CCA,,First Installment - Imported from Excel,2025-09-23 14:41:27.074,5,4
7092,2197,2197,40000,2025-09-23 14:55:22.137,CCA,,First Installment - Imported from Excel,2025-09-23 14:55:22.138,5,5
2575,2198,2198,15000,2025-09-23 12:44:48.371,CCA,,First Installment - Imported from Excel,2025-09-23 12:44:48.372,5,2
4081,2198,2198,15000,2025-09-23 13:31:17.573,CCA,,First Installment - Imported from Excel,2025-09-23 13:31:17.574,5,3
5587,2198,2198,15000,2025-09-23 14:41:27.082,CCA,,First Installment - Imported from Excel,2025-09-23 14:41:27.082,5,4
7093,2198,2198,15000,2025-09-23 14:55:22.142,CCA,,First Installment - Imported from Excel,2025-09-23 14:55:22.142,5,5
2576,2199,2199,160000,2025-09-23 12:44:48.378,CCA,,First Installment - Imported from Excel,2025-09-23 12:44:48.379,5,2
4082,2199,2199,160000,2025-09-23 13:31:17.579,CCA,,First Installment - Imported from Excel,2025-09-23 13:31:17.58,5,3
5588,2199,2199,160000,2025-09-23 14:41:27.256,CCA,,First Installment - Imported from Excel,2025-09-23 14:41:27.257,5,4
7094,2199,2199,160000,2025-09-23 14:55:22.311,CCA,,First Installment - Imported from Excel,2025-09-23 14:55:22.312,5,5
2577,2200,2200,175000,2025-09-23 12:44:48.384,CCA,,First Installment - Imported from Excel,2025-09-23 12:44:48.385,5,2
4083,2200,2200,175000,2025-09-23 13:31:17.585,CCA,,First Installment - Imported from Excel,2025-09-23 13:31:17.586,5,3
5589,2200,2200,175000,2025-09-23 14:41:27.265,CCA,,First Installment - Imported from Excel,2025-09-23 14:41:27.265,5,4
7095,2200,2200,175000,2025-09-23 14:55:22.318,CCA,,First Installment - Imported from Excel,2025-09-23 14:55:22.319,5,5
2578,2202,2202,100000,2025-09-23 12:44:48.392,CCA,,First Installment - Imported from Excel,2025-09-23 12:44:48.393,5,2
4084,2202,2202,100000,2025-09-23 13:31:17.592,CCA,,First Installment - Imported from Excel,2025-09-23 13:31:17.593,5,3
5590,2202,2202,100000,2025-09-23 14:41:27.273,CCA,,First Installment - Imported from Excel,2025-09-23 14:41:27.274,5,4
7096,2202,2202,100000,2025-09-23 14:55:22.325,CCA,,First Installment - Imported from Excel,2025-09-23 14:55:22.325,5,5
2579,2203,2203,150000,2025-09-23 12:44:48.401,CCA,,First Installment - Imported from Excel,2025-09-23 12:44:48.402,5,2
4085,2203,2203,150000,2025-09-23 13:31:17.6,CCA,,First Installment - Imported from Excel,2025-09-23 13:31:17.6,5,3
5591,2203,2203,150000,2025-09-23 14:41:27.283,CCA,,First Installment - Imported from Excel,2025-09-23 14:41:27.283,5,4
7097,2203,2203,150000,2025-09-23 14:55:22.331,CCA,,First Installment - Imported from Excel,2025-09-23 14:55:22.331,5,5
2580,2205,2205,15000,2025-09-23 12:44:48.41,CCA,,First Installment - Imported from Excel,2025-09-23 12:44:48.411,5,2
4086,2205,2205,15000,2025-09-23 13:31:17.609,CCA,,First Installment - Imported from Excel,2025-09-23 13:31:17.61,5,3
5592,2205,2205,15000,2025-09-23 14:41:27.471,CCA,,First Installment - Imported from Excel,2025-09-23 14:41:27.472,5,4
7098,2205,2205,15000,2025-09-23 14:55:22.49,CCA,,First Installment - Imported from Excel,2025-09-23 14:55:22.491,5,5
2581,2206,2206,100000,2025-09-23 12:44:48.422,CCA,,First Installment - Imported from Excel,2025-09-23 12:44:48.423,5,2
4087,2206,2206,100000,2025-09-23 13:31:17.618,CCA,,First Installment - Imported from Excel,2025-09-23 13:31:17.618,5,3
5593,2206,2206,100000,2025-09-23 14:41:27.48,CCA,,First Installment - Imported from Excel,2025-09-23 14:41:27.481,5,4
7099,2206,2206,100000,2025-09-23 14:55:22.497,CCA,,First Installment - Imported from Excel,2025-09-23 14:55:22.498,5,5
2582,2207,2207,85000,2025-09-23 12:44:48.43,CCA,,First Installment - Imported from Excel,2025-09-23 12:44:48.43,5,2
4088,2207,2207,85000,2025-09-23 13:31:17.626,CCA,,First Installment - Imported from Excel,2025-09-23 13:31:17.627,5,3
5594,2207,2207,85000,2025-09-23 14:41:27.487,CCA,,First Installment - Imported from Excel,2025-09-23 14:41:27.488,5,4
7100,2207,2207,85000,2025-09-23 14:55:22.504,CCA,,First Installment - Imported from Excel,2025-09-23 14:55:22.505,5,5
2583,2209,2209,175000,2025-09-23 12:44:48.438,CCA,,First Installment - Imported from Excel,2025-09-23 12:44:48.438,5,2
4089,2209,2209,175000,2025-09-23 13:31:17.634,CCA,,First Installment - Imported from Excel,2025-09-23 13:31:17.635,5,3
5595,2209,2209,175000,2025-09-23 14:41:27.493,CCA,,First Installment - Imported from Excel,2025-09-23 14:41:27.494,5,4
7101,2209,2209,175000,2025-09-23 14:55:22.51,CCA,,First Installment - Imported from Excel,2025-09-23 14:55:22.511,5,5
2584,2210,2210,100000,2025-09-23 12:44:48.444,CCA,,First Installment - Imported from Excel,2025-09-23 12:44:48.445,5,2
4090,2210,2210,100000,2025-09-23 13:31:17.64,CCA,,First Installment - Imported from Excel,2025-09-23 13:31:17.641,5,3
5596,2210,2210,100000,2025-09-23 14:41:27.5,CCA,,First Installment - Imported from Excel,2025-09-23 14:41:27.501,5,4
7102,2210,2210,100000,2025-09-23 14:55:22.516,CCA,,First Installment - Imported from Excel,2025-09-23 14:55:22.517,5,5
2585,2212,2212,70000,2025-09-23 12:44:48.451,CCA,,First Installment - Imported from Excel,2025-09-23 12:44:48.451,5,2
4091,2212,2212,70000,2025-09-23 13:31:17.647,CCA,,First Installment - Imported from Excel,2025-09-23 13:31:17.648,5,3
5597,2212,2212,70000,2025-09-23 14:41:27.512,CCA,,First Installment - Imported from Excel,2025-09-23 14:41:27.513,5,4
7103,2212,2212,70000,2025-09-23 14:55:22.521,CCA,,First Installment - Imported from Excel,2025-09-23 14:55:22.522,5,5
2586,2216,2216,15000,2025-09-23 12:44:48.457,CCA,,First Installment - Imported from Excel,2025-09-23 12:44:48.458,5,2
4092,2216,2216,15000,2025-09-23 13:31:17.654,CCA,,First Installment - Imported from Excel,2025-09-23 13:31:17.655,5,3
5598,2216,2216,15000,2025-09-23 14:41:27.522,CCA,,First Installment - Imported from Excel,2025-09-23 14:41:27.523,5,4
7104,2216,2216,15000,2025-09-23 14:55:22.529,CCA,,First Installment - Imported from Excel,2025-09-23 14:55:22.529,5,5
2587,2218,2218,50000,2025-09-23 12:44:48.464,CCA,,First Installment - Imported from Excel,2025-09-23 12:44:48.465,5,2
4093,2218,2218,50000,2025-09-23 13:31:17.663,CCA,,First Installment - Imported from Excel,2025-09-23 13:31:17.664,5,3
5599,2218,2218,50000,2025-09-23 14:41:27.53,CCA,,First Installment - Imported from Excel,2025-09-23 14:41:27.531,5,4
7105,2218,2218,50000,2025-09-23 14:55:22.536,CCA,,First Installment - Imported from Excel,2025-09-23 14:55:22.536,5,5
2684,2221,2221,100000,2025-09-23 12:44:50.18,CCA,,First Installment - Imported from Excel,2025-09-23 12:44:50.181,5,2
4190,2221,2221,100000,2025-09-23 13:31:18.641,CCA,,First Installment - Imported from Excel,2025-09-23 13:31:18.642,5,3
5696,2221,2221,100000,2025-09-23 14:41:30.498,CCA,,First Installment - Imported from Excel,2025-09-23 14:41:30.499,5,4
7202,2221,2221,100000,2025-09-23 14:55:25.178,CCA,,First Installment - Imported from Excel,2025-09-23 14:55:25.179,5,5
2685,2222,2222,50000,2025-09-23 12:44:50.189,CCA,,First Installment - Imported from Excel,2025-09-23 12:44:50.19,5,2
4191,2222,2222,50000,2025-09-23 13:31:18.651,CCA,,First Installment - Imported from Excel,2025-09-23 13:31:18.652,5,3
5697,2222,2222,50000,2025-09-23 14:41:30.506,CCA,,First Installment - Imported from Excel,2025-09-23 14:41:30.506,5,4
7203,2222,2222,50000,2025-09-23 14:55:25.186,CCA,,First Installment - Imported from Excel,2025-09-23 14:55:25.187,5,5
4192,2224,2224,15000,2025-09-23 13:31:18.659,CCA,,First Installment - Imported from Excel,2025-09-23 13:31:18.66,4,2
5698,2224,2224,15000,2025-09-23 14:41:30.684,CCA,,First Installment - Imported from Excel,2025-09-23 14:41:30.685,4,3
7204,2224,2224,15000,2025-09-23 14:55:25.369,CCA,,First Installment - Imported from Excel,2025-09-23 14:55:25.37,4,4
4193,2224,2224,85000,2025-09-23 13:31:18.661,CCA,,Second Installment - Imported from Excel,2025-09-23 13:31:18.661,4,2
5699,2224,2224,85000,2025-09-23 14:41:30.686,CCA,,Second Installment - Imported from Excel,2025-09-23 14:41:30.687,4,3
7205,2224,2224,85000,2025-09-23 14:55:25.371,CCA,,Second Installment - Imported from Excel,2025-09-23 14:55:25.371,4,4
4194,2225,2225,25000,2025-09-23 13:31:18.67,CCA,,First Installment - Imported from Excel,2025-09-23 13:31:18.671,4,2
5700,2225,2225,25000,2025-09-23 14:41:30.693,CCA,,First Installment - Imported from Excel,2025-09-23 14:41:30.694,4,3
7206,2225,2225,25000,2025-09-23 14:55:25.377,CCA,,First Installment - Imported from Excel,2025-09-23 14:55:25.378,4,4
4195,2225,2225,90000,2025-09-23 13:31:18.673,CCA,,Second Installment - Imported from Excel,2025-09-23 13:31:18.673,4,2
5701,2225,2225,90000,2025-09-23 14:41:30.694,CCA,,Second Installment - Imported from Excel,2025-09-23 14:41:30.695,4,3
7207,2225,2225,90000,2025-09-23 14:55:25.379,CCA,,Second Installment - Imported from Excel,2025-09-23 14:55:25.379,4,4
2690,2226,2226,100000,2025-09-23 12:44:50.216,CCA,,First Installment - Imported from Excel,2025-09-23 12:44:50.217,5,2
4196,2226,2226,100000,2025-09-23 13:31:18.681,CCA,,First Installment - Imported from Excel,2025-09-23 13:31:18.682,5,3
5702,2226,2226,100000,2025-09-23 14:41:30.702,CCA,,First Installment - Imported from Excel,2025-09-23 14:41:30.703,5,4
7208,2226,2226,100000,2025-09-23 14:55:25.386,CCA,,First Installment - Imported from Excel,2025-09-23 14:55:25.386,5,5
2691,2227,2227,15000,2025-09-23 12:44:50.223,CCA,,First Installment - Imported from Excel,2025-09-23 12:44:50.224,5,2
4197,2227,2227,15000,2025-09-23 13:31:18.689,CCA,,First Installment - Imported from Excel,2025-09-23 13:31:18.689,5,3
5703,2227,2227,15000,2025-09-23 14:41:30.712,CCA,,First Installment - Imported from Excel,2025-09-23 14:41:30.713,5,4
7209,2227,2227,15000,2025-09-23 14:55:25.392,CCA,,First Installment - Imported from Excel,2025-09-23 14:55:25.393,5,5
2692,2228,2228,100000,2025-09-23 12:44:50.229,CCA,,First Installment - Imported from Excel,2025-09-23 12:44:50.23,5,2
4198,2228,2228,100000,2025-09-23 13:31:18.696,CCA,,First Installment - Imported from Excel,2025-09-23 13:31:18.697,5,3
5704,2228,2228,100000,2025-09-23 14:41:30.897,CCA,,First Installment - Imported from Excel,2025-09-23 14:41:30.897,5,4
7210,2228,2228,100000,2025-09-23 14:55:25.573,CCA,,First Installment - Imported from Excel,2025-09-23 14:55:25.574,5,5
4199,2230,2230,30000,2025-09-23 13:31:18.706,CCA,,First Installment - Imported from Excel,2025-09-23 13:31:18.707,4,2
5705,2230,2230,30000,2025-09-23 14:41:30.903,CCA,,First Installment - Imported from Excel,2025-09-23 14:41:30.904,4,3
7211,2230,2230,30000,2025-09-23 14:55:25.579,CCA,,First Installment - Imported from Excel,2025-09-23 14:55:25.58,4,4
2694,2231,2231,25000,2025-09-23 12:44:50.242,CCA,,First Installment - Imported from Excel,2025-09-23 12:44:50.243,5,2
4200,2231,2231,25000,2025-09-23 13:31:18.716,CCA,,First Installment - Imported from Excel,2025-09-23 13:31:18.717,5,3
5706,2231,2231,25000,2025-09-23 14:41:30.911,CCA,,First Installment - Imported from Excel,2025-09-23 14:41:30.912,5,4
7212,2231,2231,25000,2025-09-23 14:55:25.586,CCA,,First Installment - Imported from Excel,2025-09-23 14:55:25.587,5,5
2695,2232,2232,70000,2025-09-23 12:44:50.248,CCA,,First Installment - Imported from Excel,2025-09-23 12:44:50.249,5,2
4201,2232,2232,70000,2025-09-23 13:31:18.726,CCA,,First Installment - Imported from Excel,2025-09-23 13:31:18.727,5,3
5707,2232,2232,70000,2025-09-23 14:41:30.918,CCA,,First Installment - Imported from Excel,2025-09-23 14:41:30.918,5,4
7213,2232,2232,70000,2025-09-23 14:55:25.593,CCA,,First Installment - Imported from Excel,2025-09-23 14:55:25.594,5,5
2696,2234,2234,15000,2025-09-23 12:44:50.254,CCA,,First Installment - Imported from Excel,2025-09-23 12:44:50.255,5,2
4202,2234,2234,15000,2025-09-23 13:31:18.735,CCA,,First Installment - Imported from Excel,2025-09-23 13:31:18.735,5,3
5708,2234,2234,15000,2025-09-23 14:41:30.924,CCA,,First Installment - Imported from Excel,2025-09-23 14:41:30.925,5,4
7214,2234,2234,15000,2025-09-23 14:55:25.598,CCA,,First Installment - Imported from Excel,2025-09-23 14:55:25.599,5,5
2697,2235,2235,175000,2025-09-23 12:44:50.263,CCA,,First Installment - Imported from Excel,2025-09-23 12:44:50.264,5,2
4203,2235,2235,175000,2025-09-23 13:31:18.743,CCA,,First Installment - Imported from Excel,2025-09-23 13:31:18.744,5,3
5709,2235,2235,175000,2025-09-23 14:41:31.1,CCA,,First Installment - Imported from Excel,2025-09-23 14:41:31.1,5,4
7215,2235,2235,175000,2025-09-23 14:55:25.767,CCA,,First Installment - Imported from Excel,2025-09-23 14:55:25.767,5,5
2698,2236,2236,100000,2025-09-23 12:44:50.27,CCA,,First Installment - Imported from Excel,2025-09-23 12:44:50.271,5,2
4204,2236,2236,100000,2025-09-23 13:31:18.749,CCA,,First Installment - Imported from Excel,2025-09-23 13:31:18.75,5,3
5710,2236,2236,100000,2025-09-23 14:41:31.108,CCA,,First Installment - Imported from Excel,2025-09-23 14:41:31.109,5,4
7216,2236,2236,100000,2025-09-23 14:55:25.775,CCA,,First Installment - Imported from Excel,2025-09-23 14:55:25.776,5,5
2699,2240,2240,15000,2025-09-23 12:44:50.276,CCA,,First Installment - Imported from Excel,2025-09-23 12:44:50.277,5,2
4205,2240,2240,15000,2025-09-23 13:31:18.759,CCA,,First Installment - Imported from Excel,2025-09-23 13:31:18.76,5,3
5711,2240,2240,15000,2025-09-23 14:41:31.115,CCA,,First Installment - Imported from Excel,2025-09-23 14:41:31.116,5,4
7217,2240,2240,15000,2025-09-23 14:55:25.781,CCA,,First Installment - Imported from Excel,2025-09-23 14:55:25.782,5,5
2700,2241,2241,25000,2025-09-23 12:44:50.283,CCA,,First Installment - Imported from Excel,2025-09-23 12:44:50.284,5,2
4206,2241,2241,25000,2025-09-23 13:31:18.767,CCA,,First Installment - Imported from Excel,2025-09-23 13:31:18.768,5,3
5712,2241,2241,25000,2025-09-23 14:41:31.123,CCA,,First Installment - Imported from Excel,2025-09-23 14:41:31.124,5,4
7218,2241,2241,25000,2025-09-23 14:55:25.786,CCA,,First Installment - Imported from Excel,2025-09-23 14:55:25.787,5,5
2701,2242,2242,100000,2025-09-23 12:44:50.289,CCA,,First Installment - Imported from Excel,2025-09-23 12:44:50.29,5,2
4207,2242,2242,100000,2025-09-23 13:31:18.774,CCA,,First Installment - Imported from Excel,2025-09-23 13:31:18.774,5,3
5713,2242,2242,100000,2025-09-23 14:41:31.129,CCA,,First Installment - Imported from Excel,2025-09-23 14:41:31.13,5,4
7219,2242,2242,100000,2025-09-23 14:55:25.792,CCA,,First Installment - Imported from Excel,2025-09-23 14:55:25.793,5,5
4208,2243,2243,25000,2025-09-23 13:31:18.78,CCA,,First Installment - Imported from Excel,2025-09-23 13:31:18.78,4,2
5714,2243,2243,25000,2025-09-23 14:41:31.137,CCA,,First Installment - Imported from Excel,2025-09-23 14:41:31.137,4,3
7220,2243,2243,25000,2025-09-23 14:55:25.798,CCA,,First Installment - Imported from Excel,2025-09-23 14:55:25.799,4,4
4209,2243,2243,50000,2025-09-23 13:31:18.781,CCA,,Second Installment - Imported from Excel,2025-09-23 13:31:18.782,4,2
5715,2243,2243,50000,2025-09-23 14:41:31.138,CCA,,Second Installment - Imported from Excel,2025-09-23 14:41:31.138,4,3
7221,2243,2243,50000,2025-09-23 14:55:25.799,CCA,,Second Installment - Imported from Excel,2025-09-23 14:55:25.8,4,4
2704,2244,2244,60000,2025-09-23 12:44:50.305,CCA,,First Installment - Imported from Excel,2025-09-23 12:44:50.305,5,2
4210,2244,2244,60000,2025-09-23 13:31:18.787,CCA,,First Installment - Imported from Excel,2025-09-23 13:31:18.788,5,3
5716,2244,2244,60000,2025-09-23 14:41:31.144,CCA,,First Installment - Imported from Excel,2025-09-23 14:41:31.144,5,4
7222,2244,2244,60000,2025-09-23 14:55:25.806,CCA,,First Installment - Imported from Excel,2025-09-23 14:55:25.807,5,5
2705,2245,2245,80000,2025-09-23 12:44:50.312,CCA,,First Installment - Imported from Excel,2025-09-23 12:44:50.313,5,2
4211,2245,2245,80000,2025-09-23 13:31:18.795,CCA,,First Installment - Imported from Excel,2025-09-23 13:31:18.795,5,3
5717,2245,2245,80000,2025-09-23 14:41:31.153,CCA,,First Installment - Imported from Excel,2025-09-23 14:41:31.154,5,4
7223,2245,2245,80000,2025-09-23 14:55:25.812,CCA,,First Installment - Imported from Excel,2025-09-23 14:55:25.813,5,5
4212,2246,2246,15000,2025-09-23 13:31:18.804,CCA,,First Installment - Imported from Excel,2025-09-23 13:31:18.805,4,2
5718,2246,2246,15000,2025-09-23 14:41:31.161,CCA,,First Installment - Imported from Excel,2025-09-23 14:41:31.161,4,3
7224,2246,2246,15000,2025-09-23 14:55:25.819,CCA,,First Installment - Imported from Excel,2025-09-23 14:55:25.82,4,4
4213,2246,2246,20000,2025-09-23 13:31:18.806,CCA,,Second Installment - Imported from Excel,2025-09-23 13:31:18.806,4,2
5719,2246,2246,20000,2025-09-23 14:41:31.162,CCA,,Second Installment - Imported from Excel,2025-09-23 14:41:31.163,4,3
7225,2246,2246,20000,2025-09-23 14:55:25.821,CCA,,Second Installment - Imported from Excel,2025-09-23 14:55:25.822,4,4
4214,2248,2248,80000,2025-09-23 13:31:18.812,CCA,,First Installment - Imported from Excel,2025-09-23 13:31:18.812,4,2
5720,2248,2248,80000,2025-09-23 14:41:31.337,CCA,,First Installment - Imported from Excel,2025-09-23 14:41:31.338,4,3
7226,2248,2248,80000,2025-09-23 14:55:26.003,CCA,,First Installment - Imported from Excel,2025-09-23 14:55:26.004,4,4
2709,2249,2249,50000,2025-09-23 12:44:50.34,CCA,,First Installment - Imported from Excel,2025-09-23 12:44:50.341,5,2
4215,2249,2249,50000,2025-09-23 13:31:18.818,CCA,,First Installment - Imported from Excel,2025-09-23 13:31:18.819,5,3
5721,2249,2249,50000,2025-09-23 14:41:31.345,CCA,,First Installment - Imported from Excel,2025-09-23 14:41:31.346,5,4
7227,2249,2249,50000,2025-09-23 14:55:26.013,CCA,,First Installment - Imported from Excel,2025-09-23 14:55:26.014,5,5
2710,2250,2250,15000,2025-09-23 12:44:50.347,CCA,,First Installment - Imported from Excel,2025-09-23 12:44:50.348,5,2
4216,2250,2250,15000,2025-09-23 13:31:18.824,CCA,,First Installment - Imported from Excel,2025-09-23 13:31:18.825,5,3
5722,2250,2250,15000,2025-09-23 14:41:31.352,CCA,,First Installment - Imported from Excel,2025-09-23 14:41:31.352,5,4
7228,2250,2250,15000,2025-09-23 14:55:26.021,CCA,,First Installment - Imported from Excel,2025-09-23 14:55:26.021,5,5
2711,2251,2251,15000,2025-09-23 12:44:50.356,CCA,,First Installment - Imported from Excel,2025-09-23 12:44:50.356,5,2
4217,2251,2251,15000,2025-09-23 13:31:18.83,CCA,,First Installment - Imported from Excel,2025-09-23 13:31:18.83,5,3
5723,2251,2251,15000,2025-09-23 14:41:31.358,CCA,,First Installment - Imported from Excel,2025-09-23 14:41:31.358,5,4
7229,2251,2251,15000,2025-09-23 14:55:26.029,CCA,,First Installment - Imported from Excel,2025-09-23 14:55:26.029,5,5
2712,2252,2252,90000,2025-09-23 12:44:50.362,CCA,,First Installment - Imported from Excel,2025-09-23 12:44:50.362,5,2
4218,2252,2252,90000,2025-09-23 13:31:18.838,CCA,,First Installment - Imported from Excel,2025-09-23 13:31:18.838,5,3
5724,2252,2252,90000,2025-09-23 14:41:31.363,CCA,,First Installment - Imported from Excel,2025-09-23 14:41:31.364,5,4
7230,2252,2252,90000,2025-09-23 14:55:26.035,CCA,,First Installment - Imported from Excel,2025-09-23 14:55:26.036,5,5
2713,2253,2253,100000,2025-09-23 12:44:50.368,CCA,,First Installment - Imported from Excel,2025-09-23 12:44:50.369,5,2
4219,2253,2253,100000,2025-09-23 13:31:18.846,CCA,,First Installment - Imported from Excel,2025-09-23 13:31:18.847,5,3
5725,2253,2253,100000,2025-09-23 14:41:31.518,CCA,,First Installment - Imported from Excel,2025-09-23 14:41:31.519,5,4
7231,2253,2253,100000,2025-09-23 14:55:26.219,CCA,,First Installment - Imported from Excel,2025-09-23 14:55:26.22,5,5
2714,2254,2254,100000,2025-09-23 12:44:50.378,CCA,,First Installment - Imported from Excel,2025-09-23 12:44:50.379,5,2
4220,2254,2254,100000,2025-09-23 13:31:18.853,CCA,,First Installment - Imported from Excel,2025-09-23 13:31:18.854,5,3
5726,2254,2254,100000,2025-09-23 14:41:31.532,CCA,,First Installment - Imported from Excel,2025-09-23 14:41:31.533,5,4
7232,2254,2254,100000,2025-09-23 14:55:26.226,CCA,,First Installment - Imported from Excel,2025-09-23 14:55:26.227,5,5
2715,2255,2255,100000,2025-09-23 12:44:50.386,CCA,,First Installment - Imported from Excel,2025-09-23 12:44:50.387,5,2
4221,2255,2255,100000,2025-09-23 13:31:18.861,CCA,,First Installment - Imported from Excel,2025-09-23 13:31:18.862,5,3
5727,2255,2255,100000,2025-09-23 14:41:31.544,CCA,,First Installment - Imported from Excel,2025-09-23 14:41:31.545,5,4
7233,2255,2255,100000,2025-09-23 14:55:26.233,CCA,,First Installment - Imported from Excel,2025-09-23 14:55:26.234,5,5
2716,2256,2256,50000,2025-09-23 12:44:50.392,CCA,,First Installment - Imported from Excel,2025-09-23 12:44:50.393,5,2
4222,2256,2256,50000,2025-09-23 13:31:18.87,CCA,,First Installment - Imported from Excel,2025-09-23 13:31:18.871,5,3
5728,2256,2256,50000,2025-09-23 14:41:31.718,CCA,,First Installment - Imported from Excel,2025-09-23 14:41:31.718,5,4
7234,2256,2256,50000,2025-09-23 14:55:26.395,CCA,,First Installment - Imported from Excel,2025-09-23 14:55:26.395,5,5
2717,2258,2258,175000,2025-09-23 12:44:50.399,CCA,,First Installment - Imported from Excel,2025-09-23 12:44:50.4,5,2
4223,2258,2258,175000,2025-09-23 13:31:18.88,CCA,,First Installment - Imported from Excel,2025-09-23 13:31:18.881,5,3
5729,2258,2258,175000,2025-09-23 14:41:31.727,CCA,,First Installment - Imported from Excel,2025-09-23 14:41:31.728,5,4
7235,2258,2258,175000,2025-09-23 14:55:26.402,CCA,,First Installment - Imported from Excel,2025-09-23 14:55:26.403,5,5
2718,2267,2267,15000,2025-09-23 12:44:50.406,CCA,,First Installment - Imported from Excel,2025-09-23 12:44:50.406,5,2
4224,2267,2267,15000,2025-09-23 13:31:18.89,CCA,,First Installment - Imported from Excel,2025-09-23 13:31:18.89,5,3
5730,2267,2267,15000,2025-09-23 14:41:31.737,CCA,,First Installment - Imported from Excel,2025-09-23 14:41:31.738,5,4
7236,2267,2267,15000,2025-09-23 14:55:26.409,CCA,,First Installment - Imported from Excel,2025-09-23 14:55:26.409,5,5
2719,2268,2268,100000,2025-09-23 12:44:50.414,CCA,,First Installment - Imported from Excel,2025-09-23 12:44:50.414,5,2
4225,2268,2268,100000,2025-09-23 13:31:18.896,CCA,,First Installment - Imported from Excel,2025-09-23 13:31:18.897,5,3
5731,2268,2268,100000,2025-09-23 14:41:31.746,CCA,,First Installment - Imported from Excel,2025-09-23 14:41:31.747,5,4
7237,2268,2268,100000,2025-09-23 14:55:26.414,CCA,,First Installment - Imported from Excel,2025-09-23 14:55:26.415,5,5
2720,2269,2269,100000,2025-09-23 12:44:50.42,CCA,,First Installment - Imported from Excel,2025-09-23 12:44:50.421,5,2
4226,2269,2269,100000,2025-09-23 13:31:18.902,CCA,,First Installment - Imported from Excel,2025-09-23 13:31:18.902,5,3
5732,2269,2269,100000,2025-09-23 14:41:31.755,CCA,,First Installment - Imported from Excel,2025-09-23 14:41:31.756,5,4
7238,2269,2269,100000,2025-09-23 14:55:26.418,CCA,,First Installment - Imported from Excel,2025-09-23 14:55:26.419,5,5
2721,2271,2271,100000,2025-09-23 12:44:50.427,CCA,,First Installment - Imported from Excel,2025-09-23 12:44:50.427,5,2
4227,2271,2271,100000,2025-09-23 13:31:18.908,CCA,,First Installment - Imported from Excel,2025-09-23 13:31:18.909,5,3
5733,2271,2271,100000,2025-09-23 14:41:31.939,CCA,,First Installment - Imported from Excel,2025-09-23 14:41:31.94,5,4
7239,2271,2271,100000,2025-09-23 14:55:26.572,CCA,,First Installment - Imported from Excel,2025-09-23 14:55:26.573,5,5
2722,2272,2272,175000,2025-09-23 12:44:50.434,CCA,,First Installment - Imported from Excel,2025-09-23 12:44:50.435,5,2
4228,2272,2272,175000,2025-09-23 13:31:18.916,CCA,,First Installment - Imported from Excel,2025-09-23 13:31:18.917,5,3
5734,2272,2272,175000,2025-09-23 14:41:31.946,CCA,,First Installment - Imported from Excel,2025-09-23 14:41:31.947,5,4
7240,2272,2272,175000,2025-09-23 14:55:26.579,CCA,,First Installment - Imported from Excel,2025-09-23 14:55:26.58,5,5
4229,2273,2273,100000,2025-09-23 13:31:18.925,CCA,,First Installment - Imported from Excel,2025-09-23 13:31:18.925,4,2
5735,2273,2273,100000,2025-09-23 14:41:32.162,CCA,,First Installment - Imported from Excel,2025-09-23 14:41:32.163,4,3
7241,2273,2273,100000,2025-09-23 14:55:26.743,CCA,,First Installment - Imported from Excel,2025-09-23 14:55:26.744,4,4
2724,2275,2275,100000,2025-09-23 12:44:50.447,CCA,,First Installment - Imported from Excel,2025-09-23 12:44:50.447,5,2
4230,2275,2275,100000,2025-09-23 13:31:18.931,CCA,,First Installment - Imported from Excel,2025-09-23 13:31:18.932,5,3
5736,2275,2275,100000,2025-09-23 14:41:32.173,CCA,,First Installment - Imported from Excel,2025-09-23 14:41:32.174,5,4
7242,2275,2275,100000,2025-09-23 14:55:26.75,CCA,,First Installment - Imported from Excel,2025-09-23 14:55:26.75,5,5
2725,2276,2276,175000,2025-09-23 12:44:50.452,CCA,,First Installment - Imported from Excel,2025-09-23 12:44:50.453,5,2
4231,2276,2276,175000,2025-09-23 13:31:18.938,CCA,,First Installment - Imported from Excel,2025-09-23 13:31:18.939,5,3
5737,2276,2276,175000,2025-09-23 14:41:32.183,CCA,,First Installment - Imported from Excel,2025-09-23 14:41:32.183,5,4
7243,2276,2276,175000,2025-09-23 14:55:26.757,CCA,,First Installment - Imported from Excel,2025-09-23 14:55:26.758,5,5
2726,2278,2278,15000,2025-09-23 12:44:50.458,CCA,,First Installment - Imported from Excel,2025-09-23 12:44:50.459,5,2
4232,2278,2278,15000,2025-09-23 13:31:18.944,CCA,,First Installment - Imported from Excel,2025-09-23 13:31:18.945,5,3
5738,2278,2278,15000,2025-09-23 14:41:32.371,CCA,,First Installment - Imported from Excel,2025-09-23 14:41:32.372,5,4
7244,2278,2278,15000,2025-09-23 14:55:26.949,CCA,,First Installment - Imported from Excel,2025-09-23 14:55:26.949,5,5
2727,2279,2279,40000,2025-09-23 12:44:50.465,CCA,,First Installment - Imported from Excel,2025-09-23 12:44:50.466,5,2
4233,2279,2279,40000,2025-09-23 13:31:18.952,CCA,,First Installment - Imported from Excel,2025-09-23 13:31:18.953,5,3
5739,2279,2279,40000,2025-09-23 14:41:32.378,CCA,,First Installment - Imported from Excel,2025-09-23 14:41:32.379,5,4
7245,2279,2279,40000,2025-09-23 14:55:26.955,CCA,,First Installment - Imported from Excel,2025-09-23 14:55:26.956,5,5
2728,2280,2280,50000,2025-09-23 12:44:50.472,CCA,,First Installment - Imported from Excel,2025-09-23 12:44:50.472,5,2
4234,2280,2280,50000,2025-09-23 13:31:18.957,CCA,,First Installment - Imported from Excel,2025-09-23 13:31:18.958,5,3
5740,2280,2280,50000,2025-09-23 14:41:32.554,CCA,,First Installment - Imported from Excel,2025-09-23 14:41:32.555,5,4
7246,2280,2280,50000,2025-09-23 14:55:27.132,CCA,,First Installment - Imported from Excel,2025-09-23 14:55:27.132,5,5
2729,2282,2282,15000,2025-09-23 12:44:50.478,CCA,,First Installment - Imported from Excel,2025-09-23 12:44:50.479,5,2
4235,2282,2282,15000,2025-09-23 13:31:18.963,CCA,,First Installment - Imported from Excel,2025-09-23 13:31:18.964,5,3
5741,2282,2282,15000,2025-09-23 14:41:32.56,CCA,,First Installment - Imported from Excel,2025-09-23 14:41:32.561,5,4
7247,2282,2282,15000,2025-09-23 14:55:27.139,CCA,,First Installment - Imported from Excel,2025-09-23 14:55:27.14,5,5
2730,2283,2283,15000,2025-09-23 12:44:50.485,CCA,,First Installment - Imported from Excel,2025-09-23 12:44:50.486,5,2
4236,2283,2283,15000,2025-09-23 13:31:18.968,CCA,,First Installment - Imported from Excel,2025-09-23 13:31:18.969,5,3
5742,2283,2283,15000,2025-09-23 14:41:32.764,CCA,,First Installment - Imported from Excel,2025-09-23 14:41:32.764,5,4
7248,2283,2283,15000,2025-09-23 14:55:27.304,CCA,,First Installment - Imported from Excel,2025-09-23 14:55:27.305,5,5
2731,2284,2284,100000,2025-09-23 12:44:50.492,CCA,,First Installment - Imported from Excel,2025-09-23 12:44:50.493,5,2
4237,2284,2284,100000,2025-09-23 13:31:18.975,CCA,,First Installment - Imported from Excel,2025-09-23 13:31:18.975,5,3
5743,2284,2284,100000,2025-09-23 14:41:32.772,CCA,,First Installment - Imported from Excel,2025-09-23 14:41:32.773,5,4
7249,2284,2284,100000,2025-09-23 14:55:27.313,CCA,,First Installment - Imported from Excel,2025-09-23 14:55:27.314,5,5
4238,2285,2285,15000,2025-09-23 13:31:18.98,CCA,,First Installment - Imported from Excel,2025-09-23 13:31:18.981,4,2
5744,2285,2285,15000,2025-09-23 14:41:32.779,CCA,,First Installment - Imported from Excel,2025-09-23 14:41:32.78,4,3
7250,2285,2285,15000,2025-09-23 14:55:27.319,CCA,,First Installment - Imported from Excel,2025-09-23 14:55:27.32,4,4
4239,2285,2285,35000,2025-09-23 13:31:18.981,CCA,,Second Installment - Imported from Excel,2025-09-23 13:31:18.982,4,2
5745,2285,2285,35000,2025-09-23 14:41:32.782,CCA,,Second Installment - Imported from Excel,2025-09-23 14:41:32.782,4,3
7251,2285,2285,35000,2025-09-23 14:55:27.321,CCA,,Second Installment - Imported from Excel,2025-09-23 14:55:27.322,4,4
2734,2286,2286,50000,2025-09-23 12:44:50.506,CCA,,First Installment - Imported from Excel,2025-09-23 12:44:50.507,5,2
4240,2286,2286,50000,2025-09-23 13:31:18.987,CCA,,First Installment - Imported from Excel,2025-09-23 13:31:18.988,5,3
5746,2286,2286,50000,2025-09-23 14:41:32.789,CCA,,First Installment - Imported from Excel,2025-09-23 14:41:32.791,5,4
7252,2286,2286,50000,2025-09-23 14:55:27.328,CCA,,First Installment - Imported from Excel,2025-09-23 14:55:27.329,5,5
2735,2289,2289,15000,2025-09-23 12:44:50.512,CCA,,First Installment - Imported from Excel,2025-09-23 12:44:50.513,5,2
4241,2289,2289,15000,2025-09-23 13:31:18.993,CCA,,First Installment - Imported from Excel,2025-09-23 13:31:18.994,5,3
5747,2289,2289,15000,2025-09-23 14:41:32.799,CCA,,First Installment - Imported from Excel,2025-09-23 14:41:32.8,5,4
7253,2289,2289,15000,2025-09-23 14:55:27.335,CCA,,First Installment - Imported from Excel,2025-09-23 14:55:27.336,5,5
2736,2291,2291,40000,2025-09-23 12:44:50.519,CCA,,First Installment - Imported from Excel,2025-09-23 12:44:50.52,5,2
4242,2291,2291,40000,2025-09-23 13:31:18.999,CCA,,First Installment - Imported from Excel,2025-09-23 13:31:19,5,3
5748,2291,2291,40000,2025-09-23 14:41:32.807,CCA,,First Installment - Imported from Excel,2025-09-23 14:41:32.807,5,4
7254,2291,2291,40000,2025-09-23 14:55:27.344,CCA,,First Installment - Imported from Excel,2025-09-23 14:55:27.345,5,5
2809,2294,2294,15000,2025-09-23 12:44:50.997,CCA,,First Installment - Imported from Excel,2025-09-23 12:44:50.998,5,2
4315,2294,2294,15000,2025-09-23 13:31:19.442,CCA,,First Installment - Imported from Excel,2025-09-23 13:31:19.443,5,3
5821,2294,2294,15000,2025-09-23 14:41:36.218,CCA,,First Installment - Imported from Excel,2025-09-23 14:41:36.218,5,4
7327,2294,2294,15000,2025-09-23 14:55:30.52,CCA,,First Installment - Imported from Excel,2025-09-23 14:55:30.521,5,5
2810,2296,2296,95000,2025-09-23 12:44:51.007,CCA,,First Installment - Imported from Excel,2025-09-23 12:44:51.008,5,2
4316,2296,2296,95000,2025-09-23 13:31:19.448,CCA,,First Installment - Imported from Excel,2025-09-23 13:31:19.449,5,3
5822,2296,2296,95000,2025-09-23 14:41:36.224,CCA,,First Installment - Imported from Excel,2025-09-23 14:41:36.225,5,4
7328,2296,2296,95000,2025-09-23 14:55:30.525,CCA,,First Installment - Imported from Excel,2025-09-23 14:55:30.526,5,5
4317,2297,2297,32000,2025-09-23 13:31:19.455,CCA,,First Installment - Imported from Excel,2025-09-23 13:31:19.456,4,2
5823,2297,2297,32000,2025-09-23 14:41:36.398,CCA,,First Installment - Imported from Excel,2025-09-23 14:41:36.399,4,3
7329,2297,2297,32000,2025-09-23 14:55:30.683,CCA,,First Installment - Imported from Excel,2025-09-23 14:55:30.684,4,4
4318,2297,2297,110000,2025-09-23 13:31:19.457,CCA,,Second Installment - Imported from Excel,2025-09-23 13:31:19.457,4,2
5824,2297,2297,110000,2025-09-23 14:41:36.4,CCA,,Second Installment - Imported from Excel,2025-09-23 14:41:36.401,4,3
7330,2297,2297,110000,2025-09-23 14:55:30.685,CCA,,Second Installment - Imported from Excel,2025-09-23 14:55:30.685,4,4
2813,2298,2298,193000,2025-09-23 12:44:51.023,CCA,,First Installment - Imported from Excel,2025-09-23 12:44:51.024,5,2
4319,2298,2298,193000,2025-09-23 13:31:19.462,CCA,,First Installment - Imported from Excel,2025-09-23 13:31:19.463,5,3
5825,2298,2298,193000,2025-09-23 14:41:36.406,CCA,,First Installment - Imported from Excel,2025-09-23 14:41:36.406,5,4
7331,2298,2298,193000,2025-09-23 14:55:30.69,CCA,,First Installment - Imported from Excel,2025-09-23 14:55:30.691,5,5
2814,2299,2299,140000,2025-09-23 12:44:51.031,CCA,,First Installment - Imported from Excel,2025-09-23 12:44:51.031,5,2
4320,2299,2299,140000,2025-09-23 13:31:19.468,CCA,,First Installment - Imported from Excel,2025-09-23 13:31:19.469,5,3
5826,2299,2299,140000,2025-09-23 14:41:36.411,CCA,,First Installment - Imported from Excel,2025-09-23 14:41:36.412,5,4
7332,2299,2299,140000,2025-09-23 14:55:30.695,CCA,,First Installment - Imported from Excel,2025-09-23 14:55:30.696,5,5
2815,2300,2300,100000,2025-09-23 12:44:51.036,CCA,,First Installment - Imported from Excel,2025-09-23 12:44:51.037,5,2
4321,2300,2300,100000,2025-09-23 13:31:19.476,CCA,,First Installment - Imported from Excel,2025-09-23 13:31:19.477,5,3
5827,2300,2300,100000,2025-09-23 14:41:36.605,CCA,,First Installment - Imported from Excel,2025-09-23 14:41:36.606,5,4
7333,2300,2300,100000,2025-09-23 14:55:30.862,CCA,,First Installment - Imported from Excel,2025-09-23 14:55:30.863,5,5
2816,2301,2301,193000,2025-09-23 12:44:51.041,CCA,,First Installment - Imported from Excel,2025-09-23 12:44:51.042,5,2
4322,2301,2301,193000,2025-09-23 13:31:19.484,CCA,,First Installment - Imported from Excel,2025-09-23 13:31:19.485,5,3
5828,2301,2301,193000,2025-09-23 14:41:36.617,CCA,,First Installment - Imported from Excel,2025-09-23 14:41:36.618,5,4
7334,2301,2301,193000,2025-09-23 14:55:30.868,CCA,,First Installment - Imported from Excel,2025-09-23 14:55:30.869,5,5
4323,2302,2302,10000,2025-09-23 13:31:19.491,CCA,,First Installment - Imported from Excel,2025-09-23 13:31:19.492,4,2
5829,2302,2302,10000,2025-09-23 14:41:36.625,CCA,,First Installment - Imported from Excel,2025-09-23 14:41:36.626,4,3
7335,2302,2302,10000,2025-09-23 14:55:30.874,CCA,,First Installment - Imported from Excel,2025-09-23 14:55:30.874,4,4
4324,2302,2302,25000,2025-09-23 13:31:19.492,CCA,,Second Installment - Imported from Excel,2025-09-23 13:31:19.493,4,2
5830,2302,2302,25000,2025-09-23 14:41:36.629,CCA,,Second Installment - Imported from Excel,2025-09-23 14:41:36.63,4,3
7336,2302,2302,25000,2025-09-23 14:55:30.875,CCA,,Second Installment - Imported from Excel,2025-09-23 14:55:30.876,4,4
4325,2302,2302,100000,2025-09-23 13:31:19.493,CCA,,Third Installment - Imported from Excel,2025-09-23 13:31:19.494,4,2
5831,2302,2302,100000,2025-09-23 14:41:36.631,CCA,,Third Installment - Imported from Excel,2025-09-23 14:41:36.632,4,3
7337,2302,2302,100000,2025-09-23 14:55:30.877,CCA,,Third Installment - Imported from Excel,2025-09-23 14:55:30.878,4,4
2820,2303,2303,31000,2025-09-23 12:44:51.055,CCA,,First Installment - Imported from Excel,2025-09-23 12:44:51.055,5,2
4326,2303,2303,31000,2025-09-23 13:31:19.5,CCA,,First Installment - Imported from Excel,2025-09-23 13:31:19.501,5,3
5832,2303,2303,31000,2025-09-23 14:41:36.638,CCA,,First Installment - Imported from Excel,2025-09-23 14:41:36.639,5,4
7338,2303,2303,31000,2025-09-23 14:55:30.885,CCA,,First Installment - Imported from Excel,2025-09-23 14:55:30.886,5,5
2821,2304,2304,100000,2025-09-23 12:44:51.061,CCA,,First Installment - Imported from Excel,2025-09-23 12:44:51.061,5,2
4327,2304,2304,100000,2025-09-23 13:31:19.508,CCA,,First Installment - Imported from Excel,2025-09-23 13:31:19.509,5,3
5833,2304,2304,100000,2025-09-23 14:41:36.818,CCA,,First Installment - Imported from Excel,2025-09-23 14:41:36.819,5,4
7339,2304,2304,100000,2025-09-23 14:55:31.073,CCA,,First Installment - Imported from Excel,2025-09-23 14:55:31.074,5,5
2822,2305,2305,134000,2025-09-23 12:44:51.067,CCA,,First Installment - Imported from Excel,2025-09-23 12:44:51.067,5,2
4328,2305,2305,134000,2025-09-23 13:31:19.517,CCA,,First Installment - Imported from Excel,2025-09-23 13:31:19.517,5,3
5834,2305,2305,134000,2025-09-23 14:41:36.828,CCA,,First Installment - Imported from Excel,2025-09-23 14:41:36.828,5,4
7340,2305,2305,134000,2025-09-23 14:55:31.08,CCA,,First Installment - Imported from Excel,2025-09-23 14:55:31.081,5,5
2823,2306,2306,100000,2025-09-23 12:44:51.072,CCA,,First Installment - Imported from Excel,2025-09-23 12:44:51.073,5,2
4329,2306,2306,100000,2025-09-23 13:31:19.526,CCA,,First Installment - Imported from Excel,2025-09-23 13:31:19.527,5,3
5835,2306,2306,100000,2025-09-23 14:41:36.834,CCA,,First Installment - Imported from Excel,2025-09-23 14:41:36.835,5,4
7341,2306,2306,100000,2025-09-23 14:55:31.086,CCA,,First Installment - Imported from Excel,2025-09-23 14:55:31.087,5,5
4331,2307,2307,32000,2025-09-23 13:31:19.54,CCA,,Second Installment - Imported from Excel,2025-09-23 13:31:19.541,4,2
5837,2307,2307,32000,2025-09-23 14:41:36.843,CCA,,Second Installment - Imported from Excel,2025-09-23 14:41:36.844,4,3
7343,2307,2307,32000,2025-09-23 14:55:31.093,CCA,,Second Installment - Imported from Excel,2025-09-23 14:55:31.094,4,4
4330,2307,2307,102000,2025-09-23 13:31:19.537,CCA,,First Installment - Imported from Excel,2025-09-23 13:31:19.538,4,2
5836,2307,2307,102000,2025-09-23 14:41:36.842,CCA,,First Installment - Imported from Excel,2025-09-23 14:41:36.842,4,3
7342,2307,2307,102000,2025-09-23 14:55:31.092,CCA,,First Installment - Imported from Excel,2025-09-23 14:55:31.093,4,4
4333,2308,2308,52000,2025-09-23 13:31:19.552,CCA,,Second Installment - Imported from Excel,2025-09-23 13:31:19.553,4,2
5839,2308,2308,52000,2025-09-23 14:41:36.851,CCA,,Second Installment - Imported from Excel,2025-09-23 14:41:36.852,4,3
7345,2308,2308,52000,2025-09-23 14:55:31.101,CCA,,Second Installment - Imported from Excel,2025-09-23 14:55:31.102,4,4
2826,2308,2308,82000,2025-09-23 12:44:51.085,CCA,,First Installment - Imported from Excel,2025-09-23 12:44:51.086,5,2
4332,2308,2308,82000,2025-09-23 13:31:19.55,CCA,,First Installment - Imported from Excel,2025-09-23 13:31:19.551,5,3
5838,2308,2308,82000,2025-09-23 14:41:36.85,CCA,,First Installment - Imported from Excel,2025-09-23 14:41:36.851,5,4
7344,2308,2308,82000,2025-09-23 14:55:31.099,CCA,,First Installment - Imported from Excel,2025-09-23 14:55:31.1,5,5
2828,2310,2310,50000,2025-09-23 12:44:51.094,CCA,,First Installment - Imported from Excel,2025-09-23 12:44:51.095,5,2
4334,2310,2310,50000,2025-09-23 13:31:19.557,CCA,,First Installment - Imported from Excel,2025-09-23 13:31:19.558,5,3
5840,2310,2310,50000,2025-09-23 14:41:36.858,CCA,,First Installment - Imported from Excel,2025-09-23 14:41:36.859,5,4
7346,2310,2310,50000,2025-09-23 14:55:31.107,CCA,,First Installment - Imported from Excel,2025-09-23 14:55:31.108,5,5
2829,2311,2311,32000,2025-09-23 12:44:51.101,CCA,,First Installment - Imported from Excel,2025-09-23 12:44:51.102,5,2
4335,2311,2311,32000,2025-09-23 13:31:19.563,CCA,,First Installment - Imported from Excel,2025-09-23 13:31:19.564,5,3
5841,2311,2311,32000,2025-09-23 14:41:36.868,CCA,,First Installment - Imported from Excel,2025-09-23 14:41:36.869,5,4
7347,2311,2311,32000,2025-09-23 14:55:31.113,CCA,,First Installment - Imported from Excel,2025-09-23 14:55:31.113,5,5
2830,2314,2314,193000,2025-09-23 12:44:51.107,CCA,,First Installment - Imported from Excel,2025-09-23 12:44:51.108,5,2
4336,2314,2314,193000,2025-09-23 13:31:19.57,CCA,,First Installment - Imported from Excel,2025-09-23 13:31:19.571,5,3
5842,2314,2314,193000,2025-09-23 14:41:36.877,CCA,,First Installment - Imported from Excel,2025-09-23 14:41:36.877,5,4
7348,2314,2314,193000,2025-09-23 14:55:31.118,CCA,,First Installment - Imported from Excel,2025-09-23 14:55:31.119,5,5
2831,2315,2315,134000,2025-09-23 12:44:51.114,CCA,,First Installment - Imported from Excel,2025-09-23 12:44:51.115,5,2
4337,2315,2315,134000,2025-09-23 13:31:19.576,CCA,,First Installment - Imported from Excel,2025-09-23 13:31:19.577,5,3
5843,2315,2315,134000,2025-09-23 14:41:36.884,CCA,,First Installment - Imported from Excel,2025-09-23 14:41:36.885,5,4
7349,2315,2315,134000,2025-09-23 14:55:31.124,CCA,,First Installment - Imported from Excel,2025-09-23 14:55:31.124,5,5
2832,2316,2316,134000,2025-09-23 12:44:51.12,CCA,,First Installment - Imported from Excel,2025-09-23 12:44:51.12,5,2
4338,2316,2316,134000,2025-09-23 13:31:19.583,CCA,,First Installment - Imported from Excel,2025-09-23 13:31:19.584,5,3
5844,2316,2316,134000,2025-09-23 14:41:36.891,CCA,,First Installment - Imported from Excel,2025-09-23 14:41:36.891,5,4
7350,2316,2316,134000,2025-09-23 14:55:31.128,CCA,,First Installment - Imported from Excel,2025-09-23 14:55:31.129,5,5
2833,2317,2317,84000,2025-09-23 12:44:51.126,CCA,,First Installment - Imported from Excel,2025-09-23 12:44:51.127,5,2
4339,2317,2317,84000,2025-09-23 13:31:19.59,CCA,,First Installment - Imported from Excel,2025-09-23 13:31:19.591,5,3
5845,2317,2317,84000,2025-09-23 14:41:37.077,CCA,,First Installment - Imported from Excel,2025-09-23 14:41:37.077,5,4
7351,2317,2317,84000,2025-09-23 14:55:31.321,CCA,,First Installment - Imported from Excel,2025-09-23 14:55:31.322,5,5
4341,2318,2318,30000,2025-09-23 13:31:19.599,CCA,,Second Installment - Imported from Excel,2025-09-23 13:31:19.6,4,2
5847,2318,2318,30000,2025-09-23 14:41:37.088,CCA,,Second Installment - Imported from Excel,2025-09-23 14:41:37.089,4,3
7353,2318,2318,30000,2025-09-23 14:55:31.328,CCA,,Second Installment - Imported from Excel,2025-09-23 14:55:31.329,4,4
4340,2318,2318,104000,2025-09-23 13:31:19.597,CCA,,First Installment - Imported from Excel,2025-09-23 13:31:19.598,4,2
5846,2318,2318,104000,2025-09-23 14:41:37.085,CCA,,First Installment - Imported from Excel,2025-09-23 14:41:37.086,4,3
7352,2318,2318,104000,2025-09-23 14:55:31.327,CCA,,First Installment - Imported from Excel,2025-09-23 14:55:31.328,4,4
2836,2320,2320,32000,2025-09-23 12:44:51.142,CCA,,First Installment - Imported from Excel,2025-09-23 12:44:51.143,5,2
4342,2320,2320,32000,2025-09-23 13:31:19.606,CCA,,First Installment - Imported from Excel,2025-09-23 13:31:19.606,5,3
5848,2320,2320,32000,2025-09-23 14:41:37.096,CCA,,First Installment - Imported from Excel,2025-09-23 14:41:37.097,5,4
7354,2320,2320,32000,2025-09-23 14:55:31.334,CCA,,First Installment - Imported from Excel,2025-09-23 14:55:31.335,5,5
2837,2322,2322,193000,2025-09-23 12:44:51.148,CCA,,First Installment - Imported from Excel,2025-09-23 12:44:51.148,5,2
4343,2322,2322,193000,2025-09-23 13:31:19.616,CCA,,First Installment - Imported from Excel,2025-09-23 13:31:19.617,5,3
5849,2322,2322,193000,2025-09-23 14:41:37.105,CCA,,First Installment - Imported from Excel,2025-09-23 14:41:37.105,5,4
7355,2322,2322,193000,2025-09-23 14:55:31.343,CCA,,First Installment - Imported from Excel,2025-09-23 14:55:31.344,5,5
2838,2324,2324,100000,2025-09-23 12:44:51.154,CCA,,First Installment - Imported from Excel,2025-09-23 12:44:51.155,5,2
4344,2324,2324,100000,2025-09-23 13:31:19.623,CCA,,First Installment - Imported from Excel,2025-09-23 13:31:19.623,5,3
5850,2324,2324,100000,2025-09-23 14:41:37.115,CCA,,First Installment - Imported from Excel,2025-09-23 14:41:37.116,5,4
7356,2324,2324,100000,2025-09-23 14:55:31.349,CCA,,First Installment - Imported from Excel,2025-09-23 14:55:31.349,5,5
2839,2325,2325,193000,2025-09-23 12:44:51.162,CCA,,First Installment - Imported from Excel,2025-09-23 12:44:51.163,5,2
4345,2325,2325,193000,2025-09-23 13:31:19.629,CCA,,First Installment - Imported from Excel,2025-09-23 13:31:19.629,5,3
5851,2325,2325,193000,2025-09-23 14:41:37.123,CCA,,First Installment - Imported from Excel,2025-09-23 14:41:37.123,5,4
7357,2325,2325,193000,2025-09-23 14:55:31.354,CCA,,First Installment - Imported from Excel,2025-09-23 14:55:31.355,5,5
2840,2326,2326,93000,2025-09-23 12:44:51.171,CCA,,First Installment - Imported from Excel,2025-09-23 12:44:51.172,5,2
4346,2326,2326,93000,2025-09-23 13:31:19.635,CCA,,First Installment - Imported from Excel,2025-09-23 13:31:19.635,5,3
5852,2326,2326,93000,2025-09-23 14:41:37.13,CCA,,First Installment - Imported from Excel,2025-09-23 14:41:37.131,5,4
7358,2326,2326,93000,2025-09-23 14:55:31.362,CCA,,First Installment - Imported from Excel,2025-09-23 14:55:31.363,5,5
2841,2328,2328,193000,2025-09-23 12:44:51.177,CCA,,First Installment - Imported from Excel,2025-09-23 12:44:51.178,5,2
4347,2328,2328,193000,2025-09-23 13:31:19.641,CCA,,First Installment - Imported from Excel,2025-09-23 13:31:19.642,5,3
5853,2328,2328,193000,2025-09-23 14:41:37.139,CCA,,First Installment - Imported from Excel,2025-09-23 14:41:37.139,5,4
7359,2328,2328,193000,2025-09-23 14:55:31.37,CCA,,First Installment - Imported from Excel,2025-09-23 14:55:31.371,5,5
2842,2329,2329,134000,2025-09-23 12:44:51.185,CCA,,First Installment - Imported from Excel,2025-09-23 12:44:51.185,5,2
4348,2329,2329,134000,2025-09-23 13:31:19.646,CCA,,First Installment - Imported from Excel,2025-09-23 13:31:19.647,5,3
5854,2329,2329,134000,2025-09-23 14:41:37.146,CCA,,First Installment - Imported from Excel,2025-09-23 14:41:37.147,5,4
7360,2329,2329,134000,2025-09-23 14:55:31.376,CCA,,First Installment - Imported from Excel,2025-09-23 14:55:31.376,5,5
2843,2332,2332,80000,2025-09-23 12:44:51.191,CCA,,First Installment - Imported from Excel,2025-09-23 12:44:51.192,5,2
4349,2332,2332,80000,2025-09-23 13:31:19.652,CCA,,First Installment - Imported from Excel,2025-09-23 13:31:19.653,5,3
5855,2332,2332,80000,2025-09-23 14:41:37.155,CCA,,First Installment - Imported from Excel,2025-09-23 14:41:37.156,5,4
7361,2332,2332,80000,2025-09-23 14:55:31.382,CCA,,First Installment - Imported from Excel,2025-09-23 14:55:31.383,5,5
4350,2333,2333,32000,2025-09-23 13:31:19.659,CCA,,First Installment - Imported from Excel,2025-09-23 13:31:19.66,4,2
5856,2333,2333,32000,2025-09-23 14:41:37.368,CCA,,First Installment - Imported from Excel,2025-09-23 14:41:37.368,4,3
7362,2333,2333,32000,2025-09-23 14:55:31.561,CCA,,First Installment - Imported from Excel,2025-09-23 14:55:31.562,4,4
4352,2333,2333,36000,2025-09-23 13:31:19.663,CCA,,Third Installment - Imported from Excel,2025-09-23 13:31:19.663,4,2
5858,2333,2333,36000,2025-09-23 14:41:37.372,CCA,,Third Installment - Imported from Excel,2025-09-23 14:41:37.373,4,3
7364,2333,2333,36000,2025-09-23 14:55:31.564,CCA,,Third Installment - Imported from Excel,2025-09-23 14:55:31.564,4,4
4351,2333,2333,125000,2025-09-23 13:31:19.661,CCA,,Second Installment - Imported from Excel,2025-09-23 13:31:19.662,4,2
5857,2333,2333,125000,2025-09-23 14:41:37.37,CCA,,Second Installment - Imported from Excel,2025-09-23 14:41:37.371,4,3
7363,2333,2333,125000,2025-09-23 14:55:31.562,CCA,,Second Installment - Imported from Excel,2025-09-23 14:55:31.563,4,4
2847,2335,2335,150000,2025-09-23 12:44:51.208,CCA,,First Installment - Imported from Excel,2025-09-23 12:44:51.209,5,2
4353,2335,2335,150000,2025-09-23 13:31:19.669,CCA,,First Installment - Imported from Excel,2025-09-23 13:31:19.67,5,3
5859,2335,2335,150000,2025-09-23 14:41:37.38,CCA,,First Installment - Imported from Excel,2025-09-23 14:41:37.381,5,4
7365,2335,2335,150000,2025-09-23 14:55:31.57,CCA,,First Installment - Imported from Excel,2025-09-23 14:55:31.571,5,5
4354,2336,2336,32000,2025-09-23 13:31:19.675,CCA,,First Installment - Imported from Excel,2025-09-23 13:31:19.676,4,2
5860,2336,2336,32000,2025-09-23 14:41:37.389,CCA,,First Installment - Imported from Excel,2025-09-23 14:41:37.39,4,3
7366,2336,2336,32000,2025-09-23 14:55:31.577,CCA,,First Installment - Imported from Excel,2025-09-23 14:55:31.577,4,4
4355,2336,2336,102000,2025-09-23 13:31:19.676,CCA,,Second Installment - Imported from Excel,2025-09-23 13:31:19.677,4,2
5861,2336,2336,102000,2025-09-23 14:41:37.392,CCA,,Second Installment - Imported from Excel,2025-09-23 14:41:37.393,4,3
7367,2336,2336,102000,2025-09-23 14:55:31.578,CCA,,Second Installment - Imported from Excel,2025-09-23 14:55:31.579,4,4
2850,2338,2338,193000,2025-09-23 12:44:51.223,CCA,,First Installment - Imported from Excel,2025-09-23 12:44:51.223,5,2
4356,2338,2338,193000,2025-09-23 13:31:19.682,CCA,,First Installment - Imported from Excel,2025-09-23 13:31:19.683,5,3
5862,2338,2338,193000,2025-09-23 14:41:37.401,CCA,,First Installment - Imported from Excel,2025-09-23 14:41:37.402,5,4
7368,2338,2338,193000,2025-09-23 14:55:31.584,CCA,,First Installment - Imported from Excel,2025-09-23 14:55:31.585,5,5
2851,2339,2339,32000,2025-09-23 12:44:51.228,CCA,,First Installment - Imported from Excel,2025-09-23 12:44:51.229,5,2
4357,2339,2339,32000,2025-09-23 13:31:19.688,CCA,,First Installment - Imported from Excel,2025-09-23 13:31:19.689,5,3
5863,2339,2339,32000,2025-09-23 14:41:37.582,CCA,,First Installment - Imported from Excel,2025-09-23 14:41:37.583,5,4
7369,2339,2339,32000,2025-09-23 14:55:31.789,CCA,,First Installment - Imported from Excel,2025-09-23 14:55:31.79,5,5
2852,2341,2341,50000,2025-09-23 12:44:51.234,CCA,,First Installment - Imported from Excel,2025-09-23 12:44:51.235,5,2
4358,2341,2341,50000,2025-09-23 13:31:19.696,CCA,,First Installment - Imported from Excel,2025-09-23 13:31:19.696,5,3
5864,2341,2341,50000,2025-09-23 14:41:37.594,CCA,,First Installment - Imported from Excel,2025-09-23 14:41:37.595,5,4
7370,2341,2341,50000,2025-09-23 14:55:31.796,CCA,,First Installment - Imported from Excel,2025-09-23 14:55:31.797,5,5
2785,2346,2346,134000,2025-09-23 12:44:50.819,CCA,,First Installment - Imported from Excel,2025-09-23 12:44:50.821,5,2
4291,2346,2346,134000,2025-09-23 13:31:19.299,CCA,,First Installment - Imported from Excel,2025-09-23 13:31:19.3,5,3
5797,2346,2346,134000,2025-09-23 14:41:35.006,CCA,,First Installment - Imported from Excel,2025-09-23 14:41:35.006,5,4
7303,2346,2346,134000,2025-09-23 14:55:29.353,CCA,,First Installment - Imported from Excel,2025-09-23 14:55:29.353,5,5
2786,2347,2347,32000,2025-09-23 12:44:50.828,CCA,,First Installment - Imported from Excel,2025-09-23 12:44:50.828,5,2
4292,2347,2347,32000,2025-09-23 13:31:19.306,CCA,,First Installment - Imported from Excel,2025-09-23 13:31:19.307,5,3
5798,2347,2347,32000,2025-09-23 14:41:35.016,CCA,,First Installment - Imported from Excel,2025-09-23 14:41:35.016,5,4
7304,2347,2347,32000,2025-09-23 14:55:29.36,CCA,,First Installment - Imported from Excel,2025-09-23 14:55:29.36,5,5
2787,2348,2348,134000,2025-09-23 12:44:50.839,CCA,,First Installment - Imported from Excel,2025-09-23 12:44:50.839,5,2
4293,2348,2348,134000,2025-09-23 13:31:19.314,CCA,,First Installment - Imported from Excel,2025-09-23 13:31:19.314,5,3
5799,2348,2348,134000,2025-09-23 14:41:35.026,CCA,,First Installment - Imported from Excel,2025-09-23 14:41:35.027,5,4
7305,2348,2348,134000,2025-09-23 14:55:29.366,CCA,,First Installment - Imported from Excel,2025-09-23 14:55:29.367,5,5
4294,2350,2350,40000,2025-09-23 13:31:19.32,CCA,,First Installment - Imported from Excel,2025-09-23 13:31:19.321,4,2
5800,2350,2350,40000,2025-09-23 14:41:35.045,CCA,,First Installment - Imported from Excel,2025-09-23 14:41:35.045,4,3
7306,2350,2350,40000,2025-09-23 14:55:29.373,CCA,,First Installment - Imported from Excel,2025-09-23 14:55:29.374,4,4
4295,2350,2350,100000,2025-09-23 13:31:19.321,CCA,,Second Installment - Imported from Excel,2025-09-23 13:31:19.322,4,2
5801,2350,2350,100000,2025-09-23 14:41:35.047,CCA,,Second Installment - Imported from Excel,2025-09-23 14:41:35.049,4,3
7307,2350,2350,100000,2025-09-23 14:55:29.374,CCA,,Second Installment - Imported from Excel,2025-09-23 14:55:29.375,4,4
2790,2351,2351,134000,2025-09-23 12:44:50.856,CCA,,First Installment - Imported from Excel,2025-09-23 12:44:50.856,5,2
4296,2351,2351,134000,2025-09-23 13:31:19.327,CCA,,First Installment - Imported from Excel,2025-09-23 13:31:19.328,5,3
5802,2351,2351,134000,2025-09-23 14:41:35.065,CCA,,First Installment - Imported from Excel,2025-09-23 14:41:35.066,5,4
7308,2351,2351,134000,2025-09-23 14:55:29.382,CCA,,First Installment - Imported from Excel,2025-09-23 14:55:29.382,5,5
4297,2353,2353,32000,2025-09-23 13:31:19.333,CCA,,First Installment - Imported from Excel,2025-09-23 13:31:19.334,4,2
5803,2353,2353,32000,2025-09-23 14:41:35.293,CCA,,First Installment - Imported from Excel,2025-09-23 14:41:35.294,4,3
7309,2353,2353,32000,2025-09-23 14:55:29.564,CCA,,First Installment - Imported from Excel,2025-09-23 14:55:29.565,4,4
4298,2353,2353,49000,2025-09-23 13:31:19.334,CCA,,Second Installment - Imported from Excel,2025-09-23 13:31:19.335,4,2
5804,2353,2353,49000,2025-09-23 14:41:35.296,CCA,,Second Installment - Imported from Excel,2025-09-23 14:41:35.296,4,3
7310,2353,2353,49000,2025-09-23 14:55:29.566,CCA,,Second Installment - Imported from Excel,2025-09-23 14:55:29.567,4,4
4299,2353,2353,53000,2025-09-23 13:31:19.335,CCA,,Third Installment - Imported from Excel,2025-09-23 13:31:19.336,4,2
5805,2353,2353,53000,2025-09-23 14:41:35.297,CCA,,Third Installment - Imported from Excel,2025-09-23 14:41:35.298,4,3
7311,2353,2353,53000,2025-09-23 14:55:29.568,CCA,,Third Installment - Imported from Excel,2025-09-23 14:55:29.569,4,4
2794,2354,2354,50000,2025-09-23 12:44:50.874,CCA,,First Installment - Imported from Excel,2025-09-23 12:44:50.874,5,2
4300,2354,2354,50000,2025-09-23 13:31:19.343,CCA,,First Installment - Imported from Excel,2025-09-23 13:31:19.344,5,3
5806,2354,2354,50000,2025-09-23 14:41:35.305,CCA,,First Installment - Imported from Excel,2025-09-23 14:41:35.305,5,4
7312,2354,2354,50000,2025-09-23 14:55:29.576,CCA,,First Installment - Imported from Excel,2025-09-23 14:55:29.577,5,5
2795,2357,2357,75000,2025-09-23 12:44:50.88,CCA,,First Installment - Imported from Excel,2025-09-23 12:44:50.881,5,2
4301,2357,2357,75000,2025-09-23 13:31:19.35,CCA,,First Installment - Imported from Excel,2025-09-23 13:31:19.351,5,3
5807,2357,2357,75000,2025-09-23 14:41:35.319,CCA,,First Installment - Imported from Excel,2025-09-23 14:41:35.32,5,4
7313,2357,2357,75000,2025-09-23 14:55:29.582,CCA,,First Installment - Imported from Excel,2025-09-23 14:55:29.583,5,5
2796,2358,2358,100000,2025-09-23 12:44:50.888,CCA,,First Installment - Imported from Excel,2025-09-23 12:44:50.889,5,2
4302,2358,2358,100000,2025-09-23 13:31:19.359,CCA,,First Installment - Imported from Excel,2025-09-23 13:31:19.36,5,3
5808,2358,2358,100000,2025-09-23 14:41:35.331,CCA,,First Installment - Imported from Excel,2025-09-23 14:41:35.332,5,4
7314,2358,2358,100000,2025-09-23 14:55:29.588,CCA,,First Installment - Imported from Excel,2025-09-23 14:55:29.589,5,5
2797,2359,2359,195000,2025-09-23 12:44:50.897,CCA,,First Installment - Imported from Excel,2025-09-23 12:44:50.897,5,2
4303,2359,2359,195000,2025-09-23 13:31:19.365,CCA,,First Installment - Imported from Excel,2025-09-23 13:31:19.366,5,3
5809,2359,2359,195000,2025-09-23 14:41:35.343,CCA,,First Installment - Imported from Excel,2025-09-23 14:41:35.344,5,4
7315,2359,2359,195000,2025-09-23 14:55:29.594,CCA,,First Installment - Imported from Excel,2025-09-23 14:55:29.594,5,5
2798,2360,2360,140000,2025-09-23 12:44:50.904,CCA,,First Installment - Imported from Excel,2025-09-23 12:44:50.905,5,2
4304,2360,2360,140000,2025-09-23 13:31:19.372,CCA,,First Installment - Imported from Excel,2025-09-23 13:31:19.373,5,3
5810,2360,2360,140000,2025-09-23 14:41:35.551,CCA,,First Installment - Imported from Excel,2025-09-23 14:41:35.552,5,4
7316,2360,2360,140000,2025-09-23 14:55:29.746,CCA,,First Installment - Imported from Excel,2025-09-23 14:55:29.747,5,5
2799,2361,2361,100000,2025-09-23 12:44:50.911,CCA,,First Installment - Imported from Excel,2025-09-23 12:44:50.912,5,2
4305,2361,2361,100000,2025-09-23 13:31:19.379,CCA,,First Installment - Imported from Excel,2025-09-23 13:31:19.379,5,3
5811,2361,2361,100000,2025-09-23 14:41:35.768,CCA,,First Installment - Imported from Excel,2025-09-23 14:41:35.769,5,4
7317,2361,2361,100000,2025-09-23 14:55:29.924,CCA,,First Installment - Imported from Excel,2025-09-23 14:55:29.925,5,5
2800,2362,2362,193000,2025-09-23 12:44:50.921,CCA,,First Installment - Imported from Excel,2025-09-23 12:44:50.921,5,2
4306,2362,2362,193000,2025-09-23 13:31:19.385,CCA,,First Installment - Imported from Excel,2025-09-23 13:31:19.385,5,3
5812,2362,2362,193000,2025-09-23 14:41:35.982,CCA,,First Installment - Imported from Excel,2025-09-23 14:41:35.983,5,4
7318,2362,2362,193000,2025-09-23 14:55:30.276,CCA,,First Installment - Imported from Excel,2025-09-23 14:55:30.276,5,5
2801,2363,2363,193000,2025-09-23 12:44:50.929,CCA,,First Installment - Imported from Excel,2025-09-23 12:44:50.93,5,2
4307,2363,2363,193000,2025-09-23 13:31:19.391,CCA,,First Installment - Imported from Excel,2025-09-23 13:31:19.391,5,3
5813,2363,2363,193000,2025-09-23 14:41:35.99,CCA,,First Installment - Imported from Excel,2025-09-23 14:41:35.991,5,4
7319,2363,2363,193000,2025-09-23 14:55:30.282,CCA,,First Installment - Imported from Excel,2025-09-23 14:55:30.283,5,5
2802,2364,2364,193000,2025-09-23 12:44:50.938,CCA,,First Installment - Imported from Excel,2025-09-23 12:44:50.939,5,2
4308,2364,2364,193000,2025-09-23 13:31:19.398,CCA,,First Installment - Imported from Excel,2025-09-23 13:31:19.399,5,3
5814,2364,2364,193000,2025-09-23 14:41:35.997,CCA,,First Installment - Imported from Excel,2025-09-23 14:41:35.997,5,4
7320,2364,2364,193000,2025-09-23 14:55:30.289,CCA,,First Installment - Imported from Excel,2025-09-23 14:55:30.29,5,5
2803,2365,2365,130000,2025-09-23 12:44:50.947,CCA,,First Installment - Imported from Excel,2025-09-23 12:44:50.948,5,2
4309,2365,2365,130000,2025-09-23 13:31:19.404,CCA,,First Installment - Imported from Excel,2025-09-23 13:31:19.405,5,3
5815,2365,2365,130000,2025-09-23 14:41:36.004,CCA,,First Installment - Imported from Excel,2025-09-23 14:41:36.005,5,4
7321,2365,2365,130000,2025-09-23 14:55:30.296,CCA,,First Installment - Imported from Excel,2025-09-23 14:55:30.296,5,5
2804,2367,2367,32000,2025-09-23 12:44:50.955,CCA,,First Installment - Imported from Excel,2025-09-23 12:44:50.955,5,2
4310,2367,2367,32000,2025-09-23 13:31:19.411,CCA,,First Installment - Imported from Excel,2025-09-23 13:31:19.412,5,3
5816,2367,2367,32000,2025-09-23 14:41:36.012,CCA,,First Installment - Imported from Excel,2025-09-23 14:41:36.012,5,4
7322,2367,2367,32000,2025-09-23 14:55:30.303,CCA,,First Installment - Imported from Excel,2025-09-23 14:55:30.303,5,5
2805,2369,2369,100000,2025-09-23 12:44:50.963,CCA,,First Installment - Imported from Excel,2025-09-23 12:44:50.964,5,2
4311,2369,2369,100000,2025-09-23 13:31:19.419,CCA,,First Installment - Imported from Excel,2025-09-23 13:31:19.419,5,3
5817,2369,2369,100000,2025-09-23 14:41:36.021,CCA,,First Installment - Imported from Excel,2025-09-23 14:41:36.022,5,4
7323,2369,2369,100000,2025-09-23 14:55:30.311,CCA,,First Installment - Imported from Excel,2025-09-23 14:55:30.312,5,5
2806,2370,2370,193000,2025-09-23 12:44:50.973,CCA,,First Installment - Imported from Excel,2025-09-23 12:44:50.973,5,2
4312,2370,2370,193000,2025-09-23 13:31:19.424,CCA,,First Installment - Imported from Excel,2025-09-23 13:31:19.425,5,3
5818,2370,2370,193000,2025-09-23 14:41:36.029,CCA,,First Installment - Imported from Excel,2025-09-23 14:41:36.03,5,4
7324,2370,2370,193000,2025-09-23 14:55:30.318,CCA,,First Installment - Imported from Excel,2025-09-23 14:55:30.319,5,5
2807,2371,2371,100000,2025-09-23 12:44:50.982,CCA,,First Installment - Imported from Excel,2025-09-23 12:44:50.983,5,2
4313,2371,2371,100000,2025-09-23 13:31:19.429,CCA,,First Installment - Imported from Excel,2025-09-23 13:31:19.43,5,3
5819,2371,2371,100000,2025-09-23 14:41:36.204,CCA,,First Installment - Imported from Excel,2025-09-23 14:41:36.205,5,4
7325,2371,2371,100000,2025-09-23 14:55:30.503,CCA,,First Installment - Imported from Excel,2025-09-23 14:55:30.504,5,5
2808,2373,2373,100000,2025-09-23 12:44:50.99,CCA,,First Installment - Imported from Excel,2025-09-23 12:44:50.991,5,2
4314,2373,2373,100000,2025-09-23 13:31:19.435,CCA,,First Installment - Imported from Excel,2025-09-23 13:31:19.436,5,3
5820,2373,2373,100000,2025-09-23 14:41:36.212,CCA,,First Installment - Imported from Excel,2025-09-23 14:41:36.212,5,4
7326,2373,2373,100000,2025-09-23 14:55:30.513,CCA,,First Installment - Imported from Excel,2025-09-23 14:55:30.514,5,5
2737,2378,2378,32000,2025-09-23 12:44:50.527,CCA,,First Installment - Imported from Excel,2025-09-23 12:44:50.527,5,2
4243,2378,2378,32000,2025-09-23 13:31:19.012,CCA,,First Installment - Imported from Excel,2025-09-23 13:31:19.012,5,3
5749,2378,2378,32000,2025-09-23 14:41:32.979,CCA,,First Installment - Imported from Excel,2025-09-23 14:41:32.979,5,4
7255,2378,2378,32000,2025-09-23 14:55:27.516,CCA,,First Installment - Imported from Excel,2025-09-23 14:55:27.516,5,5
2738,2380,2380,193000,2025-09-23 12:44:50.534,CCA,,First Installment - Imported from Excel,2025-09-23 12:44:50.535,5,2
4244,2380,2380,193000,2025-09-23 13:31:19.021,CCA,,First Installment - Imported from Excel,2025-09-23 13:31:19.021,5,3
5750,2380,2380,193000,2025-09-23 14:41:32.985,CCA,,First Installment - Imported from Excel,2025-09-23 14:41:32.986,5,4
7256,2380,2380,193000,2025-09-23 14:55:27.524,CCA,,First Installment - Imported from Excel,2025-09-23 14:55:27.525,5,5
2739,2383,2383,100000,2025-09-23 12:44:50.541,CCA,,First Installment - Imported from Excel,2025-09-23 12:44:50.542,5,2
4245,2383,2383,100000,2025-09-23 13:31:19.027,CCA,,First Installment - Imported from Excel,2025-09-23 13:31:19.028,5,3
5751,2383,2383,100000,2025-09-23 14:41:32.991,CCA,,First Installment - Imported from Excel,2025-09-23 14:41:32.992,5,4
7257,2383,2383,100000,2025-09-23 14:55:27.532,CCA,,First Installment - Imported from Excel,2025-09-23 14:55:27.532,5,5
2740,2385,2385,193000,2025-09-23 12:44:50.549,CCA,,First Installment - Imported from Excel,2025-09-23 12:44:50.549,5,2
4246,2385,2385,193000,2025-09-23 13:31:19.034,CCA,,First Installment - Imported from Excel,2025-09-23 13:31:19.035,5,3
5752,2385,2385,193000,2025-09-23 14:41:33.169,CCA,,First Installment - Imported from Excel,2025-09-23 14:41:33.17,5,4
7258,2385,2385,193000,2025-09-23 14:55:27.706,CCA,,First Installment - Imported from Excel,2025-09-23 14:55:27.707,5,5
2741,2386,2386,31000,2025-09-23 12:44:50.556,CCA,,First Installment - Imported from Excel,2025-09-23 12:44:50.557,5,2
4247,2386,2386,31000,2025-09-23 13:31:19.042,CCA,,First Installment - Imported from Excel,2025-09-23 13:31:19.043,5,3
5753,2386,2386,31000,2025-09-23 14:41:33.178,CCA,,First Installment - Imported from Excel,2025-09-23 14:41:33.178,5,4
7259,2386,2386,31000,2025-09-23 14:55:27.713,CCA,,First Installment - Imported from Excel,2025-09-23 14:55:27.714,5,5
2742,2387,2387,32000,2025-09-23 12:44:50.562,CCA,,First Installment - Imported from Excel,2025-09-23 12:44:50.563,5,2
4248,2387,2387,32000,2025-09-23 13:31:19.048,CCA,,First Installment - Imported from Excel,2025-09-23 13:31:19.048,5,3
5754,2387,2387,32000,2025-09-23 14:41:33.184,CCA,,First Installment - Imported from Excel,2025-09-23 14:41:33.185,5,4
7260,2387,2387,32000,2025-09-23 14:55:27.719,CCA,,First Installment - Imported from Excel,2025-09-23 14:55:27.72,5,5
4249,2388,2388,74000,2025-09-23 13:31:19.053,CCA,,First Installment - Imported from Excel,2025-09-23 13:31:19.053,4,2
5755,2388,2388,74000,2025-09-23 14:41:33.381,CCA,,First Installment - Imported from Excel,2025-09-23 14:41:33.382,4,3
7261,2388,2388,74000,2025-09-23 14:55:27.901,CCA,,First Installment - Imported from Excel,2025-09-23 14:55:27.902,4,4
4250,2388,2388,75000,2025-09-23 13:31:19.054,CCA,,Second Installment - Imported from Excel,2025-09-23 13:31:19.054,4,2
5756,2388,2388,75000,2025-09-23 14:41:33.383,CCA,,Second Installment - Imported from Excel,2025-09-23 14:41:33.384,4,3
7262,2388,2388,75000,2025-09-23 14:55:27.903,CCA,,Second Installment - Imported from Excel,2025-09-23 14:55:27.904,4,4
2745,2389,2389,32000,2025-09-23 12:44:50.577,CCA,,First Installment - Imported from Excel,2025-09-23 12:44:50.577,5,2
4251,2389,2389,32000,2025-09-23 13:31:19.059,CCA,,First Installment - Imported from Excel,2025-09-23 13:31:19.06,5,3
5757,2389,2389,32000,2025-09-23 14:41:33.574,CCA,,First Installment - Imported from Excel,2025-09-23 14:41:33.574,5,4
7263,2389,2389,32000,2025-09-23 14:55:28.076,CCA,,First Installment - Imported from Excel,2025-09-23 14:55:28.077,5,5
2746,2392,2392,193000,2025-09-23 12:44:50.587,CCA,,First Installment - Imported from Excel,2025-09-23 12:44:50.588,5,2
4252,2392,2392,193000,2025-09-23 13:31:19.066,CCA,,First Installment - Imported from Excel,2025-09-23 13:31:19.066,5,3
5758,2392,2392,193000,2025-09-23 14:41:33.581,CCA,,First Installment - Imported from Excel,2025-09-23 14:41:33.582,5,4
7264,2392,2392,193000,2025-09-23 14:55:28.083,CCA,,First Installment - Imported from Excel,2025-09-23 14:55:28.084,5,5
2747,2394,2394,193000,2025-09-23 12:44:50.595,CCA,,First Installment - Imported from Excel,2025-09-23 12:44:50.596,5,2
4253,2394,2394,193000,2025-09-23 13:31:19.073,CCA,,First Installment - Imported from Excel,2025-09-23 13:31:19.074,5,3
5759,2394,2394,193000,2025-09-23 14:41:33.589,CCA,,First Installment - Imported from Excel,2025-09-23 14:41:33.589,5,4
7265,2394,2394,193000,2025-09-23 14:55:28.09,CCA,,First Installment - Imported from Excel,2025-09-23 14:55:28.09,5,5
4254,2396,2396,32000,2025-09-23 13:31:19.08,CCA,,First Installment - Imported from Excel,2025-09-23 13:31:19.081,4,2
5760,2396,2396,32000,2025-09-23 14:41:33.596,CCA,,First Installment - Imported from Excel,2025-09-23 14:41:33.596,4,3
7266,2396,2396,32000,2025-09-23 14:55:28.095,CCA,,First Installment - Imported from Excel,2025-09-23 14:55:28.096,4,4
4255,2396,2396,50000,2025-09-23 13:31:19.081,CCA,,Second Installment - Imported from Excel,2025-09-23 13:31:19.082,4,2
5761,2396,2396,50000,2025-09-23 14:41:33.597,CCA,,Second Installment - Imported from Excel,2025-09-23 14:41:33.598,4,3
7267,2396,2396,50000,2025-09-23 14:55:28.097,CCA,,Second Installment - Imported from Excel,2025-09-23 14:55:28.098,4,4
4256,2396,2396,52000,2025-09-23 13:31:19.082,CCA,,Third Installment - Imported from Excel,2025-09-23 13:31:19.083,4,2
5762,2396,2396,52000,2025-09-23 14:41:33.598,CCA,,Third Installment - Imported from Excel,2025-09-23 14:41:33.599,4,3
7268,2396,2396,52000,2025-09-23 14:55:28.1,CCA,,Third Installment - Imported from Excel,2025-09-23 14:55:28.1,4,4
2751,2397,2397,193000,2025-09-23 12:44:50.614,CCA,,First Installment - Imported from Excel,2025-09-23 12:44:50.615,5,2
4257,2397,2397,193000,2025-09-23 13:31:19.089,CCA,,First Installment - Imported from Excel,2025-09-23 13:31:19.09,5,3
5763,2397,2397,193000,2025-09-23 14:41:33.606,CCA,,First Installment - Imported from Excel,2025-09-23 14:41:33.607,5,4
7269,2397,2397,193000,2025-09-23 14:55:28.11,CCA,,First Installment - Imported from Excel,2025-09-23 14:55:28.11,5,5
2752,2398,2398,193000,2025-09-23 12:44:50.621,CCA,,First Installment - Imported from Excel,2025-09-23 12:44:50.622,5,2
4258,2398,2398,193000,2025-09-23 13:31:19.097,CCA,,First Installment - Imported from Excel,2025-09-23 13:31:19.098,5,3
5764,2398,2398,193000,2025-09-23 14:41:33.615,CCA,,First Installment - Imported from Excel,2025-09-23 14:41:33.615,5,4
7270,2398,2398,193000,2025-09-23 14:55:28.117,CCA,,First Installment - Imported from Excel,2025-09-23 14:55:28.117,5,5
4259,2401,2401,15000,2025-09-23 13:31:19.106,CCA,,First Installment - Imported from Excel,2025-09-23 13:31:19.107,4,2
5765,2401,2401,15000,2025-09-23 14:41:33.625,CCA,,First Installment - Imported from Excel,2025-09-23 14:41:33.626,4,3
7271,2401,2401,15000,2025-09-23 14:55:28.123,CCA,,First Installment - Imported from Excel,2025-09-23 14:55:28.124,4,4
4260,2401,2401,102000,2025-09-23 13:31:19.107,CCA,,Second Installment - Imported from Excel,2025-09-23 13:31:19.108,4,2
5766,2401,2401,102000,2025-09-23 14:41:33.627,CCA,,Second Installment - Imported from Excel,2025-09-23 14:41:33.628,4,3
7272,2401,2401,102000,2025-09-23 14:55:28.124,CCA,,Second Installment - Imported from Excel,2025-09-23 14:55:28.125,4,4
2755,2402,2402,193000,2025-09-23 12:44:50.635,CCA,,First Installment - Imported from Excel,2025-09-23 12:44:50.635,5,2
4261,2402,2402,193000,2025-09-23 13:31:19.115,CCA,,First Installment - Imported from Excel,2025-09-23 13:31:19.115,5,3
5767,2402,2402,193000,2025-09-23 14:41:33.797,CCA,,First Installment - Imported from Excel,2025-09-23 14:41:33.798,5,4
7273,2402,2402,193000,2025-09-23 14:55:28.302,CCA,,First Installment - Imported from Excel,2025-09-23 14:55:28.303,5,5
2756,2405,2405,193000,2025-09-23 12:44:50.642,CCA,,First Installment - Imported from Excel,2025-09-23 12:44:50.642,5,2
4262,2405,2405,193000,2025-09-23 13:31:19.121,CCA,,First Installment - Imported from Excel,2025-09-23 13:31:19.122,5,3
5768,2405,2405,193000,2025-09-23 14:41:33.809,CCA,,First Installment - Imported from Excel,2025-09-23 14:41:33.81,5,4
7274,2405,2405,193000,2025-09-23 14:55:28.311,CCA,,First Installment - Imported from Excel,2025-09-23 14:55:28.312,5,5
2757,2406,2406,193000,2025-09-23 12:44:50.648,CCA,,First Installment - Imported from Excel,2025-09-23 12:44:50.648,5,2
4263,2406,2406,193000,2025-09-23 13:31:19.13,CCA,,First Installment - Imported from Excel,2025-09-23 13:31:19.131,5,3
5769,2406,2406,193000,2025-09-23 14:41:33.818,CCA,,First Installment - Imported from Excel,2025-09-23 14:41:33.819,5,4
7275,2406,2406,193000,2025-09-23 14:55:28.318,CCA,,First Installment - Imported from Excel,2025-09-23 14:55:28.319,5,5
4264,2407,2407,32000,2025-09-23 13:31:19.136,CCA,,First Installment - Imported from Excel,2025-09-23 13:31:19.137,4,2
5770,2407,2407,32000,2025-09-23 14:41:34.014,CCA,,First Installment - Imported from Excel,2025-09-23 14:41:34.015,4,3
7276,2407,2407,32000,2025-09-23 14:55:28.496,CCA,,First Installment - Imported from Excel,2025-09-23 14:55:28.496,4,4
4265,2407,2407,102000,2025-09-23 13:31:19.138,CCA,,Second Installment - Imported from Excel,2025-09-23 13:31:19.139,4,2
5771,2407,2407,102000,2025-09-23 14:41:34.017,CCA,,Second Installment - Imported from Excel,2025-09-23 14:41:34.017,4,3
7277,2407,2407,102000,2025-09-23 14:55:28.497,CCA,,Second Installment - Imported from Excel,2025-09-23 14:55:28.498,4,4
2760,2408,2408,134000,2025-09-23 12:44:50.664,CCA,,First Installment - Imported from Excel,2025-09-23 12:44:50.665,5,2
4266,2408,2408,134000,2025-09-23 13:31:19.146,CCA,,First Installment - Imported from Excel,2025-09-23 13:31:19.146,5,3
5772,2408,2408,134000,2025-09-23 14:41:34.028,CCA,,First Installment - Imported from Excel,2025-09-23 14:41:34.028,5,4
7278,2408,2408,134000,2025-09-23 14:55:28.503,CCA,,First Installment - Imported from Excel,2025-09-23 14:55:28.503,5,5
2761,2411,2411,134000,2025-09-23 12:44:50.672,CCA,,First Installment - Imported from Excel,2025-09-23 12:44:50.673,5,2
4267,2411,2411,134000,2025-09-23 13:31:19.152,CCA,,First Installment - Imported from Excel,2025-09-23 13:31:19.152,5,3
5773,2411,2411,134000,2025-09-23 14:41:34.04,CCA,,First Installment - Imported from Excel,2025-09-23 14:41:34.041,5,4
7279,2411,2411,134000,2025-09-23 14:55:28.508,CCA,,First Installment - Imported from Excel,2025-09-23 14:55:28.509,5,5
4268,2412,2412,50000,2025-09-23 13:31:19.161,CCA,,First Installment - Imported from Excel,2025-09-23 13:31:19.161,4,2
5774,2412,2412,50000,2025-09-23 14:41:34.053,CCA,,First Installment - Imported from Excel,2025-09-23 14:41:34.054,4,3
7280,2412,2412,50000,2025-09-23 14:55:28.514,CCA,,First Installment - Imported from Excel,2025-09-23 14:55:28.514,4,4
4269,2412,2412,100000,2025-09-23 13:31:19.162,CCA,,Second Installment - Imported from Excel,2025-09-23 13:31:19.163,4,2
5775,2412,2412,100000,2025-09-23 14:41:34.056,CCA,,Second Installment - Imported from Excel,2025-09-23 14:41:34.057,4,3
7281,2412,2412,100000,2025-09-23 14:55:28.515,CCA,,Second Installment - Imported from Excel,2025-09-23 14:55:28.516,4,4
2764,2413,2413,193000,2025-09-23 12:44:50.689,CCA,,First Installment - Imported from Excel,2025-09-23 12:44:50.689,5,2
4270,2413,2413,193000,2025-09-23 13:31:19.171,CCA,,First Installment - Imported from Excel,2025-09-23 13:31:19.172,5,3
5776,2413,2413,193000,2025-09-23 14:41:34.064,CCA,,First Installment - Imported from Excel,2025-09-23 14:41:34.065,5,4
7282,2413,2413,193000,2025-09-23 14:55:28.52,CCA,,First Installment - Imported from Excel,2025-09-23 14:55:28.521,5,5
2765,2416,2416,110000,2025-09-23 12:44:50.695,CCA,,First Installment - Imported from Excel,2025-09-23 12:44:50.696,5,2
4271,2416,2416,110000,2025-09-23 13:31:19.179,CCA,,First Installment - Imported from Excel,2025-09-23 13:31:19.18,5,3
5777,2416,2416,110000,2025-09-23 14:41:34.076,CCA,,First Installment - Imported from Excel,2025-09-23 14:41:34.077,5,4
7283,2416,2416,110000,2025-09-23 14:55:28.524,CCA,,First Installment - Imported from Excel,2025-09-23 14:55:28.524,5,5
2766,2417,2417,40000,2025-09-23 12:44:50.702,CCA,,First Installment - Imported from Excel,2025-09-23 12:44:50.703,5,2
4272,2417,2417,40000,2025-09-23 13:31:19.188,CCA,,First Installment - Imported from Excel,2025-09-23 13:31:19.189,5,3
5778,2417,2417,40000,2025-09-23 14:41:34.27,CCA,,First Installment - Imported from Excel,2025-09-23 14:41:34.271,5,4
7284,2417,2417,40000,2025-09-23 14:55:28.679,CCA,,First Installment - Imported from Excel,2025-09-23 14:55:28.68,5,5
2767,2418,2418,134000,2025-09-23 12:44:50.708,CCA,,First Installment - Imported from Excel,2025-09-23 12:44:50.709,5,2
4273,2418,2418,134000,2025-09-23 13:31:19.197,CCA,,First Installment - Imported from Excel,2025-09-23 13:31:19.198,5,3
5779,2418,2418,134000,2025-09-23 14:41:34.28,CCA,,First Installment - Imported from Excel,2025-09-23 14:41:34.281,5,4
7285,2418,2418,134000,2025-09-23 14:55:28.687,CCA,,First Installment - Imported from Excel,2025-09-23 14:55:28.688,5,5
2768,2419,2419,161000,2025-09-23 12:44:50.714,CCA,,First Installment - Imported from Excel,2025-09-23 12:44:50.715,5,2
4274,2419,2419,161000,2025-09-23 13:31:19.205,CCA,,First Installment - Imported from Excel,2025-09-23 13:31:19.205,5,3
5780,2419,2419,161000,2025-09-23 14:41:34.291,CCA,,First Installment - Imported from Excel,2025-09-23 14:41:34.292,5,4
7286,2419,2419,161000,2025-09-23 14:55:28.694,CCA,,First Installment - Imported from Excel,2025-09-23 14:55:28.695,5,5
4275,2421,2421,32000,2025-09-23 13:31:19.212,CCA,,First Installment - Imported from Excel,2025-09-23 13:31:19.213,4,2
5781,2421,2421,32000,2025-09-23 14:41:34.303,CCA,,First Installment - Imported from Excel,2025-09-23 14:41:34.304,4,3
7287,2421,2421,32000,2025-09-23 14:55:28.701,CCA,,First Installment - Imported from Excel,2025-09-23 14:55:28.701,4,4
4276,2421,2421,100000,2025-09-23 13:31:19.214,CCA,,Second Installment - Imported from Excel,2025-09-23 13:31:19.214,4,2
5782,2421,2421,100000,2025-09-23 14:41:34.305,CCA,,Second Installment - Imported from Excel,2025-09-23 14:41:34.305,4,3
7288,2421,2421,100000,2025-09-23 14:55:28.702,CCA,,Second Installment - Imported from Excel,2025-09-23 14:55:28.703,4,4
2771,2423,2423,40000,2025-09-23 12:44:50.73,CCA,,First Installment - Imported from Excel,2025-09-23 12:44:50.73,5,2
4277,2423,2423,40000,2025-09-23 13:31:19.22,CCA,,First Installment - Imported from Excel,2025-09-23 13:31:19.221,5,3
5783,2423,2423,40000,2025-09-23 14:41:34.314,CCA,,First Installment - Imported from Excel,2025-09-23 14:41:34.315,5,4
7289,2423,2423,40000,2025-09-23 14:55:28.711,CCA,,First Installment - Imported from Excel,2025-09-23 14:55:28.712,5,5
2772,2425,2425,193000,2025-09-23 12:44:50.738,CCA,,First Installment - Imported from Excel,2025-09-23 12:44:50.738,5,2
4278,2425,2425,193000,2025-09-23 13:31:19.228,CCA,,First Installment - Imported from Excel,2025-09-23 13:31:19.228,5,3
5784,2425,2425,193000,2025-09-23 14:41:34.323,CCA,,First Installment - Imported from Excel,2025-09-23 14:41:34.324,5,4
7290,2425,2425,193000,2025-09-23 14:55:28.722,CCA,,First Installment - Imported from Excel,2025-09-23 14:55:28.722,5,5
2773,2426,2426,50000,2025-09-23 12:44:50.744,CCA,,First Installment - Imported from Excel,2025-09-23 12:44:50.745,5,2
4279,2426,2426,50000,2025-09-23 13:31:19.234,CCA,,First Installment - Imported from Excel,2025-09-23 13:31:19.235,5,3
5785,2426,2426,50000,2025-09-23 14:41:34.33,CCA,,First Installment - Imported from Excel,2025-09-23 14:41:34.331,5,4
7291,2426,2426,50000,2025-09-23 14:55:28.728,CCA,,First Installment - Imported from Excel,2025-09-23 14:55:28.729,5,5
4280,2429,2429,35000,2025-09-23 13:31:19.241,CCA,,First Installment - Imported from Excel,2025-09-23 13:31:19.242,4,2
5786,2429,2429,35000,2025-09-23 14:41:34.516,CCA,,First Installment - Imported from Excel,2025-09-23 14:41:34.517,4,3
7292,2429,2429,35000,2025-09-23 14:55:28.903,CCA,,First Installment - Imported from Excel,2025-09-23 14:55:28.904,4,4
4281,2429,2429,100000,2025-09-23 13:31:19.242,CCA,,Second Installment - Imported from Excel,2025-09-23 13:31:19.243,4,2
5787,2429,2429,100000,2025-09-23 14:41:34.519,CCA,,Second Installment - Imported from Excel,2025-09-23 14:41:34.52,4,3
7293,2429,2429,100000,2025-09-23 14:55:28.906,CCA,,Second Installment - Imported from Excel,2025-09-23 14:55:28.906,4,4
2776,2430,2430,193000,2025-09-23 12:44:50.759,CCA,,First Installment - Imported from Excel,2025-09-23 12:44:50.76,5,2
4282,2430,2430,193000,2025-09-23 13:31:19.248,CCA,,First Installment - Imported from Excel,2025-09-23 13:31:19.249,5,3
5788,2430,2430,193000,2025-09-23 14:41:34.535,CCA,,First Installment - Imported from Excel,2025-09-23 14:41:34.535,5,4
7294,2430,2430,193000,2025-09-23 14:55:28.915,CCA,,First Installment - Imported from Excel,2025-09-23 14:55:28.916,5,5
2777,2432,2432,134000,2025-09-23 12:44:50.767,CCA,,First Installment - Imported from Excel,2025-09-23 12:44:50.767,5,2
4283,2432,2432,134000,2025-09-23 13:31:19.254,CCA,,First Installment - Imported from Excel,2025-09-23 13:31:19.255,5,3
5789,2432,2432,134000,2025-09-23 14:41:34.757,CCA,,First Installment - Imported from Excel,2025-09-23 14:41:34.758,5,4
7295,2432,2432,134000,2025-09-23 14:55:29.117,CCA,,First Installment - Imported from Excel,2025-09-23 14:55:29.118,5,5
2778,2436,2436,50000,2025-09-23 12:44:50.774,CCA,,First Installment - Imported from Excel,2025-09-23 12:44:50.774,5,2
4284,2436,2436,50000,2025-09-23 13:31:19.26,CCA,,First Installment - Imported from Excel,2025-09-23 13:31:19.26,5,3
5790,2436,2436,50000,2025-09-23 14:41:34.769,CCA,,First Installment - Imported from Excel,2025-09-23 14:41:34.77,5,4
7296,2436,2436,50000,2025-09-23 14:55:29.126,CCA,,First Installment - Imported from Excel,2025-09-23 14:55:29.127,5,5
2779,2438,2438,193000,2025-09-23 12:44:50.781,CCA,,First Installment - Imported from Excel,2025-09-23 12:44:50.782,5,2
4285,2438,2438,193000,2025-09-23 13:31:19.266,CCA,,First Installment - Imported from Excel,2025-09-23 13:31:19.266,5,3
5791,2438,2438,193000,2025-09-23 14:41:34.777,CCA,,First Installment - Imported from Excel,2025-09-23 14:41:34.777,5,4
7297,2438,2438,193000,2025-09-23 14:55:29.135,CCA,,First Installment - Imported from Excel,2025-09-23 14:55:29.136,5,5
4286,2440,2440,32000,2025-09-23 13:31:19.272,CCA,,First Installment - Imported from Excel,2025-09-23 13:31:19.272,4,2
5792,2440,2440,32000,2025-09-23 14:41:34.786,CCA,,First Installment - Imported from Excel,2025-09-23 14:41:34.787,4,3
7298,2440,2440,32000,2025-09-23 14:55:29.144,CCA,,First Installment - Imported from Excel,2025-09-23 14:55:29.145,4,4
4287,2440,2440,102000,2025-09-23 13:31:19.273,CCA,,Second Installment - Imported from Excel,2025-09-23 13:31:19.273,4,2
5793,2440,2440,102000,2025-09-23 14:41:34.789,CCA,,Second Installment - Imported from Excel,2025-09-23 14:41:34.79,4,3
7299,2440,2440,102000,2025-09-23 14:55:29.146,CCA,,Second Installment - Imported from Excel,2025-09-23 14:55:29.146,4,4
2782,2442,2442,34000,2025-09-23 12:44:50.797,CCA,,First Installment - Imported from Excel,2025-09-23 12:44:50.797,5,2
4288,2442,2442,34000,2025-09-23 13:31:19.279,CCA,,First Installment - Imported from Excel,2025-09-23 13:31:19.28,5,3
5794,2442,2442,34000,2025-09-23 14:41:34.967,CCA,,First Installment - Imported from Excel,2025-09-23 14:41:34.968,5,4
7300,2442,2442,34000,2025-09-23 14:55:29.329,CCA,,First Installment - Imported from Excel,2025-09-23 14:55:29.329,5,5
2783,2443,2443,32000,2025-09-23 12:44:50.804,CCA,,First Installment - Imported from Excel,2025-09-23 12:44:50.805,5,2
4289,2443,2443,32000,2025-09-23 13:31:19.287,CCA,,First Installment - Imported from Excel,2025-09-23 13:31:19.287,5,3
5795,2443,2443,32000,2025-09-23 14:41:34.983,CCA,,First Installment - Imported from Excel,2025-09-23 14:41:34.984,5,4
7301,2443,2443,32000,2025-09-23 14:55:29.339,CCA,,First Installment - Imported from Excel,2025-09-23 14:55:29.34,5,5
4290,2444,2444,32000,2025-09-23 13:31:19.294,CCA,,First Installment - Imported from Excel,2025-09-23 13:31:19.294,4,2
5796,2444,2444,32000,2025-09-23 14:41:34.993,CCA,,First Installment - Imported from Excel,2025-09-23 14:41:34.994,4,3
7302,2444,2444,32000,2025-09-23 14:55:29.347,CCA,,First Installment - Imported from Excel,2025-09-23 14:55:29.348,4,4
2853,2445,2445,193000,2025-09-23 12:44:51.242,CCA,,First Installment - Imported from Excel,2025-09-23 12:44:51.243,5,2
4359,2445,2445,193000,2025-09-23 13:31:19.702,CCA,,First Installment - Imported from Excel,2025-09-23 13:31:19.703,5,3
5865,2445,2445,193000,2025-09-23 14:41:37.606,CCA,,First Installment - Imported from Excel,2025-09-23 14:41:37.606,5,4
7371,2445,2445,193000,2025-09-23 14:55:31.806,CCA,,First Installment - Imported from Excel,2025-09-23 14:55:31.807,5,5
2854,2446,2446,134000,2025-09-23 12:44:51.25,CCA,,First Installment - Imported from Excel,2025-09-23 12:44:51.25,5,2
4360,2446,2446,134000,2025-09-23 13:31:19.708,CCA,,First Installment - Imported from Excel,2025-09-23 13:31:19.709,5,3
5866,2446,2446,134000,2025-09-23 14:41:37.615,CCA,,First Installment - Imported from Excel,2025-09-23 14:41:37.616,5,4
7372,2446,2446,134000,2025-09-23 14:55:31.817,CCA,,First Installment - Imported from Excel,2025-09-23 14:55:31.818,5,5
2855,2450,2450,198000,2025-09-23 12:44:51.257,CCA,,First Installment - Imported from Excel,2025-09-23 12:44:51.258,5,2
4361,2450,2450,198000,2025-09-23 13:31:19.714,CCA,,First Installment - Imported from Excel,2025-09-23 13:31:19.714,5,3
5867,2450,2450,198000,2025-09-23 14:41:37.624,CCA,,First Installment - Imported from Excel,2025-09-23 14:41:37.625,5,4
7373,2450,2450,198000,2025-09-23 14:55:31.825,CCA,,First Installment - Imported from Excel,2025-09-23 14:55:31.826,5,5
2856,2451,2451,32000,2025-09-23 12:44:51.263,CCA,,First Installment - Imported from Excel,2025-09-23 12:44:51.264,5,2
4362,2451,2451,32000,2025-09-23 13:31:19.72,CCA,,First Installment - Imported from Excel,2025-09-23 13:31:19.721,5,3
5868,2451,2451,32000,2025-09-23 14:41:37.632,CCA,,First Installment - Imported from Excel,2025-09-23 14:41:37.632,5,4
7374,2451,2451,32000,2025-09-23 14:55:31.832,CCA,,First Installment - Imported from Excel,2025-09-23 14:55:31.833,5,5
4363,2452,2452,32000,2025-09-23 13:31:19.729,CCA,,First Installment - Imported from Excel,2025-09-23 13:31:19.729,4,2
5869,2452,2452,32000,2025-09-23 14:41:37.639,CCA,,First Installment - Imported from Excel,2025-09-23 14:41:37.639,4,3
7375,2452,2452,32000,2025-09-23 14:55:31.84,CCA,,First Installment - Imported from Excel,2025-09-23 14:55:31.841,4,4
4364,2452,2452,102000,2025-09-23 13:31:19.73,CCA,,Second Installment - Imported from Excel,2025-09-23 13:31:19.731,4,2
5870,2452,2452,102000,2025-09-23 14:41:37.64,CCA,,Second Installment - Imported from Excel,2025-09-23 14:41:37.641,4,3
7376,2452,2452,102000,2025-09-23 14:55:31.842,CCA,,Second Installment - Imported from Excel,2025-09-23 14:55:31.842,4,4
2859,2455,2455,32000,2025-09-23 12:44:51.276,CCA,,First Installment - Imported from Excel,2025-09-23 12:44:51.277,5,2
4365,2455,2455,32000,2025-09-23 13:31:19.739,CCA,,First Installment - Imported from Excel,2025-09-23 13:31:19.74,5,3
5871,2455,2455,32000,2025-09-23 14:41:37.649,CCA,,First Installment - Imported from Excel,2025-09-23 14:41:37.65,5,4
7377,2455,2455,32000,2025-09-23 14:55:31.848,CCA,,First Installment - Imported from Excel,2025-09-23 14:55:31.849,5,5
2860,2456,2456,80000,2025-09-23 12:44:51.286,CCA,,First Installment - Imported from Excel,2025-09-23 12:44:51.287,5,2
4366,2456,2456,80000,2025-09-23 13:31:19.746,CCA,,First Installment - Imported from Excel,2025-09-23 13:31:19.746,5,3
5872,2456,2456,80000,2025-09-23 14:41:37.657,CCA,,First Installment - Imported from Excel,2025-09-23 14:41:37.657,5,4
7378,2456,2456,80000,2025-09-23 14:55:31.854,CCA,,First Installment - Imported from Excel,2025-09-23 14:55:31.855,5,5
2861,2457,2457,102000,2025-09-23 12:44:51.293,CCA,,First Installment - Imported from Excel,2025-09-23 12:44:51.294,5,2
4367,2457,2457,102000,2025-09-23 13:31:19.752,CCA,,First Installment - Imported from Excel,2025-09-23 13:31:19.753,5,3
5873,2457,2457,102000,2025-09-23 14:41:37.843,CCA,,First Installment - Imported from Excel,2025-09-23 14:41:37.843,5,4
7379,2457,2457,102000,2025-09-23 14:55:32.032,CCA,,First Installment - Imported from Excel,2025-09-23 14:55:32.032,5,5
2862,2458,2458,32000,2025-09-23 12:44:51.3,CCA,,First Installment - Imported from Excel,2025-09-23 12:44:51.3,5,2
4368,2458,2458,32000,2025-09-23 13:31:19.759,CCA,,First Installment - Imported from Excel,2025-09-23 13:31:19.76,5,3
5874,2458,2458,32000,2025-09-23 14:41:37.853,CCA,,First Installment - Imported from Excel,2025-09-23 14:41:37.854,5,4
7380,2458,2458,32000,2025-09-23 14:55:32.039,CCA,,First Installment - Imported from Excel,2025-09-23 14:55:32.039,5,5
4369,2459,2459,32000,2025-09-23 13:31:19.768,CCA,,First Installment - Imported from Excel,2025-09-23 13:31:19.768,4,2
5875,2459,2459,32000,2025-09-23 14:41:37.862,CCA,,First Installment - Imported from Excel,2025-09-23 14:41:37.863,4,3
7381,2459,2459,32000,2025-09-23 14:55:32.046,CCA,,First Installment - Imported from Excel,2025-09-23 14:55:32.047,4,4
4370,2459,2459,102000,2025-09-23 13:31:19.77,CCA,,Second Installment - Imported from Excel,2025-09-23 13:31:19.771,4,2
5876,2459,2459,102000,2025-09-23 14:41:37.865,CCA,,Second Installment - Imported from Excel,2025-09-23 14:41:37.866,4,3
7382,2459,2459,102000,2025-09-23 14:55:32.048,CCA,,Second Installment - Imported from Excel,2025-09-23 14:55:32.049,4,4
2865,2460,2460,50000,2025-09-23 12:44:51.315,CCA,,First Installment - Imported from Excel,2025-09-23 12:44:51.316,5,2
4371,2460,2460,50000,2025-09-23 13:31:19.778,CCA,,First Installment - Imported from Excel,2025-09-23 13:31:19.779,5,3
5877,2460,2460,50000,2025-09-23 14:41:37.875,CCA,,First Installment - Imported from Excel,2025-09-23 14:41:37.875,5,4
7383,2460,2460,50000,2025-09-23 14:55:32.057,CCA,,First Installment - Imported from Excel,2025-09-23 14:55:32.057,5,5
2866,2462,2462,75000,2025-09-23 12:44:51.321,CCA,,First Installment - Imported from Excel,2025-09-23 12:44:51.322,5,2
4372,2462,2462,75000,2025-09-23 13:31:19.787,CCA,,First Installment - Imported from Excel,2025-09-23 13:31:19.788,5,3
5878,2462,2462,75000,2025-09-23 14:41:37.882,CCA,,First Installment - Imported from Excel,2025-09-23 14:41:37.882,5,4
7384,2462,2462,75000,2025-09-23 14:55:32.063,CCA,,First Installment - Imported from Excel,2025-09-23 14:55:32.064,5,5
2867,2463,2463,60000,2025-09-23 12:44:51.327,CCA,,First Installment - Imported from Excel,2025-09-23 12:44:51.327,5,2
4373,2463,2463,60000,2025-09-23 13:31:19.795,CCA,,First Installment - Imported from Excel,2025-09-23 13:31:19.795,5,3
5879,2463,2463,60000,2025-09-23 14:41:37.89,CCA,,First Installment - Imported from Excel,2025-09-23 14:41:37.891,5,4
7385,2463,2463,60000,2025-09-23 14:55:32.069,CCA,,First Installment - Imported from Excel,2025-09-23 14:55:32.07,5,5
2868,2464,2464,10000,2025-09-23 12:44:51.333,CCA,,First Installment - Imported from Excel,2025-09-23 12:44:51.333,5,2
4374,2464,2464,10000,2025-09-23 13:31:19.802,CCA,,First Installment - Imported from Excel,2025-09-23 13:31:19.803,5,3
5880,2464,2464,10000,2025-09-23 14:41:37.9,CCA,,First Installment - Imported from Excel,2025-09-23 14:41:37.901,5,4
7386,2464,2464,10000,2025-09-23 14:55:32.075,CCA,,First Installment - Imported from Excel,2025-09-23 14:55:32.075,5,5
2869,2465,2465,134000,2025-09-23 12:44:51.342,CCA,,First Installment - Imported from Excel,2025-09-23 12:44:51.343,5,2
4375,2465,2465,134000,2025-09-23 13:31:19.812,CCA,,First Installment - Imported from Excel,2025-09-23 13:31:19.813,5,3
5881,2465,2465,134000,2025-09-23 14:41:38.088,CCA,,First Installment - Imported from Excel,2025-09-23 14:41:38.089,5,4
7387,2465,2465,134000,2025-09-23 14:55:32.266,CCA,,First Installment - Imported from Excel,2025-09-23 14:55:32.267,5,5
2870,2466,2466,16000,2025-09-23 12:44:51.351,CCA,,First Installment - Imported from Excel,2025-09-23 12:44:51.352,5,2
4376,2466,2466,16000,2025-09-23 13:31:19.819,CCA,,First Installment - Imported from Excel,2025-09-23 13:31:19.82,5,3
5882,2466,2466,16000,2025-09-23 14:41:38.101,CCA,,First Installment - Imported from Excel,2025-09-23 14:41:38.102,5,4
7388,2466,2466,16000,2025-09-23 14:55:32.274,CCA,,First Installment - Imported from Excel,2025-09-23 14:55:32.275,5,5
4377,2467,2467,50000,2025-09-23 13:31:19.828,CCA,,First Installment - Imported from Excel,2025-09-23 13:31:19.829,4,2
5883,2467,2467,50000,2025-09-23 14:41:38.112,CCA,,First Installment - Imported from Excel,2025-09-23 14:41:38.113,4,3
7389,2467,2467,50000,2025-09-23 14:55:32.283,CCA,,First Installment - Imported from Excel,2025-09-23 14:55:32.283,4,4
4378,2467,2467,143000,2025-09-23 13:31:19.83,CCA,,Second Installment - Imported from Excel,2025-09-23 13:31:19.83,4,2
5884,2467,2467,143000,2025-09-23 14:41:38.114,CCA,,Second Installment - Imported from Excel,2025-09-23 14:41:38.115,4,3
7390,2467,2467,143000,2025-09-23 14:55:32.284,CCA,,Second Installment - Imported from Excel,2025-09-23 14:55:32.284,4,4
4380,2469,2469,43000,2025-09-23 13:31:19.839,CCA,,Second Installment - Imported from Excel,2025-09-23 13:31:19.839,4,2
5886,2469,2469,43000,2025-09-23 14:41:38.315,CCA,,Second Installment - Imported from Excel,2025-09-23 14:41:38.316,4,3
7392,2469,2469,43000,2025-09-23 14:55:32.475,CCA,,Second Installment - Imported from Excel,2025-09-23 14:55:32.476,4,4
4379,2469,2469,150000,2025-09-23 13:31:19.837,CCA,,First Installment - Imported from Excel,2025-09-23 13:31:19.838,4,2
5885,2469,2469,150000,2025-09-23 14:41:38.312,CCA,,First Installment - Imported from Excel,2025-09-23 14:41:38.313,4,3
7391,2469,2469,150000,2025-09-23 14:55:32.473,CCA,,First Installment - Imported from Excel,2025-09-23 14:55:32.474,4,4
2875,2470,2470,50000,2025-09-23 12:44:51.379,CCA,,First Installment - Imported from Excel,2025-09-23 12:44:51.379,5,2
4381,2470,2470,50000,2025-09-23 13:31:19.846,CCA,,First Installment - Imported from Excel,2025-09-23 13:31:19.847,5,3
5887,2470,2470,50000,2025-09-23 14:41:38.326,CCA,,First Installment - Imported from Excel,2025-09-23 14:41:38.327,5,4
7393,2470,2470,50000,2025-09-23 14:55:32.481,CCA,,First Installment - Imported from Excel,2025-09-23 14:55:32.482,5,5
2876,2472,2472,193000,2025-09-23 12:44:51.385,CCA,,First Installment - Imported from Excel,2025-09-23 12:44:51.386,5,2
4382,2472,2472,193000,2025-09-23 13:31:19.854,CCA,,First Installment - Imported from Excel,2025-09-23 13:31:19.855,5,3
5888,2472,2472,193000,2025-09-23 14:41:38.337,CCA,,First Installment - Imported from Excel,2025-09-23 14:41:38.338,5,4
7394,2472,2472,193000,2025-09-23 14:55:32.487,CCA,,First Installment - Imported from Excel,2025-09-23 14:55:32.488,5,5
2877,2473,2473,193000,2025-09-23 12:44:51.393,CCA,,First Installment - Imported from Excel,2025-09-23 12:44:51.393,5,2
4383,2473,2473,193000,2025-09-23 13:31:19.864,CCA,,First Installment - Imported from Excel,2025-09-23 13:31:19.865,5,3
5889,2473,2473,193000,2025-09-23 14:41:38.352,CCA,,First Installment - Imported from Excel,2025-09-23 14:41:38.353,5,4
7395,2473,2473,193000,2025-09-23 14:55:32.494,CCA,,First Installment - Imported from Excel,2025-09-23 14:55:32.495,5,5
2878,2475,2475,193000,2025-09-23 12:44:51.4,CCA,,First Installment - Imported from Excel,2025-09-23 12:44:51.401,5,2
4384,2475,2475,193000,2025-09-23 13:31:19.873,CCA,,First Installment - Imported from Excel,2025-09-23 13:31:19.874,5,3
5890,2475,2475,193000,2025-09-23 14:41:38.366,CCA,,First Installment - Imported from Excel,2025-09-23 14:41:38.367,5,4
7396,2475,2475,193000,2025-09-23 14:55:32.501,CCA,,First Installment - Imported from Excel,2025-09-23 14:55:32.502,5,5
4385,2476,2476,35000,2025-09-23 13:31:19.88,CCA,,First Installment - Imported from Excel,2025-09-23 13:31:19.88,4,2
5891,2476,2476,35000,2025-09-23 14:41:38.591,CCA,,First Installment - Imported from Excel,2025-09-23 14:41:38.592,4,3
7397,2476,2476,35000,2025-09-23 14:55:32.685,CCA,,First Installment - Imported from Excel,2025-09-23 14:55:32.686,4,4
4386,2476,2476,75000,2025-09-23 13:31:19.881,CCA,,Second Installment - Imported from Excel,2025-09-23 13:31:19.882,4,2
5892,2476,2476,75000,2025-09-23 14:41:38.593,CCA,,Second Installment - Imported from Excel,2025-09-23 14:41:38.594,4,3
7398,2476,2476,75000,2025-09-23 14:55:32.687,CCA,,Second Installment - Imported from Excel,2025-09-23 14:55:32.688,4,4
4387,2477,2477,100000,2025-09-23 13:31:19.887,CCA,,First Installment - Imported from Excel,2025-09-23 13:31:19.888,4,2
5893,2477,2477,100000,2025-09-23 14:41:38.604,CCA,,First Installment - Imported from Excel,2025-09-23 14:41:38.605,4,3
7399,2477,2477,100000,2025-09-23 14:55:32.694,CCA,,First Installment - Imported from Excel,2025-09-23 14:55:32.695,4,4
2882,2478,2478,195000,2025-09-23 12:44:51.426,CCA,,First Installment - Imported from Excel,2025-09-23 12:44:51.427,5,2
4388,2478,2478,195000,2025-09-23 13:31:19.893,CCA,,First Installment - Imported from Excel,2025-09-23 13:31:19.894,5,3
5894,2478,2478,195000,2025-09-23 14:41:38.62,CCA,,First Installment - Imported from Excel,2025-09-23 14:41:38.621,5,4
7400,2478,2478,195000,2025-09-23 14:55:32.7,CCA,,First Installment - Imported from Excel,2025-09-23 14:55:32.7,5,5
2883,2479,2479,150000,2025-09-23 12:44:51.435,CCA,,First Installment - Imported from Excel,2025-09-23 12:44:51.436,5,2
4389,2479,2479,150000,2025-09-23 13:31:19.899,CCA,,First Installment - Imported from Excel,2025-09-23 13:31:19.9,5,3
5895,2479,2479,150000,2025-09-23 14:41:38.647,CCA,,First Installment - Imported from Excel,2025-09-23 14:41:38.648,5,4
7401,2479,2479,150000,2025-09-23 14:55:32.705,CCA,,First Installment - Imported from Excel,2025-09-23 14:55:32.705,5,5
2884,2480,2480,32000,2025-09-23 12:44:51.443,CCA,,First Installment - Imported from Excel,2025-09-23 12:44:51.444,5,2
4390,2480,2480,32000,2025-09-23 13:31:19.905,CCA,,First Installment - Imported from Excel,2025-09-23 13:31:19.906,5,3
5896,2480,2480,32000,2025-09-23 14:41:38.665,CCA,,First Installment - Imported from Excel,2025-09-23 14:41:38.666,5,4
7402,2480,2480,32000,2025-09-23 14:55:32.711,CCA,,First Installment - Imported from Excel,2025-09-23 14:55:32.712,5,5
4392,2481,2481,83000,2025-09-23 13:31:19.913,CCA,,Second Installment - Imported from Excel,2025-09-23 13:31:19.913,4,2
5898,2481,2481,83000,2025-09-23 14:41:38.857,CCA,,Second Installment - Imported from Excel,2025-09-23 14:41:38.858,4,3
7404,2481,2481,83000,2025-09-23 14:55:32.873,CCA,,Second Installment - Imported from Excel,2025-09-23 14:55:32.873,4,4
4391,2481,2481,110000,2025-09-23 13:31:19.911,CCA,,First Installment - Imported from Excel,2025-09-23 13:31:19.912,4,2
5897,2481,2481,110000,2025-09-23 14:41:38.855,CCA,,First Installment - Imported from Excel,2025-09-23 14:41:38.855,4,3
7403,2481,2481,110000,2025-09-23 14:55:32.871,CCA,,First Installment - Imported from Excel,2025-09-23 14:55:32.872,4,4
2887,2482,2482,195000,2025-09-23 12:44:51.459,CCA,,First Installment - Imported from Excel,2025-09-23 12:44:51.46,5,2
4393,2482,2482,195000,2025-09-23 13:31:19.918,CCA,,First Installment - Imported from Excel,2025-09-23 13:31:19.919,5,3
5899,2482,2482,195000,2025-09-23 14:41:38.873,CCA,,First Installment - Imported from Excel,2025-09-23 14:41:38.874,5,4
7405,2482,2482,195000,2025-09-23 14:55:32.879,CCA,,First Installment - Imported from Excel,2025-09-23 14:55:32.879,5,5
2888,2483,2483,134000,2025-09-23 12:44:51.466,CCA,,First Installment - Imported from Excel,2025-09-23 12:44:51.467,5,2
4394,2483,2483,134000,2025-09-23 13:31:19.925,CCA,,First Installment - Imported from Excel,2025-09-23 13:31:19.926,5,3
5900,2483,2483,134000,2025-09-23 14:41:39.083,CCA,,First Installment - Imported from Excel,2025-09-23 14:41:39.084,5,4
7406,2483,2483,134000,2025-09-23 14:55:33.048,CCA,,First Installment - Imported from Excel,2025-09-23 14:55:33.049,5,5
2889,2485,2485,70000,2025-09-23 12:44:51.475,CCA,,First Installment - Imported from Excel,2025-09-23 12:44:51.475,5,2
4395,2485,2485,70000,2025-09-23 13:31:19.932,CCA,,First Installment - Imported from Excel,2025-09-23 13:31:19.933,5,3
5901,2485,2485,70000,2025-09-23 14:41:39.091,CCA,,First Installment - Imported from Excel,2025-09-23 14:41:39.092,5,4
7407,2485,2485,70000,2025-09-23 14:55:33.058,CCA,,First Installment - Imported from Excel,2025-09-23 14:55:33.059,5,5
4396,2488,2488,32000,2025-09-23 13:31:19.939,CCA,,First Installment - Imported from Excel,2025-09-23 13:31:19.939,4,2
5902,2488,2488,32000,2025-09-23 14:41:39.101,CCA,,First Installment - Imported from Excel,2025-09-23 14:41:39.102,4,3
7408,2488,2488,32000,2025-09-23 14:55:33.067,CCA,,First Installment - Imported from Excel,2025-09-23 14:55:33.067,4,4
4397,2488,2488,102000,2025-09-23 13:31:19.94,CCA,,Second Installment - Imported from Excel,2025-09-23 13:31:19.941,4,2
5903,2488,2488,102000,2025-09-23 14:41:39.103,CCA,,Second Installment - Imported from Excel,2025-09-23 14:41:39.103,4,3
7409,2488,2488,102000,2025-09-23 14:55:33.069,CCA,,Second Installment - Imported from Excel,2025-09-23 14:55:33.07,4,4
2892,2489,2489,32000,2025-09-23 12:44:51.491,CCA,,First Installment - Imported from Excel,2025-09-23 12:44:51.492,5,2
4398,2489,2489,32000,2025-09-23 13:31:19.946,CCA,,First Installment - Imported from Excel,2025-09-23 13:31:19.946,5,3
5904,2489,2489,32000,2025-09-23 14:41:39.111,CCA,,First Installment - Imported from Excel,2025-09-23 14:41:39.111,5,4
7410,2489,2489,32000,2025-09-23 14:55:33.076,CCA,,First Installment - Imported from Excel,2025-09-23 14:55:33.077,5,5
2893,2491,2491,134000,2025-09-23 12:44:51.498,CCA,,First Installment - Imported from Excel,2025-09-23 12:44:51.499,5,2
4399,2491,2491,134000,2025-09-23 13:31:19.952,CCA,,First Installment - Imported from Excel,2025-09-23 13:31:19.953,5,3
5905,2491,2491,134000,2025-09-23 14:41:39.119,CCA,,First Installment - Imported from Excel,2025-09-23 14:41:39.12,5,4
7411,2491,2491,134000,2025-09-23 14:55:33.085,CCA,,First Installment - Imported from Excel,2025-09-23 14:55:33.085,5,5
2894,2492,2492,32000,2025-09-23 12:44:51.505,CCA,,First Installment - Imported from Excel,2025-09-23 12:44:51.506,5,2
4400,2492,2492,32000,2025-09-23 13:31:19.959,CCA,,First Installment - Imported from Excel,2025-09-23 13:31:19.959,5,3
5906,2492,2492,32000,2025-09-23 14:41:39.126,CCA,,First Installment - Imported from Excel,2025-09-23 14:41:39.127,5,4
7412,2492,2492,32000,2025-09-23 14:55:33.093,CCA,,First Installment - Imported from Excel,2025-09-23 14:55:33.094,5,5
2895,2493,2493,193000,2025-09-23 12:44:51.511,CCA,,First Installment - Imported from Excel,2025-09-23 12:44:51.512,5,2
4401,2493,2493,193000,2025-09-23 13:31:19.965,CCA,,First Installment - Imported from Excel,2025-09-23 13:31:19.966,5,3
5907,2493,2493,193000,2025-09-23 14:41:39.134,CCA,,First Installment - Imported from Excel,2025-09-23 14:41:39.135,5,4
7413,2493,2493,193000,2025-09-23 14:55:33.102,CCA,,First Installment - Imported from Excel,2025-09-23 14:55:33.103,5,5
2896,2494,2494,100000,2025-09-23 12:44:51.517,CCA,,First Installment - Imported from Excel,2025-09-23 12:44:51.517,5,2
4402,2494,2494,100000,2025-09-23 13:31:19.971,CCA,,First Installment - Imported from Excel,2025-09-23 13:31:19.972,5,3
5908,2494,2494,100000,2025-09-23 14:41:39.354,CCA,,First Installment - Imported from Excel,2025-09-23 14:41:39.355,5,4
7414,2494,2494,100000,2025-09-23 14:55:33.286,CCA,,First Installment - Imported from Excel,2025-09-23 14:55:33.287,5,5
2898,2496,2496,50000,2025-09-23 12:44:51.523,CCA,,Second Installment - Imported from Excel,2025-09-23 12:44:51.524,8,2
4403,2496,2496,50000,2025-09-23 13:31:19.977,CCA,,First Installment - Imported from Excel,2025-09-23 13:31:19.978,8,3
4404,2496,2496,50000,2025-09-23 13:31:19.979,CCA,,Second Installment - Imported from Excel,2025-09-23 13:31:19.98,8,4
5909,2496,2496,50000,2025-09-23 14:41:39.585,CCA,,First Installment - Imported from Excel,2025-09-23 14:41:39.585,8,5
5910,2496,2496,50000,2025-09-23 14:41:39.587,CCA,,Second Installment - Imported from Excel,2025-09-23 14:41:39.588,8,6
7415,2496,2496,50000,2025-09-23 14:55:33.468,CCA,,First Installment - Imported from Excel,2025-09-23 14:55:33.469,8,7
7416,2496,2496,50000,2025-09-23 14:55:33.47,CCA,,Second Installment - Imported from Excel,2025-09-23 14:55:33.471,8,8
2899,2497,2497,134300,2025-09-23 12:44:51.528,CCA,,First Installment - Imported from Excel,2025-09-23 12:44:51.529,5,2
4405,2497,2497,134300,2025-09-23 13:31:19.985,CCA,,First Installment - Imported from Excel,2025-09-23 13:31:19.985,5,3
5911,2497,2497,134300,2025-09-23 14:41:39.77,CCA,,First Installment - Imported from Excel,2025-09-23 14:41:39.77,5,4
7417,2497,2497,134300,2025-09-23 14:55:33.688,CCA,,First Installment - Imported from Excel,2025-09-23 14:55:33.689,5,5
4406,2498,2498,32000,2025-09-23 13:31:19.99,CCA,,First Installment - Imported from Excel,2025-09-23 13:31:19.991,4,2
5912,2498,2498,32000,2025-09-23 14:41:39.779,CCA,,First Installment - Imported from Excel,2025-09-23 14:41:39.78,4,3
7418,2498,2498,32000,2025-09-23 14:55:33.698,CCA,,First Installment - Imported from Excel,2025-09-23 14:55:33.698,4,4
4407,2498,2498,161000,2025-09-23 13:31:19.991,CCA,,Second Installment - Imported from Excel,2025-09-23 13:31:19.992,4,2
5913,2498,2498,161000,2025-09-23 14:41:39.78,CCA,,Second Installment - Imported from Excel,2025-09-23 14:41:39.781,4,3
7419,2498,2498,161000,2025-09-23 14:55:33.7,CCA,,Second Installment - Imported from Excel,2025-09-23 14:55:33.701,4,4
2902,2501,2501,193000,2025-09-23 12:44:51.54,CCA,,First Installment - Imported from Excel,2025-09-23 12:44:51.541,5,2
4408,2501,2501,193000,2025-09-23 13:31:19.997,CCA,,First Installment - Imported from Excel,2025-09-23 13:31:19.998,5,3
5914,2501,2501,193000,2025-09-23 14:41:39.788,CCA,,First Installment - Imported from Excel,2025-09-23 14:41:39.788,5,4
7420,2501,2501,193000,2025-09-23 14:55:33.71,CCA,,First Installment - Imported from Excel,2025-09-23 14:55:33.711,5,5
2903,2503,2503,135000,2025-09-23 12:44:51.547,CCA,,First Installment - Imported from Excel,2025-09-23 12:44:51.548,5,2
4409,2503,2503,135000,2025-09-23 13:31:20.005,CCA,,First Installment - Imported from Excel,2025-09-23 13:31:20.006,5,3
5915,2503,2503,135000,2025-09-23 14:41:39.956,CCA,,First Installment - Imported from Excel,2025-09-23 14:41:39.956,5,4
7421,2503,2503,135000,2025-09-23 14:55:33.927,CCA,,First Installment - Imported from Excel,2025-09-23 14:55:33.928,5,5
2904,2504,2504,32000,2025-09-23 12:44:51.555,CCA,,First Installment - Imported from Excel,2025-09-23 12:44:51.556,5,2
4410,2504,2504,32000,2025-09-23 13:31:20.011,CCA,,First Installment - Imported from Excel,2025-09-23 13:31:20.012,5,3
5916,2504,2504,32000,2025-09-23 14:41:40.17,CCA,,First Installment - Imported from Excel,2025-09-23 14:41:40.171,5,4
7422,2504,2504,32000,2025-09-23 14:55:34.094,CCA,,First Installment - Imported from Excel,2025-09-23 14:55:34.094,5,5
4411,2505,2505,32000,2025-09-23 13:31:20.016,CCA,,First Installment - Imported from Excel,2025-09-23 13:31:20.017,4,2
5917,2505,2505,32000,2025-09-23 14:41:40.181,CCA,,First Installment - Imported from Excel,2025-09-23 14:41:40.182,4,3
7423,2505,2505,32000,2025-09-23 14:55:34.105,CCA,,First Installment - Imported from Excel,2025-09-23 14:55:34.105,4,4
4412,2505,2505,161000,2025-09-23 13:31:20.017,CCA,,Second Installment - Imported from Excel,2025-09-23 13:31:20.018,4,2
5918,2505,2505,161000,2025-09-23 14:41:40.183,CCA,,Second Installment - Imported from Excel,2025-09-23 14:41:40.184,4,3
7424,2505,2505,161000,2025-09-23 14:55:34.107,CCA,,Second Installment - Imported from Excel,2025-09-23 14:55:34.107,4,4
2907,2509,2509,100000,2025-09-23 12:44:51.573,CCA,,First Installment - Imported from Excel,2025-09-23 12:44:51.574,5,2
4413,2509,2509,100000,2025-09-23 13:31:20.023,CCA,,First Installment - Imported from Excel,2025-09-23 13:31:20.023,5,3
5919,2509,2509,100000,2025-09-23 14:41:40.195,CCA,,First Installment - Imported from Excel,2025-09-23 14:41:40.196,5,4
7425,2509,2509,100000,2025-09-23 14:55:34.115,CCA,,First Installment - Imported from Excel,2025-09-23 14:55:34.116,5,5
2908,2510,2510,100000,2025-09-23 12:44:51.582,CCA,,First Installment - Imported from Excel,2025-09-23 12:44:51.583,5,2
4414,2510,2510,100000,2025-09-23 13:31:20.029,CCA,,First Installment - Imported from Excel,2025-09-23 13:31:20.03,5,3
5920,2510,2510,100000,2025-09-23 14:41:40.206,CCA,,First Installment - Imported from Excel,2025-09-23 14:41:40.207,5,4
7426,2510,2510,100000,2025-09-23 14:55:34.123,CCA,,First Installment - Imported from Excel,2025-09-23 14:55:34.124,5,5
2909,2512,2512,135000,2025-09-23 12:44:51.59,CCA,,First Installment - Imported from Excel,2025-09-23 12:44:51.59,5,2
4415,2512,2512,135000,2025-09-23 13:31:20.035,CCA,,First Installment - Imported from Excel,2025-09-23 13:31:20.036,5,3
5921,2512,2512,135000,2025-09-23 14:41:40.396,CCA,,First Installment - Imported from Excel,2025-09-23 14:41:40.397,5,4
7427,2512,2512,135000,2025-09-23 14:55:34.316,CCA,,First Installment - Imported from Excel,2025-09-23 14:55:34.317,5,5
2910,2513,2513,170000,2025-09-23 12:44:51.598,CCA,,First Installment - Imported from Excel,2025-09-23 12:44:51.599,5,2
4416,2513,2513,170000,2025-09-23 13:31:20.042,CCA,,First Installment - Imported from Excel,2025-09-23 13:31:20.042,5,3
5922,2513,2513,170000,2025-09-23 14:41:40.409,CCA,,First Installment - Imported from Excel,2025-09-23 14:41:40.41,5,4
7428,2513,2513,170000,2025-09-23 14:55:34.324,CCA,,First Installment - Imported from Excel,2025-09-23 14:55:34.324,5,5
3054,2519,2519,200000,2025-09-23 12:44:53.536,CCA,,First Installment - Imported from Excel,2025-09-23 12:44:53.536,5,2
4560,2519,2519,200000,2025-09-23 13:31:21.333,CCA,,First Installment - Imported from Excel,2025-09-23 13:31:21.333,5,3
6066,2519,2519,200000,2025-09-23 14:41:44.527,CCA,,First Installment - Imported from Excel,2025-09-23 14:41:44.528,5,4
7572,2519,2519,200000,2025-09-23 14:55:37.676,CCA,,First Installment - Imported from Excel,2025-09-23 14:55:37.676,5,5
3055,2520,2520,134000,2025-09-23 12:44:53.544,CCA,,First Installment - Imported from Excel,2025-09-23 12:44:53.545,5,2
4561,2520,2520,134000,2025-09-23 13:31:21.337,CCA,,First Installment - Imported from Excel,2025-09-23 13:31:21.338,5,3
6067,2520,2520,134000,2025-09-23 14:41:44.54,CCA,,First Installment - Imported from Excel,2025-09-23 14:41:44.54,5,4
7573,2520,2520,134000,2025-09-23 14:55:37.682,CCA,,First Installment - Imported from Excel,2025-09-23 14:55:37.683,5,5
3056,2523,2523,50000,2025-09-23 12:44:53.553,CCA,,First Installment - Imported from Excel,2025-09-23 12:44:53.554,5,2
4562,2523,2523,50000,2025-09-23 13:31:21.342,CCA,,First Installment - Imported from Excel,2025-09-23 13:31:21.343,5,3
6068,2523,2523,50000,2025-09-23 14:41:44.548,CCA,,First Installment - Imported from Excel,2025-09-23 14:41:44.549,5,4
7574,2523,2523,50000,2025-09-23 14:55:37.692,CCA,,First Installment - Imported from Excel,2025-09-23 14:55:37.692,5,5
4563,2524,2524,40000,2025-09-23 13:31:21.347,CCA,,First Installment - Imported from Excel,2025-09-23 13:31:21.347,4,2
6069,2524,2524,40000,2025-09-23 14:41:44.557,CCA,,First Installment - Imported from Excel,2025-09-23 14:41:44.557,4,3
7575,2524,2524,40000,2025-09-23 14:55:37.699,CCA,,First Installment - Imported from Excel,2025-09-23 14:55:37.7,4,4
4564,2524,2524,100000,2025-09-23 13:31:21.348,CCA,,Second Installment - Imported from Excel,2025-09-23 13:31:21.348,4,2
6070,2524,2524,100000,2025-09-23 14:41:44.558,CCA,,Second Installment - Imported from Excel,2025-09-23 14:41:44.559,4,3
7576,2524,2524,100000,2025-09-23 14:55:37.7,CCA,,Second Installment - Imported from Excel,2025-09-23 14:55:37.701,4,4
3059,2527,2527,15000,2025-09-23 12:44:53.57,CCA,,First Installment - Imported from Excel,2025-09-23 12:44:53.571,5,2
4565,2527,2527,15000,2025-09-23 13:31:21.353,CCA,,First Installment - Imported from Excel,2025-09-23 13:31:21.354,5,3
6071,2527,2527,15000,2025-09-23 14:41:44.569,CCA,,First Installment - Imported from Excel,2025-09-23 14:41:44.57,5,4
7577,2527,2527,15000,2025-09-23 14:55:37.708,CCA,,First Installment - Imported from Excel,2025-09-23 14:55:37.709,5,5
3060,2528,2528,34000,2025-09-23 12:44:53.581,CCA,,First Installment - Imported from Excel,2025-09-23 12:44:53.581,5,2
4566,2528,2528,34000,2025-09-23 13:31:21.358,CCA,,First Installment - Imported from Excel,2025-09-23 13:31:21.359,5,3
6072,2528,2528,34000,2025-09-23 14:41:44.78,CCA,,First Installment - Imported from Excel,2025-09-23 14:41:44.781,5,4
7578,2528,2528,34000,2025-09-23 14:55:37.878,CCA,,First Installment - Imported from Excel,2025-09-23 14:55:37.879,5,5
3061,2529,2529,124000,2025-09-23 12:44:53.591,CCA,,First Installment - Imported from Excel,2025-09-23 12:44:53.591,5,2
4567,2529,2529,124000,2025-09-23 13:31:21.364,CCA,,First Installment - Imported from Excel,2025-09-23 13:31:21.364,5,3
6073,2529,2529,124000,2025-09-23 14:41:44.974,CCA,,First Installment - Imported from Excel,2025-09-23 14:41:44.975,5,4
7579,2529,2529,124000,2025-09-23 14:55:38.052,CCA,,First Installment - Imported from Excel,2025-09-23 14:55:38.053,5,5
3063,2530,2530,70000,2025-09-23 12:44:53.602,CCA,,Second Installment - Imported from Excel,2025-09-23 12:44:53.602,8,2
4568,2530,2530,70000,2025-09-23 13:31:21.369,CCA,,First Installment - Imported from Excel,2025-09-23 13:31:21.37,8,3
4569,2530,2530,70000,2025-09-23 13:31:21.37,CCA,,Second Installment - Imported from Excel,2025-09-23 13:31:21.371,8,4
6074,2530,2530,70000,2025-09-23 14:41:45.152,CCA,,First Installment - Imported from Excel,2025-09-23 14:41:45.153,8,5
6075,2530,2530,70000,2025-09-23 14:41:45.154,CCA,,Second Installment - Imported from Excel,2025-09-23 14:41:45.154,8,6
7580,2530,2530,70000,2025-09-23 14:55:38.225,CCA,,First Installment - Imported from Excel,2025-09-23 14:55:38.226,8,7
7581,2530,2530,70000,2025-09-23 14:55:38.227,CCA,,Second Installment - Imported from Excel,2025-09-23 14:55:38.228,8,8
3064,2531,2531,184000,2025-09-23 12:44:53.611,CCA,,First Installment - Imported from Excel,2025-09-23 12:44:53.612,5,2
4570,2531,2531,184000,2025-09-23 13:31:21.375,CCA,,First Installment - Imported from Excel,2025-09-23 13:31:21.376,5,3
6076,2531,2531,184000,2025-09-23 14:41:45.162,CCA,,First Installment - Imported from Excel,2025-09-23 14:41:45.163,5,4
7582,2531,2531,184000,2025-09-23 14:55:38.238,CCA,,First Installment - Imported from Excel,2025-09-23 14:55:38.239,5,5
3065,2533,2533,134000,2025-09-23 12:44:53.622,CCA,,First Installment - Imported from Excel,2025-09-23 12:44:53.623,5,2
4571,2533,2533,134000,2025-09-23 13:31:21.38,CCA,,First Installment - Imported from Excel,2025-09-23 13:31:21.381,5,3
6077,2533,2533,134000,2025-09-23 14:41:45.172,CCA,,First Installment - Imported from Excel,2025-09-23 14:41:45.173,5,4
7583,2533,2533,134000,2025-09-23 14:55:38.248,CCA,,First Installment - Imported from Excel,2025-09-23 14:55:38.248,5,5
3066,2534,2534,150000,2025-09-23 12:44:53.632,CCA,,First Installment - Imported from Excel,2025-09-23 12:44:53.633,5,2
4572,2534,2534,150000,2025-09-23 13:31:21.386,CCA,,First Installment - Imported from Excel,2025-09-23 13:31:21.386,5,3
6078,2534,2534,150000,2025-09-23 14:41:45.181,CCA,,First Installment - Imported from Excel,2025-09-23 14:41:45.182,5,4
7584,2534,2534,150000,2025-09-23 14:55:38.256,CCA,,First Installment - Imported from Excel,2025-09-23 14:55:38.257,5,5
3067,2539,2539,34000,2025-09-23 12:44:53.639,CCA,,First Installment - Imported from Excel,2025-09-23 12:44:53.639,5,2
4573,2539,2539,34000,2025-09-23 13:31:21.39,CCA,,First Installment - Imported from Excel,2025-09-23 13:31:21.391,5,3
6079,2539,2539,34000,2025-09-23 14:41:45.191,CCA,,First Installment - Imported from Excel,2025-09-23 14:41:45.192,5,4
7585,2539,2539,34000,2025-09-23 14:55:38.263,CCA,,First Installment - Imported from Excel,2025-09-23 14:55:38.264,5,5
3068,2540,2540,34000,2025-09-23 12:44:53.647,CCA,,First Installment - Imported from Excel,2025-09-23 12:44:53.648,5,2
4574,2540,2540,34000,2025-09-23 13:31:21.397,CCA,,First Installment - Imported from Excel,2025-09-23 13:31:21.397,5,3
6080,2540,2540,34000,2025-09-23 14:41:45.198,CCA,,First Installment - Imported from Excel,2025-09-23 14:41:45.199,5,4
7586,2540,2540,34000,2025-09-23 14:55:38.275,CCA,,First Installment - Imported from Excel,2025-09-23 14:55:38.276,5,5
4575,2541,2541,35000,2025-09-23 13:31:21.403,CCA,,First Installment - Imported from Excel,2025-09-23 13:31:21.404,4,2
6081,2541,2541,35000,2025-09-23 14:41:45.206,CCA,,First Installment - Imported from Excel,2025-09-23 14:41:45.207,4,3
7587,2541,2541,35000,2025-09-23 14:55:38.283,CCA,,First Installment - Imported from Excel,2025-09-23 14:55:38.283,4,4
4576,2541,2541,145000,2025-09-23 13:31:21.404,CCA,,Second Installment - Imported from Excel,2025-09-23 13:31:21.405,4,2
6082,2541,2541,145000,2025-09-23 14:41:45.208,CCA,,Second Installment - Imported from Excel,2025-09-23 14:41:45.209,4,3
7588,2541,2541,145000,2025-09-23 14:55:38.284,CCA,,Second Installment - Imported from Excel,2025-09-23 14:55:38.285,4,4
3071,2543,2543,34000,2025-09-23 12:44:53.667,CCA,,First Installment - Imported from Excel,2025-09-23 12:44:53.667,5,2
4577,2543,2543,34000,2025-09-23 13:31:21.41,CCA,,First Installment - Imported from Excel,2025-09-23 13:31:21.41,5,3
6083,2543,2543,34000,2025-09-23 14:41:45.216,CCA,,First Installment - Imported from Excel,2025-09-23 14:41:45.217,5,4
7589,2543,2543,34000,2025-09-23 14:55:38.292,CCA,,First Installment - Imported from Excel,2025-09-23 14:55:38.293,5,5
4579,2544,2544,92000,2025-09-23 13:31:21.416,CCA,,Second Installment - Imported from Excel,2025-09-23 13:31:21.417,4,2
6085,2544,2544,92000,2025-09-23 14:41:45.226,CCA,,Second Installment - Imported from Excel,2025-09-23 14:41:45.227,4,3
7591,2544,2544,92000,2025-09-23 14:55:38.3,CCA,,Second Installment - Imported from Excel,2025-09-23 14:55:38.301,4,4
4578,2544,2544,100000,2025-09-23 13:31:21.415,CCA,,First Installment - Imported from Excel,2025-09-23 13:31:21.416,4,2
6084,2544,2544,100000,2025-09-23 14:41:45.223,CCA,,First Installment - Imported from Excel,2025-09-23 14:41:45.224,4,3
7590,2544,2544,100000,2025-09-23 14:55:38.299,CCA,,First Installment - Imported from Excel,2025-09-23 14:55:38.299,4,4
3074,2547,2547,100000,2025-09-23 12:44:53.683,CCA,,First Installment - Imported from Excel,2025-09-23 12:44:53.684,5,2
4580,2547,2547,100000,2025-09-23 13:31:21.422,CCA,,First Installment - Imported from Excel,2025-09-23 13:31:21.422,5,3
6086,2547,2547,100000,2025-09-23 14:41:45.235,CCA,,First Installment - Imported from Excel,2025-09-23 14:41:45.235,5,4
7592,2547,2547,100000,2025-09-23 14:55:38.307,CCA,,First Installment - Imported from Excel,2025-09-23 14:55:38.308,5,5
3075,2550,2550,35000,2025-09-23 12:44:53.691,CCA,,First Installment - Imported from Excel,2025-09-23 12:44:53.691,5,2
4581,2550,2550,35000,2025-09-23 13:31:21.428,CCA,,First Installment - Imported from Excel,2025-09-23 13:31:21.428,5,3
6087,2550,2550,35000,2025-09-23 14:41:45.242,CCA,,First Installment - Imported from Excel,2025-09-23 14:41:45.242,5,4
7593,2550,2550,35000,2025-09-23 14:55:38.314,CCA,,First Installment - Imported from Excel,2025-09-23 14:55:38.315,5,5
3076,2552,2552,100000,2025-09-23 12:44:53.698,CCA,,First Installment - Imported from Excel,2025-09-23 12:44:53.699,5,2
4582,2552,2552,100000,2025-09-23 13:31:21.434,CCA,,First Installment - Imported from Excel,2025-09-23 13:31:21.435,5,3
6088,2552,2552,100000,2025-09-23 14:41:45.248,CCA,,First Installment - Imported from Excel,2025-09-23 14:41:45.249,5,4
7594,2552,2552,100000,2025-09-23 14:55:38.32,CCA,,First Installment - Imported from Excel,2025-09-23 14:55:38.321,5,5
3077,2553,2553,222000,2025-09-23 12:44:53.706,CCA,,First Installment - Imported from Excel,2025-09-23 12:44:53.707,5,2
4583,2553,2553,222000,2025-09-23 13:31:21.44,CCA,,First Installment - Imported from Excel,2025-09-23 13:31:21.441,5,3
6089,2553,2553,222000,2025-09-23 14:41:45.256,CCA,,First Installment - Imported from Excel,2025-09-23 14:41:45.257,5,4
7595,2553,2553,222000,2025-09-23 14:55:38.328,CCA,,First Installment - Imported from Excel,2025-09-23 14:55:38.328,5,5
3078,2555,2555,120000,2025-09-23 12:44:53.717,CCA,,First Installment - Imported from Excel,2025-09-23 12:44:53.717,5,2
4584,2555,2555,120000,2025-09-23 13:31:21.447,CCA,,First Installment - Imported from Excel,2025-09-23 13:31:21.447,5,3
6090,2555,2555,120000,2025-09-23 14:41:45.263,CCA,,First Installment - Imported from Excel,2025-09-23 14:41:45.264,5,4
7596,2555,2555,120000,2025-09-23 14:55:38.334,CCA,,First Installment - Imported from Excel,2025-09-23 14:55:38.335,5,5
3079,2557,2557,50000,2025-09-23 12:44:53.724,CCA,,First Installment - Imported from Excel,2025-09-23 12:44:53.725,5,2
4585,2557,2557,50000,2025-09-23 13:31:21.453,CCA,,First Installment - Imported from Excel,2025-09-23 13:31:21.454,5,3
6091,2557,2557,50000,2025-09-23 14:41:45.271,CCA,,First Installment - Imported from Excel,2025-09-23 14:41:45.272,5,4
7597,2557,2557,50000,2025-09-23 14:55:38.34,CCA,,First Installment - Imported from Excel,2025-09-23 14:55:38.341,5,5
3080,2560,2560,84000,2025-09-23 12:44:53.733,CCA,,First Installment - Imported from Excel,2025-09-23 12:44:53.734,5,2
4586,2560,2560,84000,2025-09-23 13:31:21.459,CCA,,First Installment - Imported from Excel,2025-09-23 13:31:21.46,5,3
6092,2560,2560,84000,2025-09-23 14:41:45.278,CCA,,First Installment - Imported from Excel,2025-09-23 14:41:45.278,5,4
7598,2560,2560,84000,2025-09-23 14:55:38.347,CCA,,First Installment - Imported from Excel,2025-09-23 14:55:38.348,5,5
3081,2561,2561,100000,2025-09-23 12:44:53.741,CCA,,First Installment - Imported from Excel,2025-09-23 12:44:53.742,5,2
4587,2561,2561,100000,2025-09-23 13:31:21.465,CCA,,First Installment - Imported from Excel,2025-09-23 13:31:21.466,5,3
6093,2561,2561,100000,2025-09-23 14:41:45.438,CCA,,First Installment - Imported from Excel,2025-09-23 14:41:45.438,5,4
7599,2561,2561,100000,2025-09-23 14:55:38.549,CCA,,First Installment - Imported from Excel,2025-09-23 14:55:38.55,5,5
3082,2566,2566,50000,2025-09-23 12:44:53.747,CCA,,First Installment - Imported from Excel,2025-09-23 12:44:53.748,5,2
4588,2566,2566,50000,2025-09-23 13:31:21.471,CCA,,First Installment - Imported from Excel,2025-09-23 13:31:21.472,5,3
6094,2566,2566,50000,2025-09-23 14:41:45.624,CCA,,First Installment - Imported from Excel,2025-09-23 14:41:45.625,5,4
7600,2566,2566,50000,2025-09-23 14:55:38.737,CCA,,First Installment - Imported from Excel,2025-09-23 14:55:38.738,5,5
3083,2569,2569,222000,2025-09-23 12:44:53.756,CCA,,First Installment - Imported from Excel,2025-09-23 12:44:53.756,5,2
4589,2569,2569,222000,2025-09-23 13:31:21.477,CCA,,First Installment - Imported from Excel,2025-09-23 13:31:21.478,5,3
6095,2569,2569,222000,2025-09-23 14:41:45.635,CCA,,First Installment - Imported from Excel,2025-09-23 14:41:45.636,5,4
7601,2569,2569,222000,2025-09-23 14:55:38.744,CCA,,First Installment - Imported from Excel,2025-09-23 14:55:38.745,5,5
3084,2570,2570,222000,2025-09-23 12:44:53.765,CCA,,First Installment - Imported from Excel,2025-09-23 12:44:53.765,5,2
4590,2570,2570,222000,2025-09-23 13:31:21.485,CCA,,First Installment - Imported from Excel,2025-09-23 13:31:21.486,5,3
6096,2570,2570,222000,2025-09-23 14:41:45.644,CCA,,First Installment - Imported from Excel,2025-09-23 14:41:45.645,5,4
7602,2570,2570,222000,2025-09-23 14:55:38.75,CCA,,First Installment - Imported from Excel,2025-09-23 14:55:38.751,5,5
3085,2575,2575,222000,2025-09-23 12:44:53.773,CCA,,First Installment - Imported from Excel,2025-09-23 12:44:53.774,5,2
4591,2575,2575,222000,2025-09-23 13:31:21.493,CCA,,First Installment - Imported from Excel,2025-09-23 13:31:21.494,5,3
6097,2575,2575,222000,2025-09-23 14:41:45.652,CCA,,First Installment - Imported from Excel,2025-09-23 14:41:45.653,5,4
7603,2575,2575,222000,2025-09-23 14:55:38.76,CCA,,First Installment - Imported from Excel,2025-09-23 14:55:38.761,5,5
3086,2576,2576,221000,2025-09-23 12:44:53.78,CCA,,First Installment - Imported from Excel,2025-09-23 12:44:53.78,5,2
4592,2576,2576,221000,2025-09-23 13:31:21.499,CCA,,First Installment - Imported from Excel,2025-09-23 13:31:21.5,5,3
6098,2576,2576,221000,2025-09-23 14:41:45.664,CCA,,First Installment - Imported from Excel,2025-09-23 14:41:45.664,5,4
7604,2576,2576,221000,2025-09-23 14:55:38.768,CCA,,First Installment - Imported from Excel,2025-09-23 14:55:38.769,5,5
4593,2579,2579,34000,2025-09-23 13:31:21.506,CCA,,First Installment - Imported from Excel,2025-09-23 13:31:21.507,4,2
6099,2579,2579,34000,2025-09-23 14:41:45.671,CCA,,First Installment - Imported from Excel,2025-09-23 14:41:45.672,4,3
7605,2579,2579,34000,2025-09-23 14:55:38.776,CCA,,First Installment - Imported from Excel,2025-09-23 14:55:38.777,4,4
4594,2579,2579,187000,2025-09-23 13:31:21.507,CCA,,Second Installment - Imported from Excel,2025-09-23 13:31:21.508,4,2
6100,2579,2579,187000,2025-09-23 14:41:45.673,CCA,,Second Installment - Imported from Excel,2025-09-23 14:41:45.674,4,3
7606,2579,2579,187000,2025-09-23 14:55:38.777,CCA,,Second Installment - Imported from Excel,2025-09-23 14:55:38.778,4,4
3089,2580,2580,115000,2025-09-23 12:44:53.794,CCA,,First Installment - Imported from Excel,2025-09-23 12:44:53.794,5,2
4595,2580,2580,115000,2025-09-23 13:31:21.516,CCA,,First Installment - Imported from Excel,2025-09-23 13:31:21.517,5,3
6101,2580,2580,115000,2025-09-23 14:41:45.682,CCA,,First Installment - Imported from Excel,2025-09-23 14:41:45.682,5,4
7607,2580,2580,115000,2025-09-23 14:55:38.783,CCA,,First Installment - Imported from Excel,2025-09-23 14:55:38.784,5,5
3090,2582,2582,222000,2025-09-23 12:44:53.801,CCA,,First Installment - Imported from Excel,2025-09-23 12:44:53.802,5,2
4596,2582,2582,222000,2025-09-23 13:31:21.522,CCA,,First Installment - Imported from Excel,2025-09-23 13:31:21.523,5,3
6102,2582,2582,222000,2025-09-23 14:41:45.69,CCA,,First Installment - Imported from Excel,2025-09-23 14:41:45.691,5,4
7608,2582,2582,222000,2025-09-23 14:55:38.791,CCA,,First Installment - Imported from Excel,2025-09-23 14:55:38.792,5,5
3091,2584,2584,80000,2025-09-23 12:44:53.81,CCA,,First Installment - Imported from Excel,2025-09-23 12:44:53.811,5,2
4597,2584,2584,80000,2025-09-23 13:31:21.53,CCA,,First Installment - Imported from Excel,2025-09-23 13:31:21.53,5,3
6103,2584,2584,80000,2025-09-23 14:41:45.698,CCA,,First Installment - Imported from Excel,2025-09-23 14:41:45.699,5,4
7609,2584,2584,80000,2025-09-23 14:55:38.797,CCA,,First Installment - Imported from Excel,2025-09-23 14:55:38.798,5,5
2985,2590,2590,252000,2025-09-23 12:44:53.065,CCA,,First Installment - Imported from Excel,2025-09-23 12:44:53.065,5,2
4491,2590,2590,252000,2025-09-23 13:31:20.939,CCA,,First Installment - Imported from Excel,2025-09-23 13:31:20.94,5,3
5997,2590,2590,252000,2025-09-23 14:41:41.518,CCA,,First Installment - Imported from Excel,2025-09-23 14:41:41.518,5,4
7503,2590,2590,252000,2025-09-23 14:55:35.276,CCA,,First Installment - Imported from Excel,2025-09-23 14:55:35.276,5,5
2986,2591,2591,204000,2025-09-23 12:44:53.072,CCA,,First Installment - Imported from Excel,2025-09-23 12:44:53.073,5,2
4492,2591,2591,204000,2025-09-23 13:31:20.946,CCA,,First Installment - Imported from Excel,2025-09-23 13:31:20.946,5,3
5998,2591,2591,204000,2025-09-23 14:41:41.526,CCA,,First Installment - Imported from Excel,2025-09-23 14:41:41.527,5,4
7504,2591,2591,204000,2025-09-23 14:55:35.282,CCA,,First Installment - Imported from Excel,2025-09-23 14:55:35.283,5,5
4494,2592,2592,48000,2025-09-23 13:31:20.952,CCA,,Second Installment - Imported from Excel,2025-09-23 13:31:20.953,4,2
6000,2592,2592,48000,2025-09-23 14:41:41.536,CCA,,Second Installment - Imported from Excel,2025-09-23 14:41:41.536,4,3
7506,2592,2592,48000,2025-09-23 14:55:35.293,CCA,,Second Installment - Imported from Excel,2025-09-23 14:55:35.293,4,4
4493,2592,2592,204000,2025-09-23 13:31:20.951,CCA,,First Installment - Imported from Excel,2025-09-23 13:31:20.952,4,2
5999,2592,2592,204000,2025-09-23 14:41:41.534,CCA,,First Installment - Imported from Excel,2025-09-23 14:41:41.534,4,3
7505,2592,2592,204000,2025-09-23 14:55:35.291,CCA,,First Installment - Imported from Excel,2025-09-23 14:55:35.292,4,4
2989,2594,2594,252000,2025-09-23 12:44:53.087,CCA,,First Installment - Imported from Excel,2025-09-23 12:44:53.087,5,2
4495,2594,2594,252000,2025-09-23 13:31:20.962,CCA,,First Installment - Imported from Excel,2025-09-23 13:31:20.962,5,3
6001,2594,2594,252000,2025-09-23 14:41:41.544,CCA,,First Installment - Imported from Excel,2025-09-23 14:41:41.545,5,4
7507,2594,2594,252000,2025-09-23 14:55:35.301,CCA,,First Installment - Imported from Excel,2025-09-23 14:55:35.302,5,5
2990,2595,2595,100000,2025-09-23 12:44:53.093,CCA,,First Installment - Imported from Excel,2025-09-23 12:44:53.094,5,2
4496,2595,2595,100000,2025-09-23 13:31:20.967,CCA,,First Installment - Imported from Excel,2025-09-23 13:31:20.968,5,3
6002,2595,2595,100000,2025-09-23 14:41:41.737,CCA,,First Installment - Imported from Excel,2025-09-23 14:41:41.738,5,4
7508,2595,2595,100000,2025-09-23 14:55:35.489,CCA,,First Installment - Imported from Excel,2025-09-23 14:55:35.49,5,5
2991,2596,2596,204000,2025-09-23 12:44:53.1,CCA,,First Installment - Imported from Excel,2025-09-23 12:44:53.1,5,2
4497,2596,2596,204000,2025-09-23 13:31:20.973,CCA,,First Installment - Imported from Excel,2025-09-23 13:31:20.974,5,3
6003,2596,2596,204000,2025-09-23 14:41:41.744,CCA,,First Installment - Imported from Excel,2025-09-23 14:41:41.748,5,4
7509,2596,2596,204000,2025-09-23 14:55:35.498,CCA,,First Installment - Imported from Excel,2025-09-23 14:55:35.499,5,5
4498,2598,2598,45000,2025-09-23 13:31:20.978,CCA,,First Installment - Imported from Excel,2025-09-23 13:31:20.979,4,2
6004,2598,2598,45000,2025-09-23 14:41:41.758,CCA,,First Installment - Imported from Excel,2025-09-23 14:41:41.759,4,3
7510,2598,2598,45000,2025-09-23 14:55:35.506,CCA,,First Installment - Imported from Excel,2025-09-23 14:55:35.507,4,4
4499,2598,2598,207000,2025-09-23 13:31:20.979,CCA,,Second Installment - Imported from Excel,2025-09-23 13:31:20.98,4,2
6005,2598,2598,207000,2025-09-23 14:41:41.76,CCA,,Second Installment - Imported from Excel,2025-09-23 14:41:41.761,4,3
7511,2598,2598,207000,2025-09-23 14:55:35.507,CCA,,Second Installment - Imported from Excel,2025-09-23 14:55:35.508,4,4
4500,2599,2599,34000,2025-09-23 13:31:20.984,CCA,,First Installment - Imported from Excel,2025-09-23 13:31:20.985,4,2
6006,2599,2599,34000,2025-09-23 14:41:41.769,CCA,,First Installment - Imported from Excel,2025-09-23 14:41:41.77,4,3
7512,2599,2599,34000,2025-09-23 14:55:35.514,CCA,,First Installment - Imported from Excel,2025-09-23 14:55:35.515,4,4
4501,2599,2599,218000,2025-09-23 13:31:20.985,CCA,,Second Installment - Imported from Excel,2025-09-23 13:31:20.985,4,2
6007,2599,2599,218000,2025-09-23 14:41:41.772,CCA,,Second Installment - Imported from Excel,2025-09-23 14:41:41.773,4,3
7513,2599,2599,218000,2025-09-23 14:55:35.516,CCA,,Second Installment - Imported from Excel,2025-09-23 14:55:35.517,4,4
4502,2601,2601,54000,2025-09-23 13:31:20.989,CCA,,First Installment - Imported from Excel,2025-09-23 13:31:20.989,4,2
6008,2601,2601,54000,2025-09-23 14:41:41.962,CCA,,First Installment - Imported from Excel,2025-09-23 14:41:41.963,4,3
7514,2601,2601,54000,2025-09-23 14:55:35.691,CCA,,First Installment - Imported from Excel,2025-09-23 14:55:35.691,4,4
4503,2601,2601,175000,2025-09-23 13:31:20.99,CCA,,Second Installment - Imported from Excel,2025-09-23 13:31:20.991,4,2
6009,2601,2601,175000,2025-09-23 14:41:41.964,CCA,,Second Installment - Imported from Excel,2025-09-23 14:41:41.965,4,3
7515,2601,2601,175000,2025-09-23 14:55:35.692,CCA,,Second Installment - Imported from Excel,2025-09-23 14:55:35.693,4,4
2998,2602,2602,150000,2025-09-23 12:44:53.133,CCA,,First Installment - Imported from Excel,2025-09-23 12:44:53.134,5,2
4504,2602,2602,150000,2025-09-23 13:31:20.995,CCA,,First Installment - Imported from Excel,2025-09-23 13:31:20.996,5,3
6010,2602,2602,150000,2025-09-23 14:41:41.974,CCA,,First Installment - Imported from Excel,2025-09-23 14:41:41.975,5,4
7516,2602,2602,150000,2025-09-23 14:55:35.698,CCA,,First Installment - Imported from Excel,2025-09-23 14:55:35.699,5,5
2999,2605,2605,100000,2025-09-23 12:44:53.14,CCA,,First Installment - Imported from Excel,2025-09-23 12:44:53.141,5,2
4505,2605,2605,100000,2025-09-23 13:31:21.002,CCA,,First Installment - Imported from Excel,2025-09-23 13:31:21.003,5,3
6011,2605,2605,100000,2025-09-23 14:41:41.982,CCA,,First Installment - Imported from Excel,2025-09-23 14:41:41.983,5,4
7517,2605,2605,100000,2025-09-23 14:55:35.705,CCA,,First Installment - Imported from Excel,2025-09-23 14:55:35.706,5,5
3000,2607,2607,252000,2025-09-23 12:44:53.15,CCA,,First Installment - Imported from Excel,2025-09-23 12:44:53.151,5,2
4506,2607,2607,252000,2025-09-23 13:31:21.008,CCA,,First Installment - Imported from Excel,2025-09-23 13:31:21.009,5,3
6012,2607,2607,252000,2025-09-23 14:41:41.991,CCA,,First Installment - Imported from Excel,2025-09-23 14:41:41.992,5,4
7518,2607,2607,252000,2025-09-23 14:55:35.712,CCA,,First Installment - Imported from Excel,2025-09-23 14:55:35.713,5,5
4507,2608,2608,34000,2025-09-23 13:31:21.014,CCA,,First Installment - Imported from Excel,2025-09-23 13:31:21.014,4,2
6013,2608,2608,34000,2025-09-23 14:41:42.187,CCA,,First Installment - Imported from Excel,2025-09-23 14:41:42.188,4,3
7519,2608,2608,34000,2025-09-23 14:55:35.859,CCA,,First Installment - Imported from Excel,2025-09-23 14:55:35.86,4,4
4508,2608,2608,170000,2025-09-23 13:31:21.015,CCA,,Second Installment - Imported from Excel,2025-09-23 13:31:21.016,4,2
6014,2608,2608,170000,2025-09-23 14:41:42.19,CCA,,Second Installment - Imported from Excel,2025-09-23 14:41:42.191,4,3
7520,2608,2608,170000,2025-09-23 14:55:35.861,CCA,,Second Installment - Imported from Excel,2025-09-23 14:55:35.861,4,4
4509,2609,2609,115000,2025-09-23 13:31:21.022,CCA,,First Installment - Imported from Excel,2025-09-23 13:31:21.023,4,2
6015,2609,2609,115000,2025-09-23 14:41:42.202,CCA,,First Installment - Imported from Excel,2025-09-23 14:41:42.202,4,3
7521,2609,2609,115000,2025-09-23 14:55:35.867,CCA,,First Installment - Imported from Excel,2025-09-23 14:55:35.868,4,4
4510,2610,2610,100000,2025-09-23 13:31:21.029,CCA,,First Installment - Imported from Excel,2025-09-23 13:31:21.03,4,2
6016,2610,2610,100000,2025-09-23 14:41:42.212,CCA,,First Installment - Imported from Excel,2025-09-23 14:41:42.213,4,3
7522,2610,2610,100000,2025-09-23 14:55:35.875,CCA,,First Installment - Imported from Excel,2025-09-23 14:55:35.876,4,4
4511,2610,2610,125000,2025-09-23 13:31:21.031,CCA,,Second Installment - Imported from Excel,2025-09-23 13:31:21.031,4,2
6017,2610,2610,125000,2025-09-23 14:41:42.215,CCA,,Second Installment - Imported from Excel,2025-09-23 14:41:42.216,4,3
7523,2610,2610,125000,2025-09-23 14:55:35.877,CCA,,Second Installment - Imported from Excel,2025-09-23 14:55:35.878,4,4
3006,2611,2611,252000,2025-09-23 12:44:53.185,CCA,,First Installment - Imported from Excel,2025-09-23 12:44:53.186,5,2
4512,2611,2611,252000,2025-09-23 13:31:21.037,CCA,,First Installment - Imported from Excel,2025-09-23 13:31:21.038,5,3
6018,2611,2611,252000,2025-09-23 14:41:42.425,CCA,,First Installment - Imported from Excel,2025-09-23 14:41:42.426,5,4
7524,2611,2611,252000,2025-09-23 14:55:36.037,CCA,,First Installment - Imported from Excel,2025-09-23 14:55:36.037,5,5
3007,2613,2613,34000,2025-09-23 12:44:53.192,CCA,,First Installment - Imported from Excel,2025-09-23 12:44:53.193,5,2
4513,2613,2613,34000,2025-09-23 13:31:21.045,CCA,,First Installment - Imported from Excel,2025-09-23 13:31:21.046,5,3
6019,2613,2613,34000,2025-09-23 14:41:42.439,CCA,,First Installment - Imported from Excel,2025-09-23 14:41:42.44,5,4
7525,2613,2613,34000,2025-09-23 14:55:36.044,CCA,,First Installment - Imported from Excel,2025-09-23 14:55:36.044,5,5
3008,2614,2614,252000,2025-09-23 12:44:53.198,CCA,,First Installment - Imported from Excel,2025-09-23 12:44:53.199,5,2
4514,2614,2614,252000,2025-09-23 13:31:21.052,CCA,,First Installment - Imported from Excel,2025-09-23 13:31:21.053,5,3
6020,2614,2614,252000,2025-09-23 14:41:42.452,CCA,,First Installment - Imported from Excel,2025-09-23 14:41:42.452,5,4
7526,2614,2614,252000,2025-09-23 14:55:36.051,CCA,,First Installment - Imported from Excel,2025-09-23 14:55:36.052,5,5
4515,2617,2617,102000,2025-09-23 13:31:21.06,CCA,,First Installment - Imported from Excel,2025-09-23 13:31:21.061,4,2
6021,2617,2617,102000,2025-09-23 14:41:42.463,CCA,,First Installment - Imported from Excel,2025-09-23 14:41:42.464,4,3
7527,2617,2617,102000,2025-09-23 14:55:36.057,CCA,,First Installment - Imported from Excel,2025-09-23 14:55:36.058,4,4
4516,2617,2617,150000,2025-09-23 13:31:21.062,CCA,,Second Installment - Imported from Excel,2025-09-23 13:31:21.062,4,2
6022,2617,2617,150000,2025-09-23 14:41:42.466,CCA,,Second Installment - Imported from Excel,2025-09-23 14:41:42.467,4,3
7528,2617,2617,150000,2025-09-23 14:55:36.058,CCA,,Second Installment - Imported from Excel,2025-09-23 14:55:36.059,4,4
3011,2620,2620,100000,2025-09-23 12:44:53.213,CCA,,First Installment - Imported from Excel,2025-09-23 12:44:53.213,5,2
4517,2620,2620,100000,2025-09-23 13:31:21.071,CCA,,First Installment - Imported from Excel,2025-09-23 13:31:21.072,5,3
6023,2620,2620,100000,2025-09-23 14:41:42.478,CCA,,First Installment - Imported from Excel,2025-09-23 14:41:42.479,5,4
7529,2620,2620,100000,2025-09-23 14:55:36.065,CCA,,First Installment - Imported from Excel,2025-09-23 14:55:36.066,5,5
3012,2621,2621,34000,2025-09-23 12:44:53.22,CCA,,First Installment - Imported from Excel,2025-09-23 12:44:53.221,5,2
4518,2621,2621,34000,2025-09-23 13:31:21.078,CCA,,First Installment - Imported from Excel,2025-09-23 13:31:21.078,5,3
6024,2621,2621,34000,2025-09-23 14:41:42.487,CCA,,First Installment - Imported from Excel,2025-09-23 14:41:42.488,5,4
7530,2621,2621,34000,2025-09-23 14:55:36.072,CCA,,First Installment - Imported from Excel,2025-09-23 14:55:36.073,5,5
4519,2622,2622,34000,2025-09-23 13:31:21.086,CCA,,First Installment - Imported from Excel,2025-09-23 13:31:21.086,4,2
6025,2622,2622,34000,2025-09-23 14:41:42.496,CCA,,First Installment - Imported from Excel,2025-09-23 14:41:42.496,4,3
7531,2622,2622,34000,2025-09-23 14:55:36.078,CCA,,First Installment - Imported from Excel,2025-09-23 14:55:36.079,4,4
4520,2622,2622,100000,2025-09-23 13:31:21.087,CCA,,Second Installment - Imported from Excel,2025-09-23 13:31:21.088,4,2
6026,2622,2622,100000,2025-09-23 14:41:42.498,CCA,,Second Installment - Imported from Excel,2025-09-23 14:41:42.499,4,3
7532,2622,2622,100000,2025-09-23 14:55:36.08,CCA,,Second Installment - Imported from Excel,2025-09-23 14:55:36.081,4,4
4521,2623,2623,100000,2025-09-23 13:31:21.095,CCA,,First Installment - Imported from Excel,2025-09-23 13:31:21.096,4,2
6027,2623,2623,100000,2025-09-23 14:41:42.506,CCA,,First Installment - Imported from Excel,2025-09-23 14:41:42.507,4,3
7533,2623,2623,100000,2025-09-23 14:55:36.086,CCA,,First Installment - Imported from Excel,2025-09-23 14:55:36.087,4,4
4522,2623,2623,152000,2025-09-23 13:31:21.096,CCA,,Second Installment - Imported from Excel,2025-09-23 13:31:21.097,4,2
6028,2623,2623,152000,2025-09-23 14:41:42.508,CCA,,Second Installment - Imported from Excel,2025-09-23 14:41:42.509,4,3
7534,2623,2623,152000,2025-09-23 14:55:36.087,CCA,,Second Installment - Imported from Excel,2025-09-23 14:55:36.088,4,4
4523,2626,2626,34000,2025-09-23 13:31:21.104,CCA,,First Installment - Imported from Excel,2025-09-23 13:31:21.104,4,2
6029,2626,2626,34000,2025-09-23 14:41:42.52,CCA,,First Installment - Imported from Excel,2025-09-23 14:41:42.521,4,3
7535,2626,2626,34000,2025-09-23 14:55:36.094,CCA,,First Installment - Imported from Excel,2025-09-23 14:55:36.094,4,4
4524,2626,2626,192000,2025-09-23 13:31:21.105,CCA,,Second Installment - Imported from Excel,2025-09-23 13:31:21.106,4,2
6030,2626,2626,192000,2025-09-23 14:41:42.523,CCA,,Second Installment - Imported from Excel,2025-09-23 14:41:42.524,4,3
7536,2626,2626,192000,2025-09-23 14:55:36.095,CCA,,Second Installment - Imported from Excel,2025-09-23 14:55:36.096,4,4
3019,2628,2628,252000,2025-09-23 12:44:53.257,CCA,,First Installment - Imported from Excel,2025-09-23 12:44:53.258,5,2
4525,2628,2628,252000,2025-09-23 13:31:21.112,CCA,,First Installment - Imported from Excel,2025-09-23 13:31:21.113,5,3
6031,2628,2628,252000,2025-09-23 14:41:42.536,CCA,,First Installment - Imported from Excel,2025-09-23 14:41:42.537,5,4
7537,2628,2628,252000,2025-09-23 14:55:36.103,CCA,,First Installment - Imported from Excel,2025-09-23 14:55:36.104,5,5
3020,2629,2629,50000,2025-09-23 12:44:53.265,CCA,,First Installment - Imported from Excel,2025-09-23 12:44:53.266,5,2
4526,2629,2629,50000,2025-09-23 13:31:21.119,CCA,,First Installment - Imported from Excel,2025-09-23 13:31:21.119,5,3
6032,2629,2629,50000,2025-09-23 14:41:42.752,CCA,,First Installment - Imported from Excel,2025-09-23 14:41:42.752,5,4
7538,2629,2629,50000,2025-09-23 14:55:36.267,CCA,,First Installment - Imported from Excel,2025-09-23 14:55:36.268,5,5
3021,2630,2630,252000,2025-09-23 12:44:53.272,CCA,,First Installment - Imported from Excel,2025-09-23 12:44:53.272,5,2
4527,2630,2630,252000,2025-09-23 13:31:21.126,CCA,,First Installment - Imported from Excel,2025-09-23 13:31:21.127,5,3
6033,2630,2630,252000,2025-09-23 14:41:42.767,CCA,,First Installment - Imported from Excel,2025-09-23 14:41:42.768,5,4
7539,2630,2630,252000,2025-09-23 14:55:36.274,CCA,,First Installment - Imported from Excel,2025-09-23 14:55:36.275,5,5
3022,2634,2634,204000,2025-09-23 12:44:53.278,CCA,,First Installment - Imported from Excel,2025-09-23 12:44:53.278,5,2
4528,2634,2634,204000,2025-09-23 13:31:21.133,CCA,,First Installment - Imported from Excel,2025-09-23 13:31:21.133,5,3
6034,2634,2634,204000,2025-09-23 14:41:42.778,CCA,,First Installment - Imported from Excel,2025-09-23 14:41:42.778,5,4
7540,2634,2634,204000,2025-09-23 14:55:36.282,CCA,,First Installment - Imported from Excel,2025-09-23 14:55:36.283,5,5
3023,2635,2635,34000,2025-09-23 12:44:53.284,CCA,,First Installment - Imported from Excel,2025-09-23 12:44:53.285,5,2
4529,2635,2635,34000,2025-09-23 13:31:21.14,CCA,,First Installment - Imported from Excel,2025-09-23 13:31:21.141,5,3
6035,2635,2635,34000,2025-09-23 14:41:42.786,CCA,,First Installment - Imported from Excel,2025-09-23 14:41:42.787,5,4
7541,2635,2635,34000,2025-09-23 14:55:36.294,CCA,,First Installment - Imported from Excel,2025-09-23 14:55:36.295,5,5
3024,2636,2636,100000,2025-09-23 12:44:53.296,CCA,,First Installment - Imported from Excel,2025-09-23 12:44:53.297,5,2
4530,2636,2636,100000,2025-09-23 13:31:21.146,CCA,,First Installment - Imported from Excel,2025-09-23 13:31:21.147,5,3
6036,2636,2636,100000,2025-09-23 14:41:42.961,CCA,,First Installment - Imported from Excel,2025-09-23 14:41:42.962,5,4
7542,2636,2636,100000,2025-09-23 14:55:36.481,CCA,,First Installment - Imported from Excel,2025-09-23 14:55:36.482,5,5
3026,2637,2637,100000,2025-09-23 12:44:53.306,CCA,,Second Installment - Imported from Excel,2025-09-23 12:44:53.307,8,2
4531,2637,2637,100000,2025-09-23 13:31:21.153,CCA,,First Installment - Imported from Excel,2025-09-23 13:31:21.154,8,3
4532,2637,2637,100000,2025-09-23 13:31:21.154,CCA,,Second Installment - Imported from Excel,2025-09-23 13:31:21.155,8,4
6037,2637,2637,100000,2025-09-23 14:41:42.975,CCA,,First Installment - Imported from Excel,2025-09-23 14:41:42.975,8,5
6038,2637,2637,100000,2025-09-23 14:41:42.978,CCA,,Second Installment - Imported from Excel,2025-09-23 14:41:42.978,8,6
7543,2637,2637,100000,2025-09-23 14:55:36.488,CCA,,First Installment - Imported from Excel,2025-09-23 14:55:36.489,8,7
7544,2637,2637,100000,2025-09-23 14:55:36.49,CCA,,Second Installment - Imported from Excel,2025-09-23 14:55:36.49,8,8
3028,2639,2639,100000,2025-09-23 12:44:53.316,CCA,,Second Installment - Imported from Excel,2025-09-23 12:44:53.317,8,2
4533,2639,2639,100000,2025-09-23 13:31:21.16,CCA,,First Installment - Imported from Excel,2025-09-23 13:31:21.161,8,3
4534,2639,2639,100000,2025-09-23 13:31:21.161,CCA,,Second Installment - Imported from Excel,2025-09-23 13:31:21.162,8,4
6039,2639,2639,100000,2025-09-23 14:41:42.989,CCA,,First Installment - Imported from Excel,2025-09-23 14:41:42.99,8,5
6040,2639,2639,100000,2025-09-23 14:41:42.991,CCA,,Second Installment - Imported from Excel,2025-09-23 14:41:42.992,8,6
7545,2639,2639,100000,2025-09-23 14:55:36.498,CCA,,First Installment - Imported from Excel,2025-09-23 14:55:36.499,8,7
7546,2639,2639,100000,2025-09-23 14:55:36.5,CCA,,Second Installment - Imported from Excel,2025-09-23 14:55:36.501,8,8
4535,2640,2640,34000,2025-09-23 13:31:21.167,CCA,,First Installment - Imported from Excel,2025-09-23 13:31:21.168,4,2
6041,2640,2640,34000,2025-09-23 14:41:43.01,CCA,,First Installment - Imported from Excel,2025-09-23 14:41:43.011,4,3
7547,2640,2640,34000,2025-09-23 14:55:36.509,CCA,,First Installment - Imported from Excel,2025-09-23 14:55:36.509,4,4
4536,2640,2640,150000,2025-09-23 13:31:21.169,CCA,,Second Installment - Imported from Excel,2025-09-23 13:31:21.169,4,2
6042,2640,2640,150000,2025-09-23 14:41:43.013,CCA,,Second Installment - Imported from Excel,2025-09-23 14:41:43.014,4,3
7548,2640,2640,150000,2025-09-23 14:55:36.51,CCA,,Second Installment - Imported from Excel,2025-09-23 14:55:36.511,4,4
3031,2642,2642,100000,2025-09-23 12:44:53.334,CCA,,First Installment - Imported from Excel,2025-09-23 12:44:53.335,6,2
4537,2642,2642,100000,2025-09-23 13:31:21.177,CCA,,First Installment - Imported from Excel,2025-09-23 13:31:21.178,6,3
6043,2642,2642,100000,2025-09-23 14:41:43.026,CCA,,First Installment - Imported from Excel,2025-09-23 14:41:43.026,6,4
7549,2642,2642,100000,2025-09-23 14:55:36.517,CCA,,First Installment - Imported from Excel,2025-09-23 14:55:36.518,6,5
7647,2642,2642,100000,2025-09-23 00:00:00,CCA,RCP1758645213215,,2025-09-23 16:33:33.652,6,6
3032,2644,2644,252000,2025-09-23 12:44:53.343,CCA,,First Installment - Imported from Excel,2025-09-23 12:44:53.344,5,2
4538,2644,2644,252000,2025-09-23 13:31:21.184,CCA,,First Installment - Imported from Excel,2025-09-23 13:31:21.185,5,3
6044,2644,2644,252000,2025-09-23 14:41:43.041,CCA,,First Installment - Imported from Excel,2025-09-23 14:41:43.041,5,4
7550,2644,2644,252000,2025-09-23 14:55:36.525,CCA,,First Installment - Imported from Excel,2025-09-23 14:55:36.526,5,5
3033,2645,2645,150000,2025-09-23 12:44:53.353,CCA,,First Installment - Imported from Excel,2025-09-23 12:44:53.353,5,2
4539,2645,2645,150000,2025-09-23 13:31:21.192,CCA,,First Installment - Imported from Excel,2025-09-23 13:31:21.192,5,3
6045,2645,2645,150000,2025-09-23 14:41:43.055,CCA,,First Installment - Imported from Excel,2025-09-23 14:41:43.056,5,4
7551,2645,2645,150000,2025-09-23 14:55:36.531,CCA,,First Installment - Imported from Excel,2025-09-23 14:55:36.532,5,5
3034,2647,2647,100000,2025-09-23 12:44:53.36,CCA,,First Installment - Imported from Excel,2025-09-23 12:44:53.361,5,2
4540,2647,2647,100000,2025-09-23 13:31:21.199,CCA,,First Installment - Imported from Excel,2025-09-23 13:31:21.2,5,3
6046,2647,2647,100000,2025-09-23 14:41:43.268,CCA,,First Installment - Imported from Excel,2025-09-23 14:41:43.269,5,4
7552,2647,2647,100000,2025-09-23 14:55:36.7,CCA,,First Installment - Imported from Excel,2025-09-23 14:55:36.701,5,5
3035,2648,2648,34000,2025-09-23 12:44:53.368,CCA,,First Installment - Imported from Excel,2025-09-23 12:44:53.369,5,2
4541,2648,2648,34000,2025-09-23 13:31:21.207,CCA,,First Installment - Imported from Excel,2025-09-23 13:31:21.207,5,3
6047,2648,2648,34000,2025-09-23 14:41:43.281,CCA,,First Installment - Imported from Excel,2025-09-23 14:41:43.281,5,4
7553,2648,2648,34000,2025-09-23 14:55:36.709,CCA,,First Installment - Imported from Excel,2025-09-23 14:55:36.709,5,5
4542,2652,2652,134000,2025-09-23 13:31:21.214,CCA,,First Installment - Imported from Excel,2025-09-23 13:31:21.215,4,2
6048,2652,2652,134000,2025-09-23 14:41:43.292,CCA,,First Installment - Imported from Excel,2025-09-23 14:41:43.293,4,3
7554,2652,2652,134000,2025-09-23 14:55:36.717,CCA,,First Installment - Imported from Excel,2025-09-23 14:55:36.718,4,4
3037,2654,2654,25000,2025-09-23 12:44:53.383,CCA,,First Installment - Imported from Excel,2025-09-23 12:44:53.384,5,2
4543,2654,2654,25000,2025-09-23 13:31:21.222,CCA,,First Installment - Imported from Excel,2025-09-23 13:31:21.223,5,3
6049,2654,2654,25000,2025-09-23 14:41:43.308,CCA,,First Installment - Imported from Excel,2025-09-23 14:41:43.308,5,4
7555,2654,2654,25000,2025-09-23 14:55:36.727,CCA,,First Installment - Imported from Excel,2025-09-23 14:55:36.728,5,5
3038,2656,2656,252000,2025-09-23 12:44:53.391,CCA,,First Installment - Imported from Excel,2025-09-23 12:44:53.392,5,2
4544,2656,2656,252000,2025-09-23 13:31:21.229,CCA,,First Installment - Imported from Excel,2025-09-23 13:31:21.229,5,3
6050,2656,2656,252000,2025-09-23 14:41:43.327,CCA,,First Installment - Imported from Excel,2025-09-23 14:41:43.328,5,4
7556,2656,2656,252000,2025-09-23 14:55:36.737,CCA,,First Installment - Imported from Excel,2025-09-23 14:55:36.738,5,5
3039,2661,2661,34000,2025-09-23 12:44:53.398,CCA,,First Installment - Imported from Excel,2025-09-23 12:44:53.399,5,2
4545,2661,2661,34000,2025-09-23 13:31:21.235,CCA,,First Installment - Imported from Excel,2025-09-23 13:31:21.236,5,3
6051,2661,2661,34000,2025-09-23 14:41:43.34,CCA,,First Installment - Imported from Excel,2025-09-23 14:41:43.341,5,4
7557,2661,2661,34000,2025-09-23 14:55:36.745,CCA,,First Installment - Imported from Excel,2025-09-23 14:55:36.746,5,5
4546,2662,2662,34000,2025-09-23 13:31:21.242,CCA,,First Installment - Imported from Excel,2025-09-23 13:31:21.242,4,2
6052,2662,2662,34000,2025-09-23 14:41:43.352,CCA,,First Installment - Imported from Excel,2025-09-23 14:41:43.353,4,3
7558,2662,2662,34000,2025-09-23 14:55:36.756,CCA,,First Installment - Imported from Excel,2025-09-23 14:55:36.757,4,4
3041,2663,2663,204000,2025-09-23 12:44:53.414,CCA,,First Installment - Imported from Excel,2025-09-23 12:44:53.414,5,2
4547,2663,2663,204000,2025-09-23 13:31:21.247,CCA,,First Installment - Imported from Excel,2025-09-23 13:31:21.248,5,3
6053,2663,2663,204000,2025-09-23 14:41:43.554,CCA,,First Installment - Imported from Excel,2025-09-23 14:41:43.554,5,4
7559,2663,2663,204000,2025-09-23 14:55:36.928,CCA,,First Installment - Imported from Excel,2025-09-23 14:55:36.928,5,5
3042,2664,2664,34000,2025-09-23 12:44:53.425,CCA,,First Installment - Imported from Excel,2025-09-23 12:44:53.426,5,2
4548,2664,2664,34000,2025-09-23 13:31:21.254,CCA,,First Installment - Imported from Excel,2025-09-23 13:31:21.254,5,3
6054,2664,2664,34000,2025-09-23 14:41:43.565,CCA,,First Installment - Imported from Excel,2025-09-23 14:41:43.566,5,4
7560,2664,2664,34000,2025-09-23 14:55:36.934,CCA,,First Installment - Imported from Excel,2025-09-23 14:55:36.935,5,5
3043,2665,2665,190000,2025-09-23 12:44:53.436,CCA,,First Installment - Imported from Excel,2025-09-23 12:44:53.437,5,2
4549,2665,2665,190000,2025-09-23 13:31:21.26,CCA,,First Installment - Imported from Excel,2025-09-23 13:31:21.261,5,3
6055,2665,2665,190000,2025-09-23 14:41:43.771,CCA,,First Installment - Imported from Excel,2025-09-23 14:41:43.772,5,4
7561,2665,2665,190000,2025-09-23 14:55:37.088,CCA,,First Installment - Imported from Excel,2025-09-23 14:55:37.089,5,5
4550,2667,2667,76000,2025-09-23 13:31:21.266,CCA,,First Installment - Imported from Excel,2025-09-23 13:31:21.267,4,2
6056,2667,2667,76000,2025-09-23 14:41:43.779,CCA,,First Installment - Imported from Excel,2025-09-23 14:41:43.779,4,3
7562,2667,2667,76000,2025-09-23 14:55:37.095,CCA,,First Installment - Imported from Excel,2025-09-23 14:55:37.096,4,4
3045,2668,2668,130000,2025-09-23 12:44:53.458,CCA,,First Installment - Imported from Excel,2025-09-23 12:44:53.459,5,2
4551,2668,2668,130000,2025-09-23 13:31:21.272,CCA,,First Installment - Imported from Excel,2025-09-23 13:31:21.273,5,3
6057,2668,2668,130000,2025-09-23 14:41:43.98,CCA,,First Installment - Imported from Excel,2025-09-23 14:41:43.981,5,4
7563,2668,2668,130000,2025-09-23 14:55:37.292,CCA,,First Installment - Imported from Excel,2025-09-23 14:55:37.293,5,5
3046,2669,2669,252000,2025-09-23 12:44:53.468,CCA,,First Installment - Imported from Excel,2025-09-23 12:44:53.469,5,2
4552,2669,2669,252000,2025-09-23 13:31:21.278,CCA,,First Installment - Imported from Excel,2025-09-23 13:31:21.279,5,3
6058,2669,2669,252000,2025-09-23 14:41:43.994,CCA,,First Installment - Imported from Excel,2025-09-23 14:41:43.995,5,4
7564,2669,2669,252000,2025-09-23 14:55:37.3,CCA,,First Installment - Imported from Excel,2025-09-23 14:55:37.3,5,5
3047,2671,2671,252000,2025-09-23 12:44:53.479,CCA,,First Installment - Imported from Excel,2025-09-23 12:44:53.479,5,2
4553,2671,2671,252000,2025-09-23 13:31:21.286,CCA,,First Installment - Imported from Excel,2025-09-23 13:31:21.286,5,3
6059,2671,2671,252000,2025-09-23 14:41:44.204,CCA,,First Installment - Imported from Excel,2025-09-23 14:41:44.205,5,4
7565,2671,2671,252000,2025-09-23 14:55:37.459,CCA,,First Installment - Imported from Excel,2025-09-23 14:55:37.459,5,5
3048,2676,2676,100000,2025-09-23 12:44:53.486,CCA,,First Installment - Imported from Excel,2025-09-23 12:44:53.486,5,2
4554,2676,2676,100000,2025-09-23 13:31:21.293,CCA,,First Installment - Imported from Excel,2025-09-23 13:31:21.294,5,3
6060,2676,2676,100000,2025-09-23 14:41:44.218,CCA,,First Installment - Imported from Excel,2025-09-23 14:41:44.219,5,4
7566,2676,2676,100000,2025-09-23 14:55:37.467,CCA,,First Installment - Imported from Excel,2025-09-23 14:55:37.468,5,5
3049,2677,2677,252000,2025-09-23 12:44:53.492,CCA,,First Installment - Imported from Excel,2025-09-23 12:44:53.493,5,2
4555,2677,2677,252000,2025-09-23 13:31:21.3,CCA,,First Installment - Imported from Excel,2025-09-23 13:31:21.301,5,3
6061,2677,2677,252000,2025-09-23 14:41:44.233,CCA,,First Installment - Imported from Excel,2025-09-23 14:41:44.234,5,4
7567,2677,2677,252000,2025-09-23 14:55:37.474,CCA,,First Installment - Imported from Excel,2025-09-23 14:55:37.475,5,5
3050,2679,2679,34000,2025-09-23 12:44:53.5,CCA,,First Installment - Imported from Excel,2025-09-23 12:44:53.5,5,2
4556,2679,2679,34000,2025-09-23 13:31:21.306,CCA,,First Installment - Imported from Excel,2025-09-23 13:31:21.307,5,3
6062,2679,2679,34000,2025-09-23 14:41:44.462,CCA,,First Installment - Imported from Excel,2025-09-23 14:41:44.463,5,4
7568,2679,2679,34000,2025-09-23 14:55:37.639,CCA,,First Installment - Imported from Excel,2025-09-23 14:55:37.639,5,5
3051,2682,2682,35000,2025-09-23 12:44:53.506,CCA,,First Installment - Imported from Excel,2025-09-23 12:44:53.507,5,2
4557,2682,2682,35000,2025-09-23 13:31:21.312,CCA,,First Installment - Imported from Excel,2025-09-23 13:31:21.313,5,3
6063,2682,2682,35000,2025-09-23 14:41:44.486,CCA,,First Installment - Imported from Excel,2025-09-23 14:41:44.488,5,4
7569,2682,2682,35000,2025-09-23 14:55:37.649,CCA,,First Installment - Imported from Excel,2025-09-23 14:55:37.649,5,5
3052,2683,2683,34000,2025-09-23 12:44:53.516,CCA,,First Installment - Imported from Excel,2025-09-23 12:44:53.517,5,2
4558,2683,2683,34000,2025-09-23 13:31:21.322,CCA,,First Installment - Imported from Excel,2025-09-23 13:31:21.323,5,3
6064,2683,2683,34000,2025-09-23 14:41:44.504,CCA,,First Installment - Imported from Excel,2025-09-23 14:41:44.504,5,4
7570,2683,2683,34000,2025-09-23 14:55:37.658,CCA,,First Installment - Imported from Excel,2025-09-23 14:55:37.658,5,5
4559,2684,2684,34000,2025-09-23 13:31:21.328,CCA,,First Installment - Imported from Excel,2025-09-23 13:31:21.328,4,2
6065,2684,2684,34000,2025-09-23 14:41:44.516,CCA,,First Installment - Imported from Excel,2025-09-23 14:41:44.516,4,3
7571,2684,2684,34000,2025-09-23 14:55:37.667,CCA,,First Installment - Imported from Excel,2025-09-23 14:55:37.667,4,4
3130,3334,3334,80000,2025-09-23 13:31:12.201,CCA,,First Installment - Imported from Excel,2025-09-23 13:31:12.202,4,2
4636,3334,3334,80000,2025-09-23 14:40:56.921,CCA,,First Installment - Imported from Excel,2025-09-23 14:40:56.922,4,3
6142,3334,3334,80000,2025-09-23 14:54:52.519,CCA,,First Installment - Imported from Excel,2025-09-23 14:54:52.52,4,4
3133,3335,3335,175000,2025-09-23 13:31:12.217,CCA,,First Installment - Imported from Excel,2025-09-23 13:31:12.218,4,2
4639,3335,3335,175000,2025-09-23 14:40:56.939,CCA,,First Installment - Imported from Excel,2025-09-23 14:40:56.94,4,3
6145,3335,3335,175000,2025-09-23 14:54:52.542,CCA,,First Installment - Imported from Excel,2025-09-23 14:54:52.543,4,4
3476,3336,3336,25000,2025-09-23 13:31:14.415,CCA,,First Installment - Imported from Excel,2025-09-23 13:31:14.416,4,2
4982,3336,3336,25000,2025-09-23 14:40:59.574,CCA,,First Installment - Imported from Excel,2025-09-23 14:40:59.574,4,3
6488,3336,3336,25000,2025-09-23 14:54:55.556,CCA,,First Installment - Imported from Excel,2025-09-23 14:54:55.557,4,4
3484,3337,3337,25000,2025-09-23 13:31:14.456,CCA,,First Installment - Imported from Excel,2025-09-23 13:31:14.456,4,2
4990,3337,3337,25000,2025-09-23 14:40:59.617,CCA,,First Installment - Imported from Excel,2025-09-23 14:40:59.618,4,3
6496,3337,3337,25000,2025-09-23 14:54:55.603,CCA,,First Installment - Imported from Excel,2025-09-23 14:54:55.604,4,4
3990,3338,3338,7000,2025-09-23 13:31:17.1,CCA,,First Installment - Imported from Excel,2025-09-23 13:31:17.1,4,2
5496,3338,3338,7000,2025-09-23 14:41:23.746,CCA,,First Installment - Imported from Excel,2025-09-23 14:41:23.747,4,3
7002,3338,3338,7000,2025-09-23 14:55:18.927,CCA,,First Installment - Imported from Excel,2025-09-23 14:55:18.928,4,4
3991,3338,3338,90000,2025-09-23 13:31:17.103,CCA,,Second Installment - Imported from Excel,2025-09-23 13:31:17.104,4,2
5497,3338,3338,90000,2025-09-23 14:41:23.747,CCA,,Second Installment - Imported from Excel,2025-09-23 14:41:23.748,4,3
7003,3338,3338,90000,2025-09-23 14:55:18.929,CCA,,Second Installment - Imported from Excel,2025-09-23 14:55:18.929,4,4
4099,3339,3339,100000,2025-09-23 13:31:17.859,CCA,,First Installment - Imported from Excel,2025-09-23 13:31:17.86,4,2
5605,3339,3339,100000,2025-09-23 14:41:27.759,CCA,,First Installment - Imported from Excel,2025-09-23 14:41:27.76,4,3
7111,3339,3339,100000,2025-09-23 14:55:22.73,CCA,,First Installment - Imported from Excel,2025-09-23 14:55:22.731,4,4
4106,3340,3340,15000,2025-09-23 13:31:17.897,CCA,,First Installment - Imported from Excel,2025-09-23 13:31:17.898,4,2
5612,3340,3340,15000,2025-09-23 14:41:27.807,CCA,,First Installment - Imported from Excel,2025-09-23 14:41:27.807,4,3
7118,3340,3340,15000,2025-09-23 14:55:22.77,CCA,,First Installment - Imported from Excel,2025-09-23 14:55:22.771,4,4
4114,3341,3341,15000,2025-09-23 13:31:17.951,CCA,,First Installment - Imported from Excel,2025-09-23 13:31:17.952,4,2
5620,3341,3341,15000,2025-09-23 14:41:27.863,CCA,,First Installment - Imported from Excel,2025-09-23 14:41:27.863,4,3
7126,3341,3341,15000,2025-09-23 14:55:22.82,CCA,,First Installment - Imported from Excel,2025-09-23 14:55:22.821,4,4
4115,3341,3341,160000,2025-09-23 13:31:17.953,CCA,,Second Installment - Imported from Excel,2025-09-23 13:31:17.953,4,2
5621,3341,3341,160000,2025-09-23 14:41:27.864,CCA,,Second Installment - Imported from Excel,2025-09-23 14:41:27.865,4,3
7127,3341,3341,160000,2025-09-23 14:55:22.822,CCA,,Second Installment - Imported from Excel,2025-09-23 14:55:22.822,4,4
4121,3342,3342,100000,2025-09-23 13:31:17.983,CCA,,First Installment - Imported from Excel,2025-09-23 13:31:17.983,4,2
5627,3342,3342,100000,2025-09-23 14:41:27.895,CCA,,First Installment - Imported from Excel,2025-09-23 14:41:27.896,4,3
7133,3342,3342,100000,2025-09-23 14:55:22.849,CCA,,First Installment - Imported from Excel,2025-09-23 14:55:22.85,4,4
4433,3343,3343,182000,2025-09-23 13:31:20.137,CCA,,First Installment - Imported from Excel,2025-09-23 13:31:20.138,4,2
5939,3343,3343,182000,2025-09-23 14:41:40.544,CCA,,First Installment - Imported from Excel,2025-09-23 14:41:40.545,4,3
7445,3343,3343,182000,2025-09-23 14:55:34.422,CCA,,First Installment - Imported from Excel,2025-09-23 14:55:34.423,4,4
4485,3344,3344,80000,2025-09-23 13:31:20.908,CCA,,First Installment - Imported from Excel,2025-09-23 13:31:20.909,4,2
5991,3344,3344,80000,2025-09-23 14:41:41.477,CCA,,First Installment - Imported from Excel,2025-09-23 14:41:41.478,4,3
7497,3344,3344,80000,2025-09-23 14:55:35.24,CCA,,First Installment - Imported from Excel,2025-09-23 14:55:35.241,4,4
6429,5430,5430,40000,2025-09-23 14:54:54.536,CCA,,Third Installment - Imported from Excel,2025-09-23 14:54:54.536,2,2
